AREA,Latency,FU,REG,MUX,DEC,Pin_Pair,Net,MISC,CP_delay,BlockMemoryBit,DSP,FU_ratio,ARRAY_1,LOOP_1,LOOP_2,FUNC_1,Attributes
2981,33,339,1962,630,25,4668,2073,25,2.43,-,-,0,array=REG,unroll_times=0,unroll_times=0,func=inline,ARRAY_1~array=REG;LOOP_1~unroll_times=0;LOOP_2~unroll_times=0;FUNC_1~func=inline
2981,33,339,1962,630,25,4668,2073,25,2.43,-,-,-50,array=REG,unroll_times=0,unroll_times=0,func=inline,ARRAY_1~array=REG;LOOP_1~unroll_times=0;LOOP_2~unroll_times=0;FUNC_1~func=inline
2981,33,339,1962,630,25,4668,2073,25,2.43,-,-,-100,array=REG,unroll_times=0,unroll_times=0,func=inline,ARRAY_1~array=REG;LOOP_1~unroll_times=0;LOOP_2~unroll_times=0;FUNC_1~func=inline
4067,33,572,2292,1131,25,7171,3004,47,4.1334,-,-,0,array=REG,unroll_times=0,unroll_times=8,func=inline,ARRAY_1~array=REG;LOOP_1~unroll_times=0;LOOP_2~unroll_times=8;FUNC_1~func=inline
4067,33,572,2292,1131,25,7171,3004,47,4.1334,-,-,-50,array=REG,unroll_times=0,unroll_times=8,func=inline,ARRAY_1~array=REG;LOOP_1~unroll_times=0;LOOP_2~unroll_times=8;FUNC_1~func=inline
4067,33,572,2292,1131,25,7171,3004,47,4.1334,-,-,-100,array=REG,unroll_times=0,unroll_times=8,func=inline,ARRAY_1~array=REG;LOOP_1~unroll_times=0;LOOP_2~unroll_times=8;FUNC_1~func=inline
4761,17,2091,1956,666,25,8381,3956,23,4.11,-,-,0,array=REG,unroll_times=0,unroll_times=16,func=inline,ARRAY_1~array=REG;LOOP_1~unroll_times=0;LOOP_2~unroll_times=16;FUNC_1~func=inline
4392,18,1473,2070,800,25,7794,3569,24,3.7634,-,-,-50,array=REG,unroll_times=0,unroll_times=16,func=inline,ARRAY_1~array=REG;LOOP_1~unroll_times=0;LOOP_2~unroll_times=16;FUNC_1~func=inline
3863,36,525,2262,1009,25,6930,2926,42,3.6134,-,-,-100,array=REG,unroll_times=0,unroll_times=16,func=inline,ARRAY_1~array=REG;LOOP_1~unroll_times=0;LOOP_2~unroll_times=16;FUNC_1~func=inline
2981,33,339,1962,630,25,4668,2073,25,2.43,-,-,0,array=REG,unroll_times=0,folding=0,func=inline,ARRAY_1~array=REG;LOOP_1~unroll_times=0;LOOP_2~folding=0;FUNC_1~func=inline
2981,33,339,1962,630,25,4668,2073,25,2.43,-,-,-50,array=REG,unroll_times=0,folding=0,func=inline,ARRAY_1~array=REG;LOOP_1~unroll_times=0;LOOP_2~folding=0;FUNC_1~func=inline
2981,33,339,1962,630,25,4668,2073,25,2.43,-,-,-100,array=REG,unroll_times=0,folding=0,func=inline,ARRAY_1~array=REG;LOOP_1~unroll_times=0;LOOP_2~folding=0;FUNC_1~func=inline
2879,34,339,1872,617,25,4551,2021,26,1.73,-,-,0,array=REG,unroll_times=0,folding=1,func=inline,ARRAY_1~array=REG;LOOP_1~unroll_times=0;LOOP_2~folding=1;FUNC_1~func=inline
2879,34,339,1872,617,25,4551,2021,26,1.73,-,-,-50,array=REG,unroll_times=0,folding=1,func=inline,ARRAY_1~array=REG;LOOP_1~unroll_times=0;LOOP_2~folding=1;FUNC_1~func=inline
2879,34,339,1872,617,25,4551,2021,26,1.73,-,-,-100,array=REG,unroll_times=0,folding=1,func=inline,ARRAY_1~array=REG;LOOP_1~unroll_times=0;LOOP_2~folding=1;FUNC_1~func=inline
3145,32,384,1998,698,25,5148,2292,40,2.79,-,-,0,array=REG,unroll_times=7,unroll_times=0,func=inline,ARRAY_1~array=REG;LOOP_1~unroll_times=7;LOOP_2~unroll_times=0;FUNC_1~func=inline
3145,32,384,1998,698,25,5148,2292,40,2.79,-,-,-50,array=REG,unroll_times=7,unroll_times=0,func=inline,ARRAY_1~array=REG;LOOP_1~unroll_times=7;LOOP_2~unroll_times=0;FUNC_1~func=inline
3145,32,384,1998,698,25,5148,2292,40,2.79,-,-,-100,array=REG,unroll_times=7,unroll_times=0,func=inline,ARRAY_1~array=REG;LOOP_1~unroll_times=7;LOOP_2~unroll_times=0;FUNC_1~func=inline
3873,32,604,2298,876,25,6733,2988,70,4.3984,-,-,0,array=REG,unroll_times=7,unroll_times=8,func=inline,ARRAY_1~array=REG;LOOP_1~unroll_times=7;LOOP_2~unroll_times=8;FUNC_1~func=inline
3873,32,604,2298,876,25,6733,2988,70,4.3984,-,-,-50,array=REG,unroll_times=7,unroll_times=8,func=inline,ARRAY_1~array=REG;LOOP_1~unroll_times=7;LOOP_2~unroll_times=8;FUNC_1~func=inline
3873,32,604,2298,876,25,6733,2988,70,4.3984,-,-,-100,array=REG,unroll_times=7,unroll_times=8,func=inline,ARRAY_1~array=REG;LOOP_1~unroll_times=7;LOOP_2~unroll_times=8;FUNC_1~func=inline
4915,16,2139,1992,722,25,8851,4176,37,3.99,-,-,0,array=REG,unroll_times=7,unroll_times=16,func=inline,ARRAY_1~array=REG;LOOP_1~unroll_times=7;LOOP_2~unroll_times=16;FUNC_1~func=inline
4555,17,1521,2082,889,25,8361,3813,38,3.8134,-,-,-50,array=REG,unroll_times=7,unroll_times=16,func=inline,ARRAY_1~array=REG;LOOP_1~unroll_times=7;LOOP_2~unroll_times=16;FUNC_1~func=inline
3935,21,582,2214,1058,25,7318,3107,56,3.4534,-,-,-100,array=REG,unroll_times=7,unroll_times=16,func=inline,ARRAY_1~array=REG;LOOP_1~unroll_times=7;LOOP_2~unroll_times=16;FUNC_1~func=inline
3145,32,384,1998,698,25,5148,2292,40,2.79,-,-,0,array=REG,unroll_times=7,folding=0,func=inline,ARRAY_1~array=REG;LOOP_1~unroll_times=7;LOOP_2~folding=0;FUNC_1~func=inline
3145,32,384,1998,698,25,5148,2292,40,2.79,-,-,-50,array=REG,unroll_times=7,folding=0,func=inline,ARRAY_1~array=REG;LOOP_1~unroll_times=7;LOOP_2~folding=0;FUNC_1~func=inline
3145,32,384,1998,698,25,5148,2292,40,2.79,-,-,-100,array=REG,unroll_times=7,folding=0,func=inline,ARRAY_1~array=REG;LOOP_1~unroll_times=7;LOOP_2~folding=0;FUNC_1~func=inline
3034,33,384,1902,680,25,5013,2234,43,2.085,-,-,0,array=REG,unroll_times=7,folding=1,func=inline,ARRAY_1~array=REG;LOOP_1~unroll_times=7;LOOP_2~folding=1;FUNC_1~func=inline
3034,33,384,1902,680,25,5013,2234,43,2.085,-,-,-50,array=REG,unroll_times=7,folding=1,func=inline,ARRAY_1~array=REG;LOOP_1~unroll_times=7;LOOP_2~folding=1;FUNC_1~func=inline
3034,33,384,1902,680,25,5013,2234,43,2.085,-,-,-100,array=REG,unroll_times=7,folding=1,func=inline,ARRAY_1~array=REG;LOOP_1~unroll_times=7;LOOP_2~folding=1;FUNC_1~func=inline
2755,17,318,1854,580,0,4206,1854,3,2.21,-,-,0,array=REG,unroll_times=8,unroll_times=0,func=inline,ARRAY_1~array=REG;LOOP_1~unroll_times=8;LOOP_2~unroll_times=0;FUNC_1~func=inline
2755,17,318,1854,580,0,4206,1854,3,2.21,-,-,-50,array=REG,unroll_times=8,unroll_times=0,func=inline,ARRAY_1~array=REG;LOOP_1~unroll_times=8;LOOP_2~unroll_times=0;FUNC_1~func=inline
2755,17,318,1854,580,0,4206,1854,3,2.21,-,-,-100,array=REG,unroll_times=8,unroll_times=0,func=inline,ARRAY_1~array=REG;LOOP_1~unroll_times=8;LOOP_2~unroll_times=0;FUNC_1~func=inline
3947,17,551,2292,1077,0,6842,2862,27,4.1284,-,-,0,array=REG,unroll_times=8,unroll_times=8,func=inline,ARRAY_1~array=REG;LOOP_1~unroll_times=8;LOOP_2~unroll_times=8;FUNC_1~func=inline
3947,17,551,2292,1077,0,6842,2862,27,4.1284,-,-,-50,array=REG,unroll_times=8,unroll_times=8,func=inline,ARRAY_1~array=REG;LOOP_1~unroll_times=8;LOOP_2~unroll_times=8;FUNC_1~func=inline
3947,17,551,2292,1077,0,6842,2862,27,4.1284,-,-,-100,array=REG,unroll_times=8,unroll_times=8,func=inline,ARRAY_1~array=REG;LOOP_1~unroll_times=8;LOOP_2~unroll_times=8;FUNC_1~func=inline
4011,1,2281,1728,0,0,5889,3072,2,4.24,-,-,0,array=REG,unroll_times=8,unroll_times=16,func=inline,ARRAY_1~array=REG;LOOP_1~unroll_times=8;LOOP_2~unroll_times=16;FUNC_1~func=inline
3884,2,1455,1944,483,0,6594,3122,2,3.7134,-,-,-50,array=REG,unroll_times=8,unroll_times=16,func=inline,ARRAY_1~array=REG;LOOP_1~unroll_times=8;LOOP_2~unroll_times=16;FUNC_1~func=inline
3460,6,522,2166,757,0,5873,2521,15,3.4484,-,-,-100,array=REG,unroll_times=8,unroll_times=16,func=inline,ARRAY_1~array=REG;LOOP_1~unroll_times=8;LOOP_2~unroll_times=16;FUNC_1~func=inline
2755,17,318,1854,580,0,4206,1854,3,2.21,-,-,0,array=REG,unroll_times=8,folding=0,func=inline,ARRAY_1~array=REG;LOOP_1~unroll_times=8;LOOP_2~folding=0;FUNC_1~func=inline
2755,17,318,1854,580,0,4206,1854,3,2.21,-,-,-50,array=REG,unroll_times=8,folding=0,func=inline,ARRAY_1~array=REG;LOOP_1~unroll_times=8;LOOP_2~folding=0;FUNC_1~func=inline
2755,17,318,1854,580,0,4206,1854,3,2.21,-,-,-100,array=REG,unroll_times=8,folding=0,func=inline,ARRAY_1~array=REG;LOOP_1~unroll_times=8;LOOP_2~folding=0;FUNC_1~func=inline
2771,18,318,1866,581,0,4234,1870,6,1.51,-,-,0,array=REG,unroll_times=8,folding=1,func=inline,ARRAY_1~array=REG;LOOP_1~unroll_times=8;LOOP_2~folding=1;FUNC_1~func=inline
2771,18,318,1866,581,0,4234,1870,6,1.51,-,-,-50,array=REG,unroll_times=8,folding=1,func=inline,ARRAY_1~array=REG;LOOP_1~unroll_times=8;LOOP_2~folding=1;FUNC_1~func=inline
2771,18,318,1866,581,0,4234,1870,6,1.51,-,-,-100,array=REG,unroll_times=8,folding=1,func=inline,ARRAY_1~array=REG;LOOP_1~unroll_times=8;LOOP_2~folding=1;FUNC_1~func=inline
2755,17,318,1854,580,0,4206,1854,3,2.21,-,-,0,array=REG,unroll_times=15,unroll_times=0,func=inline,ARRAY_1~array=REG;LOOP_1~unroll_times=15;LOOP_2~unroll_times=0;FUNC_1~func=inline
2755,17,318,1854,580,0,4206,1854,3,2.21,-,-,-50,array=REG,unroll_times=15,unroll_times=0,func=inline,ARRAY_1~array=REG;LOOP_1~unroll_times=15;LOOP_2~unroll_times=0;FUNC_1~func=inline
2755,17,318,1854,580,0,4206,1854,3,2.21,-,-,-100,array=REG,unroll_times=15,unroll_times=0,func=inline,ARRAY_1~array=REG;LOOP_1~unroll_times=15;LOOP_2~unroll_times=0;FUNC_1~func=inline
3947,17,551,2292,1077,0,6842,2862,27,4.1284,-,-,0,array=REG,unroll_times=15,unroll_times=8,func=inline,ARRAY_1~array=REG;LOOP_1~unroll_times=15;LOOP_2~unroll_times=8;FUNC_1~func=inline
3947,17,551,2292,1077,0,6842,2862,27,4.1284,-,-,-50,array=REG,unroll_times=15,unroll_times=8,func=inline,ARRAY_1~array=REG;LOOP_1~unroll_times=15;LOOP_2~unroll_times=8;FUNC_1~func=inline
3947,17,551,2292,1077,0,6842,2862,27,4.1284,-,-,-100,array=REG,unroll_times=15,unroll_times=8,func=inline,ARRAY_1~array=REG;LOOP_1~unroll_times=15;LOOP_2~unroll_times=8;FUNC_1~func=inline
4011,1,2281,1728,0,0,5889,3072,2,4.24,-,-,0,array=REG,unroll_times=15,unroll_times=16,func=inline,ARRAY_1~array=REG;LOOP_1~unroll_times=15;LOOP_2~unroll_times=16;FUNC_1~func=inline
3884,2,1455,1944,483,0,6594,3122,2,3.7134,-,-,-50,array=REG,unroll_times=15,unroll_times=16,func=inline,ARRAY_1~array=REG;LOOP_1~unroll_times=15;LOOP_2~unroll_times=16;FUNC_1~func=inline
3460,6,522,2166,757,0,5873,2521,15,3.4484,-,-,-100,array=REG,unroll_times=15,unroll_times=16,func=inline,ARRAY_1~array=REG;LOOP_1~unroll_times=15;LOOP_2~unroll_times=16;FUNC_1~func=inline
2755,17,318,1854,580,0,4206,1854,3,2.21,-,-,0,array=REG,unroll_times=15,folding=0,func=inline,ARRAY_1~array=REG;LOOP_1~unroll_times=15;LOOP_2~folding=0;FUNC_1~func=inline
2755,17,318,1854,580,0,4206,1854,3,2.21,-,-,-50,array=REG,unroll_times=15,folding=0,func=inline,ARRAY_1~array=REG;LOOP_1~unroll_times=15;LOOP_2~folding=0;FUNC_1~func=inline
2755,17,318,1854,580,0,4206,1854,3,2.21,-,-,-100,array=REG,unroll_times=15,folding=0,func=inline,ARRAY_1~array=REG;LOOP_1~unroll_times=15;LOOP_2~folding=0;FUNC_1~func=inline
2771,18,318,1866,581,0,4234,1870,6,1.51,-,-,0,array=REG,unroll_times=15,folding=1,func=inline,ARRAY_1~array=REG;LOOP_1~unroll_times=15;LOOP_2~folding=1;FUNC_1~func=inline
2771,18,318,1866,581,0,4234,1870,6,1.51,-,-,-50,array=REG,unroll_times=15,folding=1,func=inline,ARRAY_1~array=REG;LOOP_1~unroll_times=15;LOOP_2~folding=1;FUNC_1~func=inline
2771,18,318,1866,581,0,4234,1870,6,1.51,-,-,-100,array=REG,unroll_times=15,folding=1,func=inline,ARRAY_1~array=REG;LOOP_1~unroll_times=15;LOOP_2~folding=1;FUNC_1~func=inline
2981,33,339,1962,630,25,4668,2073,25,2.43,-,-,0,array=REG,folding=0,unroll_times=0,func=inline,ARRAY_1~array=REG;LOOP_1~folding=0;LOOP_2~unroll_times=0;FUNC_1~func=inline
2981,33,339,1962,630,25,4668,2073,25,2.43,-,-,-50,array=REG,folding=0,unroll_times=0,func=inline,ARRAY_1~array=REG;LOOP_1~folding=0;LOOP_2~unroll_times=0;FUNC_1~func=inline
2981,33,339,1962,630,25,4668,2073,25,2.43,-,-,-100,array=REG,folding=0,unroll_times=0,func=inline,ARRAY_1~array=REG;LOOP_1~folding=0;LOOP_2~unroll_times=0;FUNC_1~func=inline
4067,33,572,2292,1131,25,7171,3004,47,4.1334,-,-,0,array=REG,folding=0,unroll_times=8,func=inline,ARRAY_1~array=REG;LOOP_1~folding=0;LOOP_2~unroll_times=8;FUNC_1~func=inline
4067,33,572,2292,1131,25,7171,3004,47,4.1334,-,-,-50,array=REG,folding=0,unroll_times=8,func=inline,ARRAY_1~array=REG;LOOP_1~folding=0;LOOP_2~unroll_times=8;FUNC_1~func=inline
4067,33,572,2292,1131,25,7171,3004,47,4.1334,-,-,-100,array=REG,folding=0,unroll_times=8,func=inline,ARRAY_1~array=REG;LOOP_1~folding=0;LOOP_2~unroll_times=8;FUNC_1~func=inline
4761,17,2091,1956,666,25,8381,3956,23,4.11,-,-,0,array=REG,folding=0,unroll_times=16,func=inline,ARRAY_1~array=REG;LOOP_1~folding=0;LOOP_2~unroll_times=16;FUNC_1~func=inline
4392,18,1473,2070,800,25,7794,3569,24,3.7634,-,-,-50,array=REG,folding=0,unroll_times=16,func=inline,ARRAY_1~array=REG;LOOP_1~folding=0;LOOP_2~unroll_times=16;FUNC_1~func=inline
3863,36,525,2262,1009,25,6930,2926,42,3.6134,-,-,-100,array=REG,folding=0,unroll_times=16,func=inline,ARRAY_1~array=REG;LOOP_1~folding=0;LOOP_2~unroll_times=16;FUNC_1~func=inline
2981,33,339,1962,630,25,4668,2073,25,2.43,-,-,0,array=REG,folding=0,folding=0,func=inline,ARRAY_1~array=REG;LOOP_1~folding=0;LOOP_2~folding=0;FUNC_1~func=inline
2981,33,339,1962,630,25,4668,2073,25,2.43,-,-,-50,array=REG,folding=0,folding=0,func=inline,ARRAY_1~array=REG;LOOP_1~folding=0;LOOP_2~folding=0;FUNC_1~func=inline
2981,33,339,1962,630,25,4668,2073,25,2.43,-,-,-100,array=REG,folding=0,folding=0,func=inline,ARRAY_1~array=REG;LOOP_1~folding=0;LOOP_2~folding=0;FUNC_1~func=inline
2879,34,339,1872,617,25,4551,2021,26,1.73,-,-,0,array=REG,folding=0,folding=1,func=inline,ARRAY_1~array=REG;LOOP_1~folding=0;LOOP_2~folding=1;FUNC_1~func=inline
2879,34,339,1872,617,25,4551,2021,26,1.73,-,-,-50,array=REG,folding=0,folding=1,func=inline,ARRAY_1~array=REG;LOOP_1~folding=0;LOOP_2~folding=1;FUNC_1~func=inline
2879,34,339,1872,617,25,4551,2021,26,1.73,-,-,-100,array=REG,folding=0,folding=1,func=inline,ARRAY_1~array=REG;LOOP_1~folding=0;LOOP_2~folding=1;FUNC_1~func=inline
2860,33,336,1860,614,25,4511,2004,25,2.43,-,-,0,array=REG,folding=1,unroll_times=0,func=inline,ARRAY_1~array=REG;LOOP_1~folding=1;LOOP_2~unroll_times=0;FUNC_1~func=inline
2860,33,336,1860,614,25,4511,2004,25,2.43,-,-,-50,array=REG,folding=1,unroll_times=0,func=inline,ARRAY_1~array=REG;LOOP_1~folding=1;LOOP_2~unroll_times=0;FUNC_1~func=inline
2860,33,336,1860,614,25,4511,2004,25,2.43,-,-,-100,array=REG,folding=1,unroll_times=0,func=inline,ARRAY_1~array=REG;LOOP_1~folding=1;LOOP_2~unroll_times=0;FUNC_1~func=inline
4047,33,569,2292,1113,25,7136,3002,48,4.1334,-,-,0,array=REG,folding=1,unroll_times=8,func=inline,ARRAY_1~array=REG;LOOP_1~folding=1;LOOP_2~unroll_times=8;FUNC_1~func=inline
4047,33,569,2292,1113,25,7136,3002,48,4.1334,-,-,-50,array=REG,folding=1,unroll_times=8,func=inline,ARRAY_1~array=REG;LOOP_1~folding=1;LOOP_2~unroll_times=8;FUNC_1~func=inline
4047,33,569,2292,1113,25,7136,3002,48,4.1334,-,-,-100,array=REG,folding=1,unroll_times=8,func=inline,ARRAY_1~array=REG;LOOP_1~folding=1;LOOP_2~unroll_times=8;FUNC_1~func=inline
4808,17,2299,1860,601,25,8518,4089,23,4.31,-,-,0,array=REG,folding=1,unroll_times=16,func=inline,ARRAY_1~array=REG;LOOP_1~folding=1;LOOP_2~unroll_times=16;FUNC_1~func=inline
4374,18,1473,2070,782,25,7754,3564,24,3.7634,-,-,-50,array=REG,folding=1,unroll_times=16,func=inline,ARRAY_1~array=REG;LOOP_1~folding=1;LOOP_2~unroll_times=16;FUNC_1~func=inline
3951,24,540,2292,1050,25,7057,2980,44,3.4634,-,-,-100,array=REG,folding=1,unroll_times=16,func=inline,ARRAY_1~array=REG;LOOP_1~folding=1;LOOP_2~unroll_times=16;FUNC_1~func=inline
2860,33,336,1860,614,25,4511,2004,25,2.43,-,-,0,array=REG,folding=1,folding=0,func=inline,ARRAY_1~array=REG;LOOP_1~folding=1;LOOP_2~folding=0;FUNC_1~func=inline
2860,33,336,1860,614,25,4511,2004,25,2.43,-,-,-50,array=REG,folding=1,folding=0,func=inline,ARRAY_1~array=REG;LOOP_1~folding=1;LOOP_2~folding=0;FUNC_1~func=inline
2860,33,336,1860,614,25,4511,2004,25,2.43,-,-,-100,array=REG,folding=1,folding=0,func=inline,ARRAY_1~array=REG;LOOP_1~folding=1;LOOP_2~folding=0;FUNC_1~func=inline
2876,34,336,1872,616,25,4545,2021,27,1.73,-,-,0,array=REG,folding=1,folding=1,func=inline,ARRAY_1~array=REG;LOOP_1~folding=1;LOOP_2~folding=1;FUNC_1~func=inline
2876,34,336,1872,616,25,4545,2021,27,1.73,-,-,-50,array=REG,folding=1,folding=1,func=inline,ARRAY_1~array=REG;LOOP_1~folding=1;LOOP_2~folding=1;FUNC_1~func=inline
2876,34,336,1872,616,25,4545,2021,27,1.73,-,-,-100,array=REG,folding=1,folding=1,func=inline,ARRAY_1~array=REG;LOOP_1~folding=1;LOOP_2~folding=1;FUNC_1~func=inline
895,64,339,432,110,0,1617,798,14,1.8301,-,-,0,array=RAM,unroll_times=0,unroll_times=0,func=inline,ARRAY_1~array=RAM;LOOP_1~unroll_times=0;LOOP_2~unroll_times=0;FUNC_1~func=inline
895,64,339,432,110,0,1617,798,14,1.8301,-,-,-50,array=RAM,unroll_times=0,unroll_times=0,func=inline,ARRAY_1~array=RAM;LOOP_1~unroll_times=0;LOOP_2~unroll_times=0;FUNC_1~func=inline
895,64,339,432,110,0,1617,798,14,1.8301,-,-,-100,array=RAM,unroll_times=0,unroll_times=0,func=inline,ARRAY_1~array=RAM;LOOP_1~unroll_times=0;LOOP_2~unroll_times=0;FUNC_1~func=inline
2636,50,780,1302,519,0,4925,2219,35,3.55,-,-,0,array=RAM,unroll_times=0,unroll_times=8,func=inline,ARRAY_1~array=RAM;LOOP_1~unroll_times=0;LOOP_2~unroll_times=8;FUNC_1~func=inline
2300,52,572,1110,577,0,4425,1795,41,2.94,-,-,-50,array=RAM,unroll_times=0,unroll_times=8,func=inline,ARRAY_1~array=RAM;LOOP_1~unroll_times=0;LOOP_2~unroll_times=8;FUNC_1~func=inline
1573,54,364,774,387,0,3072,1276,48,2.34,-,-,-100,array=RAM,unroll_times=0,unroll_times=8,func=inline,ARRAY_1~array=RAM;LOOP_1~unroll_times=0;LOOP_2~unroll_times=8;FUNC_1~func=inline
4698,47,941,2550,1152,0,8545,3620,55,4.305,-,-,0,array=RAM,unroll_times=0,unroll_times=16,func=inline,ARRAY_1~array=RAM;LOOP_1~unroll_times=0;LOOP_2~unroll_times=16;FUNC_1~func=inline
4578,48,733,2550,1235,0,8248,3359,60,2.925,-,-,-50,array=RAM,unroll_times=0,unroll_times=16,func=inline,ARRAY_1~array=RAM;LOOP_1~unroll_times=0;LOOP_2~unroll_times=16;FUNC_1~func=inline
2207,51,317,1206,611,0,4297,1788,73,2.26,-,-,-100,array=RAM,unroll_times=0,unroll_times=16,func=inline,ARRAY_1~array=RAM;LOOP_1~unroll_times=0;LOOP_2~unroll_times=16;FUNC_1~func=inline
895,64,339,432,110,0,1617,798,14,1.8301,-,-,0,array=RAM,unroll_times=0,folding=0,func=inline,ARRAY_1~array=RAM;LOOP_1~unroll_times=0;LOOP_2~folding=0;FUNC_1~func=inline
895,64,339,432,110,0,1617,798,14,1.8301,-,-,-50,array=RAM,unroll_times=0,folding=0,func=inline,ARRAY_1~array=RAM;LOOP_1~unroll_times=0;LOOP_2~folding=0;FUNC_1~func=inline
895,64,339,432,110,0,1617,798,14,1.8301,-,-,-100,array=RAM,unroll_times=0,folding=0,func=inline,ARRAY_1~array=RAM;LOOP_1~unroll_times=0;LOOP_2~folding=0;FUNC_1~func=inline
822,50,339,354,99,0,1539,765,30,1.1301,-,-,0,array=RAM,unroll_times=0,folding=1,func=inline,ARRAY_1~array=RAM;LOOP_1~unroll_times=0;LOOP_2~folding=1;FUNC_1~func=inline
822,50,339,354,99,0,1539,765,30,1.1301,-,-,-50,array=RAM,unroll_times=0,folding=1,func=inline,ARRAY_1~array=RAM;LOOP_1~unroll_times=0;LOOP_2~folding=1;FUNC_1~func=inline
822,50,339,354,99,0,1539,765,30,1.1301,-,-,-100,array=RAM,unroll_times=0,folding=1,func=inline,ARRAY_1~array=RAM;LOOP_1~unroll_times=0;LOOP_2~folding=1;FUNC_1~func=inline
1172,52,384,558,196,0,2271,1086,34,1.8301,-,-,0,array=RAM,unroll_times=7,unroll_times=0,func=inline,ARRAY_1~array=RAM;LOOP_1~unroll_times=7;LOOP_2~unroll_times=0;FUNC_1~func=inline
1172,52,384,558,196,0,2271,1086,34,1.8301,-,-,-50,array=RAM,unroll_times=7,unroll_times=0,func=inline,ARRAY_1~array=RAM;LOOP_1~unroll_times=7;LOOP_2~unroll_times=0;FUNC_1~func=inline
1172,52,384,558,196,0,2271,1086,34,1.8301,-,-,-100,array=RAM,unroll_times=7,unroll_times=0,func=inline,ARRAY_1~array=RAM;LOOP_1~unroll_times=7;LOOP_2~unroll_times=0;FUNC_1~func=inline
2786,38,812,1332,577,0,5452,2478,65,3.59,-,-,0,array=RAM,unroll_times=7,unroll_times=8,func=inline,ARRAY_1~array=RAM;LOOP_1~unroll_times=7;LOOP_2~unroll_times=8;FUNC_1~func=inline
2870,40,812,1332,660,0,5693,2513,66,2.915,-,-,-50,array=RAM,unroll_times=7,unroll_times=8,func=inline,ARRAY_1~array=RAM;LOOP_1~unroll_times=7;LOOP_2~unroll_times=8;FUNC_1~func=inline
1744,44,396,804,458,0,3684,1579,86,2.3912,-,-,-100,array=RAM,unroll_times=7,unroll_times=8,func=inline,ARRAY_1~array=RAM;LOOP_1~unroll_times=7;LOOP_2~unroll_times=8;FUNC_1~func=inline
5044,43,1206,2574,1179,0,9565,4149,85,4.285,-,-,0,array=RAM,unroll_times=7,unroll_times=16,func=inline,ARRAY_1~array=RAM;LOOP_1~unroll_times=7;LOOP_2~unroll_times=16;FUNC_1~func=inline
4764,44,790,2574,1309,0,8921,3719,91,2.94,-,-,-50,array=RAM,unroll_times=7,unroll_times=16,func=inline,ARRAY_1~array=RAM;LOOP_1~unroll_times=7;LOOP_2~unroll_times=16;FUNC_1~func=inline
2375,47,374,1236,628,0,4837,2104,137,2.255,-,-,-100,array=RAM,unroll_times=7,unroll_times=16,func=inline,ARRAY_1~array=RAM;LOOP_1~unroll_times=7;LOOP_2~unroll_times=16;FUNC_1~func=inline
1172,52,384,558,196,0,2271,1086,34,1.8301,-,-,0,array=RAM,unroll_times=7,folding=0,func=inline,ARRAY_1~array=RAM;LOOP_1~unroll_times=7;LOOP_2~folding=0;FUNC_1~func=inline
1172,52,384,558,196,0,2271,1086,34,1.8301,-,-,-50,array=RAM,unroll_times=7,folding=0,func=inline,ARRAY_1~array=RAM;LOOP_1~unroll_times=7;LOOP_2~folding=0;FUNC_1~func=inline
1172,52,384,558,196,0,2271,1086,34,1.8301,-,-,-100,array=RAM,unroll_times=7,folding=0,func=inline,ARRAY_1~array=RAM;LOOP_1~unroll_times=7;LOOP_2~folding=0;FUNC_1~func=inline
1187,38,384,576,176,0,2188,1058,51,1.1301,-,-,0,array=RAM,unroll_times=7,folding=1,func=inline,ARRAY_1~array=RAM;LOOP_1~unroll_times=7;LOOP_2~folding=1;FUNC_1~func=inline
1187,38,384,576,176,0,2188,1058,51,1.1301,-,-,-50,array=RAM,unroll_times=7,folding=1,func=inline,ARRAY_1~array=RAM;LOOP_1~unroll_times=7;LOOP_2~folding=1;FUNC_1~func=inline
1187,38,384,576,176,0,2188,1058,51,1.1301,-,-,-100,array=RAM,unroll_times=7,folding=1,func=inline,ARRAY_1~array=RAM;LOOP_1~unroll_times=7;LOOP_2~folding=1;FUNC_1~func=inline
1065,49,318,534,157,0,2122,1033,56,1.8301,-,-,0,array=RAM,unroll_times=8,unroll_times=0,func=inline,ARRAY_1~array=RAM;LOOP_1~unroll_times=8;LOOP_2~unroll_times=0;FUNC_1~func=inline
1065,49,318,534,157,0,2122,1033,56,1.8301,-,-,-50,array=RAM,unroll_times=8,unroll_times=0,func=inline,ARRAY_1~array=RAM;LOOP_1~unroll_times=8;LOOP_2~unroll_times=0;FUNC_1~func=inline
1065,49,318,534,157,0,2122,1033,56,1.8301,-,-,-100,array=RAM,unroll_times=8,unroll_times=0,func=inline,ARRAY_1~array=RAM;LOOP_1~unroll_times=8;LOOP_2~unroll_times=0;FUNC_1~func=inline
2703,35,759,1302,562,0,5414,2459,80,3.59,-,-,0,array=RAM,unroll_times=8,unroll_times=8,func=inline,ARRAY_1~array=RAM;LOOP_1~unroll_times=8;LOOP_2~unroll_times=8;FUNC_1~func=inline
2367,37,551,1110,621,0,4924,2051,85,3.015,-,-,-50,array=RAM,unroll_times=8,unroll_times=8,func=inline,ARRAY_1~array=RAM;LOOP_1~unroll_times=8;LOOP_2~unroll_times=8;FUNC_1~func=inline
1641,39,343,774,432,0,3563,1518,92,2.415,-,-,-100,array=RAM,unroll_times=8,unroll_times=8,func=inline,ARRAY_1~array=RAM;LOOP_1~unroll_times=8;LOOP_2~unroll_times=8;FUNC_1~func=inline
3507,17,516,1950,998,0,6443,2503,43,2.945,-,-,0,array=RAM,unroll_times=8,unroll_times=16,func=inline,ARRAY_1~array=RAM;LOOP_1~unroll_times=8;LOOP_2~unroll_times=16;FUNC_1~func=inline
3507,17,516,1950,998,0,6443,2503,43,2.945,-,-,-50,array=RAM,unroll_times=8,unroll_times=16,func=inline,ARRAY_1~array=RAM;LOOP_1~unroll_times=8;LOOP_2~unroll_times=16;FUNC_1~func=inline
2396,19,308,1374,659,0,4490,1766,55,2.265,-,-,-100,array=RAM,unroll_times=8,unroll_times=16,func=inline,ARRAY_1~array=RAM;LOOP_1~unroll_times=8;LOOP_2~unroll_times=16;FUNC_1~func=inline
1065,49,318,534,157,0,2122,1033,56,1.8301,-,-,0,array=RAM,unroll_times=8,folding=0,func=inline,ARRAY_1~array=RAM;LOOP_1~unroll_times=8;LOOP_2~folding=0;FUNC_1~func=inline
1065,49,318,534,157,0,2122,1033,56,1.8301,-,-,-50,array=RAM,unroll_times=8,folding=0,func=inline,ARRAY_1~array=RAM;LOOP_1~unroll_times=8;LOOP_2~folding=0;FUNC_1~func=inline
1065,49,318,534,157,0,2122,1033,56,1.8301,-,-,-100,array=RAM,unroll_times=8,folding=0,func=inline,ARRAY_1~array=RAM;LOOP_1~unroll_times=8;LOOP_2~folding=0;FUNC_1~func=inline
1104,35,318,558,156,0,2165,1051,72,1.1301,-,-,0,array=RAM,unroll_times=8,folding=1,func=inline,ARRAY_1~array=RAM;LOOP_1~unroll_times=8;LOOP_2~folding=1;FUNC_1~func=inline
1104,35,318,558,156,0,2165,1051,72,1.1301,-,-,-50,array=RAM,unroll_times=8,folding=1,func=inline,ARRAY_1~array=RAM;LOOP_1~unroll_times=8;LOOP_2~folding=1;FUNC_1~func=inline
1104,35,318,558,156,0,2165,1051,72,1.1301,-,-,-100,array=RAM,unroll_times=8,folding=1,func=inline,ARRAY_1~array=RAM;LOOP_1~unroll_times=8;LOOP_2~folding=1;FUNC_1~func=inline
1065,49,318,534,157,0,2122,1033,56,1.8301,-,-,0,array=RAM,unroll_times=15,unroll_times=0,func=inline,ARRAY_1~array=RAM;LOOP_1~unroll_times=15;LOOP_2~unroll_times=0;FUNC_1~func=inline
1065,49,318,534,157,0,2122,1033,56,1.8301,-,-,-50,array=RAM,unroll_times=15,unroll_times=0,func=inline,ARRAY_1~array=RAM;LOOP_1~unroll_times=15;LOOP_2~unroll_times=0;FUNC_1~func=inline
1065,49,318,534,157,0,2122,1033,56,1.8301,-,-,-100,array=RAM,unroll_times=15,unroll_times=0,func=inline,ARRAY_1~array=RAM;LOOP_1~unroll_times=15;LOOP_2~unroll_times=0;FUNC_1~func=inline
2703,35,759,1302,562,0,5414,2459,80,3.59,-,-,0,array=RAM,unroll_times=15,unroll_times=8,func=inline,ARRAY_1~array=RAM;LOOP_1~unroll_times=15;LOOP_2~unroll_times=8;FUNC_1~func=inline
2367,37,551,1110,621,0,4924,2051,85,3.015,-,-,-50,array=RAM,unroll_times=15,unroll_times=8,func=inline,ARRAY_1~array=RAM;LOOP_1~unroll_times=15;LOOP_2~unroll_times=8;FUNC_1~func=inline
1641,39,343,774,432,0,3563,1518,92,2.415,-,-,-100,array=RAM,unroll_times=15,unroll_times=8,func=inline,ARRAY_1~array=RAM;LOOP_1~unroll_times=15;LOOP_2~unroll_times=8;FUNC_1~func=inline
3507,17,516,1950,998,0,6443,2503,43,2.945,-,-,0,array=RAM,unroll_times=15,unroll_times=16,func=inline,ARRAY_1~array=RAM;LOOP_1~unroll_times=15;LOOP_2~unroll_times=16;FUNC_1~func=inline
3507,17,516,1950,998,0,6443,2503,43,2.945,-,-,-50,array=RAM,unroll_times=15,unroll_times=16,func=inline,ARRAY_1~array=RAM;LOOP_1~unroll_times=15;LOOP_2~unroll_times=16;FUNC_1~func=inline
2396,19,308,1374,659,0,4490,1766,55,2.265,-,-,-100,array=RAM,unroll_times=15,unroll_times=16,func=inline,ARRAY_1~array=RAM;LOOP_1~unroll_times=15;LOOP_2~unroll_times=16;FUNC_1~func=inline
1065,49,318,534,157,0,2122,1033,56,1.8301,-,-,0,array=RAM,unroll_times=15,folding=0,func=inline,ARRAY_1~array=RAM;LOOP_1~unroll_times=15;LOOP_2~folding=0;FUNC_1~func=inline
1065,49,318,534,157,0,2122,1033,56,1.8301,-,-,-50,array=RAM,unroll_times=15,folding=0,func=inline,ARRAY_1~array=RAM;LOOP_1~unroll_times=15;LOOP_2~folding=0;FUNC_1~func=inline
1065,49,318,534,157,0,2122,1033,56,1.8301,-,-,-100,array=RAM,unroll_times=15,folding=0,func=inline,ARRAY_1~array=RAM;LOOP_1~unroll_times=15;LOOP_2~folding=0;FUNC_1~func=inline
1104,35,318,558,156,0,2165,1051,72,1.1301,-,-,0,array=RAM,unroll_times=15,folding=1,func=inline,ARRAY_1~array=RAM;LOOP_1~unroll_times=15;LOOP_2~folding=1;FUNC_1~func=inline
1104,35,318,558,156,0,2165,1051,72,1.1301,-,-,-50,array=RAM,unroll_times=15,folding=1,func=inline,ARRAY_1~array=RAM;LOOP_1~unroll_times=15;LOOP_2~folding=1;FUNC_1~func=inline
1104,35,318,558,156,0,2165,1051,72,1.1301,-,-,-100,array=RAM,unroll_times=15,folding=1,func=inline,ARRAY_1~array=RAM;LOOP_1~unroll_times=15;LOOP_2~folding=1;FUNC_1~func=inline
895,64,339,432,110,0,1617,798,14,1.8301,-,-,0,array=RAM,folding=0,unroll_times=0,func=inline,ARRAY_1~array=RAM;LOOP_1~folding=0;LOOP_2~unroll_times=0;FUNC_1~func=inline
895,64,339,432,110,0,1617,798,14,1.8301,-,-,-50,array=RAM,folding=0,unroll_times=0,func=inline,ARRAY_1~array=RAM;LOOP_1~folding=0;LOOP_2~unroll_times=0;FUNC_1~func=inline
895,64,339,432,110,0,1617,798,14,1.8301,-,-,-100,array=RAM,folding=0,unroll_times=0,func=inline,ARRAY_1~array=RAM;LOOP_1~folding=0;LOOP_2~unroll_times=0;FUNC_1~func=inline
2636,50,780,1302,519,0,4925,2219,35,3.55,-,-,0,array=RAM,folding=0,unroll_times=8,func=inline,ARRAY_1~array=RAM;LOOP_1~folding=0;LOOP_2~unroll_times=8;FUNC_1~func=inline
2300,52,572,1110,577,0,4425,1795,41,2.94,-,-,-50,array=RAM,folding=0,unroll_times=8,func=inline,ARRAY_1~array=RAM;LOOP_1~folding=0;LOOP_2~unroll_times=8;FUNC_1~func=inline
1573,54,364,774,387,0,3072,1276,48,2.34,-,-,-100,array=RAM,folding=0,unroll_times=8,func=inline,ARRAY_1~array=RAM;LOOP_1~folding=0;LOOP_2~unroll_times=8;FUNC_1~func=inline
4698,47,941,2550,1152,0,8545,3620,55,4.305,-,-,0,array=RAM,folding=0,unroll_times=16,func=inline,ARRAY_1~array=RAM;LOOP_1~folding=0;LOOP_2~unroll_times=16;FUNC_1~func=inline
4578,48,733,2550,1235,0,8248,3359,60,2.925,-,-,-50,array=RAM,folding=0,unroll_times=16,func=inline,ARRAY_1~array=RAM;LOOP_1~folding=0;LOOP_2~unroll_times=16;FUNC_1~func=inline
2207,51,317,1206,611,0,4297,1788,73,2.26,-,-,-100,array=RAM,folding=0,unroll_times=16,func=inline,ARRAY_1~array=RAM;LOOP_1~folding=0;LOOP_2~unroll_times=16;FUNC_1~func=inline
895,64,339,432,110,0,1617,798,14,1.8301,-,-,0,array=RAM,folding=0,folding=0,func=inline,ARRAY_1~array=RAM;LOOP_1~folding=0;LOOP_2~folding=0;FUNC_1~func=inline
895,64,339,432,110,0,1617,798,14,1.8301,-,-,-50,array=RAM,folding=0,folding=0,func=inline,ARRAY_1~array=RAM;LOOP_1~folding=0;LOOP_2~folding=0;FUNC_1~func=inline
895,64,339,432,110,0,1617,798,14,1.8301,-,-,-100,array=RAM,folding=0,folding=0,func=inline,ARRAY_1~array=RAM;LOOP_1~folding=0;LOOP_2~folding=0;FUNC_1~func=inline
822,50,339,354,99,0,1539,765,30,1.1301,-,-,0,array=RAM,folding=0,folding=1,func=inline,ARRAY_1~array=RAM;LOOP_1~folding=0;LOOP_2~folding=1;FUNC_1~func=inline
822,50,339,354,99,0,1539,765,30,1.1301,-,-,-50,array=RAM,folding=0,folding=1,func=inline,ARRAY_1~array=RAM;LOOP_1~folding=0;LOOP_2~folding=1;FUNC_1~func=inline
822,50,339,354,99,0,1539,765,30,1.1301,-,-,-100,array=RAM,folding=0,folding=1,func=inline,ARRAY_1~array=RAM;LOOP_1~folding=0;LOOP_2~folding=1;FUNC_1~func=inline
832,50,336,372,95,0,1521,761,29,1.8301,-,-,0,array=RAM,folding=1,unroll_times=0,func=inline,ARRAY_1~array=RAM;LOOP_1~folding=1;LOOP_2~unroll_times=0;FUNC_1~func=inline
832,50,336,372,95,0,1521,761,29,1.8301,-,-,-50,array=RAM,folding=1,unroll_times=0,func=inline,ARRAY_1~array=RAM;LOOP_1~folding=1;LOOP_2~unroll_times=0;FUNC_1~func=inline
832,50,336,372,95,0,1521,761,29,1.8301,-,-,-100,array=RAM,folding=1,unroll_times=0,func=inline,ARRAY_1~array=RAM;LOOP_1~folding=1;LOOP_2~unroll_times=0;FUNC_1~func=inline
2670,36,777,1338,505,0,4923,2242,50,3.55,-,-,0,array=RAM,folding=1,unroll_times=8,func=inline,ARRAY_1~array=RAM;LOOP_1~folding=1;LOOP_2~unroll_times=8;FUNC_1~func=inline
2332,38,569,1146,561,0,4429,1832,56,2.94,-,-,-50,array=RAM,folding=1,unroll_times=8,func=inline,ARRAY_1~array=RAM;LOOP_1~folding=1;LOOP_2~unroll_times=8;FUNC_1~func=inline
1588,40,361,786,378,0,3066,1295,63,2.34,-,-,-100,array=RAM,folding=1,unroll_times=8,func=inline,ARRAY_1~array=RAM;LOOP_1~folding=1;LOOP_2~unroll_times=8;FUNC_1~func=inline
4744,33,950,2568,1155,0,8602,3631,71,4.305,-,-,0,array=RAM,folding=1,unroll_times=16,func=inline,ARRAY_1~array=RAM;LOOP_1~folding=1;LOOP_2~unroll_times=16;FUNC_1~func=inline
4623,34,742,2472,1333,0,8489,3440,76,2.935,-,-,-50,array=RAM,folding=1,unroll_times=16,func=inline,ARRAY_1~array=RAM;LOOP_1~folding=1;LOOP_2~unroll_times=16;FUNC_1~func=inline
2406,38,326,1320,663,0,4604,1891,97,2.255,-,-,-100,array=RAM,folding=1,unroll_times=16,func=inline,ARRAY_1~array=RAM;LOOP_1~folding=1;LOOP_2~unroll_times=16;FUNC_1~func=inline
832,50,336,372,95,0,1521,761,29,1.8301,-,-,0,array=RAM,folding=1,folding=0,func=inline,ARRAY_1~array=RAM;LOOP_1~folding=1;LOOP_2~folding=0;FUNC_1~func=inline
832,50,336,372,95,0,1521,761,29,1.8301,-,-,-50,array=RAM,folding=1,folding=0,func=inline,ARRAY_1~array=RAM;LOOP_1~folding=1;LOOP_2~folding=0;FUNC_1~func=inline
832,50,336,372,95,0,1521,761,29,1.8301,-,-,-100,array=RAM,folding=1,folding=0,func=inline,ARRAY_1~array=RAM;LOOP_1~folding=1;LOOP_2~folding=0;FUNC_1~func=inline
867,36,336,390,94,0,1580,787,47,1.1301,-,-,0,array=RAM,folding=1,folding=1,func=inline,ARRAY_1~array=RAM;LOOP_1~folding=1;LOOP_2~folding=1;FUNC_1~func=inline
867,36,336,390,94,0,1580,787,47,1.1301,-,-,-50,array=RAM,folding=1,folding=1,func=inline,ARRAY_1~array=RAM;LOOP_1~folding=1;LOOP_2~folding=1;FUNC_1~func=inline
867,36,336,390,94,0,1580,787,47,1.1301,-,-,-100,array=RAM,folding=1,folding=1,func=inline,ARRAY_1~array=RAM;LOOP_1~folding=1;LOOP_2~folding=1;FUNC_1~func=inline
7611,32,339,1962,5300,0,17614,6045,10,2.21,-,-,0,array=EXPAND+array_index=const,unroll_times=0,unroll_times=0,func=inline,ARRAY_1~array=EXPAND+array_index=const;LOOP_1~unroll_times=0;LOOP_2~unroll_times=0;FUNC_1~func=inline
7611,32,339,1962,5300,0,17614,6045,10,2.21,-,-,-50,array=EXPAND+array_index=const,unroll_times=0,unroll_times=0,func=inline,ARRAY_1~array=EXPAND+array_index=const;LOOP_1~unroll_times=0;LOOP_2~unroll_times=0;FUNC_1~func=inline
7611,32,339,1962,5300,0,17614,6045,10,2.21,-,-,-100,array=EXPAND+array_index=const,unroll_times=0,unroll_times=0,func=inline,ARRAY_1~array=EXPAND+array_index=const;LOOP_1~unroll_times=0;LOOP_2~unroll_times=0;FUNC_1~func=inline
13452,18,3370,1962,8100,0,31657,11745,20,6.8462,-,-,0,array=EXPAND+array_index=const,unroll_times=0,unroll_times=8,func=inline,ARRAY_1~array=EXPAND+array_index=const;LOOP_1~unroll_times=0;LOOP_2~unroll_times=8;FUNC_1~func=inline
12358,20,2095,1986,8228,0,29659,10548,49,5.135,-,-,-50,array=EXPAND+array_index=const,unroll_times=0,unroll_times=8,func=inline,ARRAY_1~array=EXPAND+array_index=const;LOOP_1~unroll_times=0;LOOP_2~unroll_times=8;FUNC_1~func=inline
8918,32,395,1974,6525,0,21336,7237,24,2.75,-,-,-100,array=EXPAND+array_index=const,unroll_times=0,unroll_times=8,func=inline,ARRAY_1~array=EXPAND+array_index=const;LOOP_1~unroll_times=0;LOOP_2~unroll_times=8;FUNC_1~func=inline
8693,16,2299,1950,4440,0,19268,7389,4,4.6,-,-,0,array=EXPAND+array_index=const,unroll_times=0,unroll_times=16,func=inline,ARRAY_1~array=EXPAND+array_index=const;LOOP_1~unroll_times=0;LOOP_2~unroll_times=16;FUNC_1~func=inline
8601,17,1473,2070,5049,0,19584,7114,9,4.5334,-,-,-50,array=EXPAND+array_index=const,unroll_times=0,unroll_times=16,func=inline,ARRAY_1~array=EXPAND+array_index=const;LOOP_1~unroll_times=0;LOOP_2~unroll_times=16;FUNC_1~func=inline
8020,35,531,2394,5069,0,18269,6375,26,3.6384,-,-,-100,array=EXPAND+array_index=const,unroll_times=0,unroll_times=16,func=inline,ARRAY_1~array=EXPAND+array_index=const;LOOP_1~unroll_times=0;LOOP_2~unroll_times=16;FUNC_1~func=inline
7611,32,339,1962,5300,0,17614,6045,10,2.21,-,-,0,array=EXPAND+array_index=const,unroll_times=0,folding=0,func=inline,ARRAY_1~array=EXPAND+array_index=const;LOOP_1~unroll_times=0;LOOP_2~folding=0;FUNC_1~func=inline
7611,32,339,1962,5300,0,17614,6045,10,2.21,-,-,-50,array=EXPAND+array_index=const,unroll_times=0,folding=0,func=inline,ARRAY_1~array=EXPAND+array_index=const;LOOP_1~unroll_times=0;LOOP_2~folding=0;FUNC_1~func=inline
7611,32,339,1962,5300,0,17614,6045,10,2.21,-,-,-100,array=EXPAND+array_index=const,unroll_times=0,folding=0,func=inline,ARRAY_1~array=EXPAND+array_index=const;LOOP_1~unroll_times=0;LOOP_2~folding=0;FUNC_1~func=inline
7502,33,339,1866,5286,0,17478,5983,11,1.51,-,-,0,array=EXPAND+array_index=const,unroll_times=0,folding=1,func=inline,ARRAY_1~array=EXPAND+array_index=const;LOOP_1~unroll_times=0;LOOP_2~folding=1;FUNC_1~func=inline
7502,33,339,1866,5286,0,17478,5983,11,1.51,-,-,-50,array=EXPAND+array_index=const,unroll_times=0,folding=1,func=inline,ARRAY_1~array=EXPAND+array_index=const;LOOP_1~unroll_times=0;LOOP_2~folding=1;FUNC_1~func=inline
7502,33,339,1866,5286,0,17478,5983,11,1.51,-,-,-100,array=EXPAND+array_index=const,unroll_times=0,folding=1,func=inline,ARRAY_1~array=EXPAND+array_index=const;LOOP_1~unroll_times=0;LOOP_2~folding=1;FUNC_1~func=inline
32663,19,534,1956,30163,0,87756,27820,10,5.56,-,-,0,array=EXPAND+array_index=const,unroll_times=7,unroll_times=0,func=inline,ARRAY_1~array=EXPAND+array_index=const;LOOP_1~unroll_times=7;LOOP_2~unroll_times=0;FUNC_1~func=inline
32731,21,498,2052,30170,0,87762,27819,11,5.56,-,-,-50,array=EXPAND+array_index=const,unroll_times=7,unroll_times=0,func=inline,ARRAY_1~array=EXPAND+array_index=const;LOOP_1~unroll_times=7;LOOP_2~unroll_times=0;FUNC_1~func=inline
38403,5,3492,1956,32934,0,101767,33455,21,6.8462,-,-,0,array=EXPAND+array_index=const,unroll_times=7,unroll_times=8,func=inline,ARRAY_1~array=EXPAND+array_index=const;LOOP_1~unroll_times=7;LOOP_2~unroll_times=8;FUNC_1~func=inline
37414,9,2224,2058,33078,0,99741,32295,54,5.61,-,-,-50,array=EXPAND+array_index=const,unroll_times=7,unroll_times=8,func=inline,ARRAY_1~array=EXPAND+array_index=const;LOOP_1~unroll_times=7;LOOP_2~unroll_times=8;FUNC_1~func=inline
34316,3,2481,1950,29880,0,90968,29650,5,9.16,-,-,0,array=EXPAND+array_index=const,unroll_times=7,unroll_times=16,func=inline,ARRAY_1~array=EXPAND+array_index=const;LOOP_1~unroll_times=7;LOOP_2~unroll_times=16;FUNC_1~func=inline
34269,6,1619,2142,30498,0,91327,29400,10,9.0934,-,-,-50,array=EXPAND+array_index=const,unroll_times=7,unroll_times=16,func=inline,ARRAY_1~array=EXPAND+array_index=const;LOOP_1~unroll_times=7;LOOP_2~unroll_times=16;FUNC_1~func=inline
32663,19,534,1956,30163,0,87756,27820,10,5.56,-,-,0,array=EXPAND+array_index=const,unroll_times=7,folding=0,func=inline,ARRAY_1~array=EXPAND+array_index=const;LOOP_1~unroll_times=7;LOOP_2~folding=0;FUNC_1~func=inline
32731,21,498,2052,30170,0,87762,27819,11,5.56,-,-,-50,array=EXPAND+array_index=const,unroll_times=7,folding=0,func=inline,ARRAY_1~array=EXPAND+array_index=const;LOOP_1~unroll_times=7;LOOP_2~folding=0;FUNC_1~func=inline
32561,20,534,1866,30149,0,87627,27760,12,5.56,-,-,0,array=EXPAND+array_index=const,unroll_times=7,folding=1,func=inline,ARRAY_1~array=EXPAND+array_index=const;LOOP_1~unroll_times=7;LOOP_2~folding=1;FUNC_1~func=inline
32635,22,498,1968,30156,0,87649,27771,13,5.56,-,-,-50,array=EXPAND+array_index=const,unroll_times=7,folding=1,func=inline,ARRAY_1~array=EXPAND+array_index=const;LOOP_1~unroll_times=7;LOOP_2~folding=1;FUNC_1~func=inline
2755,17,318,1854,580,0,4206,1855,3,2.21,-,-,0,array=EXPAND+array_index=const,unroll_times=8,unroll_times=0,func=inline,ARRAY_1~array=EXPAND+array_index=const;LOOP_1~unroll_times=8;LOOP_2~unroll_times=0;FUNC_1~func=inline
2755,17,318,1854,580,0,4206,1855,3,2.21,-,-,-50,array=EXPAND+array_index=const,unroll_times=8,unroll_times=0,func=inline,ARRAY_1~array=EXPAND+array_index=const;LOOP_1~unroll_times=8;LOOP_2~unroll_times=0;FUNC_1~func=inline
2755,17,318,1854,580,0,4206,1855,3,2.21,-,-,-100,array=EXPAND+array_index=const,unroll_times=8,unroll_times=0,func=inline,ARRAY_1~array=EXPAND+array_index=const;LOOP_1~unroll_times=8;LOOP_2~unroll_times=0;FUNC_1~func=inline
8100,3,3349,1854,2885,0,16995,7268,12,6.8462,-,-,0,array=EXPAND+array_index=const,unroll_times=8,unroll_times=8,func=inline,ARRAY_1~array=EXPAND+array_index=const;LOOP_1~unroll_times=8;LOOP_2~unroll_times=8;FUNC_1~func=inline
7039,5,2074,1908,3015,0,15033,6096,42,5.135,-,-,-50,array=EXPAND+array_index=const,unroll_times=8,unroll_times=8,func=inline,ARRAY_1~array=EXPAND+array_index=const;LOOP_1~unroll_times=8;LOOP_2~unroll_times=8;FUNC_1~func=inline
4086,17,374,1896,1797,0,7947,3078,19,2.75,-,-,-100,array=EXPAND+array_index=const,unroll_times=8,unroll_times=8,func=inline,ARRAY_1~array=EXPAND+array_index=const;LOOP_1~unroll_times=8;LOOP_2~unroll_times=8;FUNC_1~func=inline
4011,1,2281,1728,0,0,5889,3072,2,4.24,-,-,0,array=EXPAND+array_index=const,unroll_times=8,unroll_times=16,func=inline,ARRAY_1~array=EXPAND+array_index=const;LOOP_1~unroll_times=8;LOOP_2~unroll_times=16;FUNC_1~func=inline
3884,2,1455,1944,483,0,6594,3122,2,3.7134,-,-,-50,array=EXPAND+array_index=const,unroll_times=8,unroll_times=16,func=inline,ARRAY_1~array=EXPAND+array_index=const;LOOP_1~unroll_times=8;LOOP_2~unroll_times=16;FUNC_1~func=inline
3460,6,522,2166,757,0,5873,2521,15,3.4484,-,-,-100,array=EXPAND+array_index=const,unroll_times=8,unroll_times=16,func=inline,ARRAY_1~array=EXPAND+array_index=const;LOOP_1~unroll_times=8;LOOP_2~unroll_times=16;FUNC_1~func=inline
2755,17,318,1854,580,0,4206,1855,3,2.21,-,-,0,array=EXPAND+array_index=const,unroll_times=8,folding=0,func=inline,ARRAY_1~array=EXPAND+array_index=const;LOOP_1~unroll_times=8;LOOP_2~folding=0;FUNC_1~func=inline
2755,17,318,1854,580,0,4206,1855,3,2.21,-,-,-50,array=EXPAND+array_index=const,unroll_times=8,folding=0,func=inline,ARRAY_1~array=EXPAND+array_index=const;LOOP_1~unroll_times=8;LOOP_2~folding=0;FUNC_1~func=inline
2755,17,318,1854,580,0,4206,1855,3,2.21,-,-,-100,array=EXPAND+array_index=const,unroll_times=8,folding=0,func=inline,ARRAY_1~array=EXPAND+array_index=const;LOOP_1~unroll_times=8;LOOP_2~folding=0;FUNC_1~func=inline
2771,18,318,1866,581,0,4234,1871,6,1.51,-,-,0,array=EXPAND+array_index=const,unroll_times=8,folding=1,func=inline,ARRAY_1~array=EXPAND+array_index=const;LOOP_1~unroll_times=8;LOOP_2~folding=1;FUNC_1~func=inline
2771,18,318,1866,581,0,4234,1871,6,1.51,-,-,-50,array=EXPAND+array_index=const,unroll_times=8,folding=1,func=inline,ARRAY_1~array=EXPAND+array_index=const;LOOP_1~unroll_times=8;LOOP_2~folding=1;FUNC_1~func=inline
2771,18,318,1866,581,0,4234,1871,6,1.51,-,-,-100,array=EXPAND+array_index=const,unroll_times=8,folding=1,func=inline,ARRAY_1~array=EXPAND+array_index=const;LOOP_1~unroll_times=8;LOOP_2~folding=1;FUNC_1~func=inline
2755,17,318,1854,580,0,4206,1855,3,2.21,-,-,0,array=EXPAND+array_index=const,unroll_times=15,unroll_times=0,func=inline,ARRAY_1~array=EXPAND+array_index=const;LOOP_1~unroll_times=15;LOOP_2~unroll_times=0;FUNC_1~func=inline
2755,17,318,1854,580,0,4206,1855,3,2.21,-,-,-50,array=EXPAND+array_index=const,unroll_times=15,unroll_times=0,func=inline,ARRAY_1~array=EXPAND+array_index=const;LOOP_1~unroll_times=15;LOOP_2~unroll_times=0;FUNC_1~func=inline
2755,17,318,1854,580,0,4206,1855,3,2.21,-,-,-100,array=EXPAND+array_index=const,unroll_times=15,unroll_times=0,func=inline,ARRAY_1~array=EXPAND+array_index=const;LOOP_1~unroll_times=15;LOOP_2~unroll_times=0;FUNC_1~func=inline
8100,3,3349,1854,2885,0,16995,7268,12,6.8462,-,-,0,array=EXPAND+array_index=const,unroll_times=15,unroll_times=8,func=inline,ARRAY_1~array=EXPAND+array_index=const;LOOP_1~unroll_times=15;LOOP_2~unroll_times=8;FUNC_1~func=inline
7039,5,2074,1908,3015,0,15033,6096,42,5.135,-,-,-50,array=EXPAND+array_index=const,unroll_times=15,unroll_times=8,func=inline,ARRAY_1~array=EXPAND+array_index=const;LOOP_1~unroll_times=15;LOOP_2~unroll_times=8;FUNC_1~func=inline
4086,17,374,1896,1797,0,7947,3078,19,2.75,-,-,-100,array=EXPAND+array_index=const,unroll_times=15,unroll_times=8,func=inline,ARRAY_1~array=EXPAND+array_index=const;LOOP_1~unroll_times=15;LOOP_2~unroll_times=8;FUNC_1~func=inline
4011,1,2281,1728,0,0,5889,3072,2,4.24,-,-,0,array=EXPAND+array_index=const,unroll_times=15,unroll_times=16,func=inline,ARRAY_1~array=EXPAND+array_index=const;LOOP_1~unroll_times=15;LOOP_2~unroll_times=16;FUNC_1~func=inline
3884,2,1455,1944,483,0,6594,3122,2,3.7134,-,-,-50,array=EXPAND+array_index=const,unroll_times=15,unroll_times=16,func=inline,ARRAY_1~array=EXPAND+array_index=const;LOOP_1~unroll_times=15;LOOP_2~unroll_times=16;FUNC_1~func=inline
3460,6,522,2166,757,0,5873,2521,15,3.4484,-,-,-100,array=EXPAND+array_index=const,unroll_times=15,unroll_times=16,func=inline,ARRAY_1~array=EXPAND+array_index=const;LOOP_1~unroll_times=15;LOOP_2~unroll_times=16;FUNC_1~func=inline
2755,17,318,1854,580,0,4206,1855,3,2.21,-,-,0,array=EXPAND+array_index=const,unroll_times=15,folding=0,func=inline,ARRAY_1~array=EXPAND+array_index=const;LOOP_1~unroll_times=15;LOOP_2~folding=0;FUNC_1~func=inline
2755,17,318,1854,580,0,4206,1855,3,2.21,-,-,-50,array=EXPAND+array_index=const,unroll_times=15,folding=0,func=inline,ARRAY_1~array=EXPAND+array_index=const;LOOP_1~unroll_times=15;LOOP_2~folding=0;FUNC_1~func=inline
2755,17,318,1854,580,0,4206,1855,3,2.21,-,-,-100,array=EXPAND+array_index=const,unroll_times=15,folding=0,func=inline,ARRAY_1~array=EXPAND+array_index=const;LOOP_1~unroll_times=15;LOOP_2~folding=0;FUNC_1~func=inline
2771,18,318,1866,581,0,4234,1871,6,1.51,-,-,0,array=EXPAND+array_index=const,unroll_times=15,folding=1,func=inline,ARRAY_1~array=EXPAND+array_index=const;LOOP_1~unroll_times=15;LOOP_2~folding=1;FUNC_1~func=inline
2771,18,318,1866,581,0,4234,1871,6,1.51,-,-,-50,array=EXPAND+array_index=const,unroll_times=15,folding=1,func=inline,ARRAY_1~array=EXPAND+array_index=const;LOOP_1~unroll_times=15;LOOP_2~folding=1;FUNC_1~func=inline
2771,18,318,1866,581,0,4234,1871,6,1.51,-,-,-100,array=EXPAND+array_index=const,unroll_times=15,folding=1,func=inline,ARRAY_1~array=EXPAND+array_index=const;LOOP_1~unroll_times=15;LOOP_2~folding=1;FUNC_1~func=inline
7611,32,339,1962,5300,0,17614,6045,10,2.21,-,-,0,array=EXPAND+array_index=const,folding=0,unroll_times=0,func=inline,ARRAY_1~array=EXPAND+array_index=const;LOOP_1~folding=0;LOOP_2~unroll_times=0;FUNC_1~func=inline
7611,32,339,1962,5300,0,17614,6045,10,2.21,-,-,-50,array=EXPAND+array_index=const,folding=0,unroll_times=0,func=inline,ARRAY_1~array=EXPAND+array_index=const;LOOP_1~folding=0;LOOP_2~unroll_times=0;FUNC_1~func=inline
7611,32,339,1962,5300,0,17614,6045,10,2.21,-,-,-100,array=EXPAND+array_index=const,folding=0,unroll_times=0,func=inline,ARRAY_1~array=EXPAND+array_index=const;LOOP_1~folding=0;LOOP_2~unroll_times=0;FUNC_1~func=inline
13452,18,3370,1962,8100,0,31657,11745,20,6.8462,-,-,0,array=EXPAND+array_index=const,folding=0,unroll_times=8,func=inline,ARRAY_1~array=EXPAND+array_index=const;LOOP_1~folding=0;LOOP_2~unroll_times=8;FUNC_1~func=inline
12358,20,2095,1986,8228,0,29659,10548,49,5.135,-,-,-50,array=EXPAND+array_index=const,folding=0,unroll_times=8,func=inline,ARRAY_1~array=EXPAND+array_index=const;LOOP_1~folding=0;LOOP_2~unroll_times=8;FUNC_1~func=inline
8918,32,395,1974,6525,0,21336,7237,24,2.75,-,-,-100,array=EXPAND+array_index=const,folding=0,unroll_times=8,func=inline,ARRAY_1~array=EXPAND+array_index=const;LOOP_1~folding=0;LOOP_2~unroll_times=8;FUNC_1~func=inline
8693,16,2299,1950,4440,0,19268,7389,4,4.6,-,-,0,array=EXPAND+array_index=const,folding=0,unroll_times=16,func=inline,ARRAY_1~array=EXPAND+array_index=const;LOOP_1~folding=0;LOOP_2~unroll_times=16;FUNC_1~func=inline
8601,17,1473,2070,5049,0,19584,7114,9,4.5334,-,-,-50,array=EXPAND+array_index=const,folding=0,unroll_times=16,func=inline,ARRAY_1~array=EXPAND+array_index=const;LOOP_1~folding=0;LOOP_2~unroll_times=16;FUNC_1~func=inline
8020,35,531,2394,5069,0,18269,6375,26,3.6384,-,-,-100,array=EXPAND+array_index=const,folding=0,unroll_times=16,func=inline,ARRAY_1~array=EXPAND+array_index=const;LOOP_1~folding=0;LOOP_2~unroll_times=16;FUNC_1~func=inline
7611,32,339,1962,5300,0,17614,6045,10,2.21,-,-,0,array=EXPAND+array_index=const,folding=0,folding=0,func=inline,ARRAY_1~array=EXPAND+array_index=const;LOOP_1~folding=0;LOOP_2~folding=0;FUNC_1~func=inline
7611,32,339,1962,5300,0,17614,6045,10,2.21,-,-,-50,array=EXPAND+array_index=const,folding=0,folding=0,func=inline,ARRAY_1~array=EXPAND+array_index=const;LOOP_1~folding=0;LOOP_2~folding=0;FUNC_1~func=inline
7611,32,339,1962,5300,0,17614,6045,10,2.21,-,-,-100,array=EXPAND+array_index=const,folding=0,folding=0,func=inline,ARRAY_1~array=EXPAND+array_index=const;LOOP_1~folding=0;LOOP_2~folding=0;FUNC_1~func=inline
7502,33,339,1866,5286,0,17478,5983,11,1.51,-,-,0,array=EXPAND+array_index=const,folding=0,folding=1,func=inline,ARRAY_1~array=EXPAND+array_index=const;LOOP_1~folding=0;LOOP_2~folding=1;FUNC_1~func=inline
7502,33,339,1866,5286,0,17478,5983,11,1.51,-,-,-50,array=EXPAND+array_index=const,folding=0,folding=1,func=inline,ARRAY_1~array=EXPAND+array_index=const;LOOP_1~folding=0;LOOP_2~folding=1;FUNC_1~func=inline
7502,33,339,1866,5286,0,17478,5983,11,1.51,-,-,-100,array=EXPAND+array_index=const,folding=0,folding=1,func=inline,ARRAY_1~array=EXPAND+array_index=const;LOOP_1~folding=0;LOOP_2~folding=1;FUNC_1~func=inline
6914,33,336,1860,4709,0,15892,5484,9,2.21,-,-,0,array=EXPAND+array_index=const,folding=1,unroll_times=0,func=inline,ARRAY_1~array=EXPAND+array_index=const;LOOP_1~folding=1;LOOP_2~unroll_times=0;FUNC_1~func=inline
6914,33,336,1860,4709,0,15892,5484,9,2.21,-,-,-50,array=EXPAND+array_index=const,folding=1,unroll_times=0,func=inline,ARRAY_1~array=EXPAND+array_index=const;LOOP_1~folding=1;LOOP_2~unroll_times=0;FUNC_1~func=inline
6914,33,336,1860,4709,0,15892,5484,9,2.21,-,-,-100,array=EXPAND+array_index=const,folding=1,unroll_times=0,func=inline,ARRAY_1~array=EXPAND+array_index=const;LOOP_1~folding=1;LOOP_2~unroll_times=0;FUNC_1~func=inline
12259,19,3367,1860,7014,0,28681,10897,18,6.8462,-,-,0,array=EXPAND+array_index=const,folding=1,unroll_times=8,func=inline,ARRAY_1~array=EXPAND+array_index=const;LOOP_1~folding=1;LOOP_2~unroll_times=8;FUNC_1~func=inline
11196,21,2092,1914,7144,0,26710,9718,46,5.135,-,-,-50,array=EXPAND+array_index=const,folding=1,unroll_times=8,func=inline,ARRAY_1~array=EXPAND+array_index=const;LOOP_1~folding=1;LOOP_2~unroll_times=8;FUNC_1~func=inline
8240,33,392,1896,5928,0,19622,6699,24,2.75,-,-,-100,array=EXPAND+array_index=const,folding=1,unroll_times=8,func=inline,ARRAY_1~array=EXPAND+array_index=const;LOOP_1~folding=1;LOOP_2~unroll_times=8;FUNC_1~func=inline
8591,17,2299,1860,4425,0,19148,7338,7,4.31,-,-,0,array=EXPAND+array_index=const,folding=1,unroll_times=16,func=inline,ARRAY_1~array=EXPAND+array_index=const;LOOP_1~folding=1;LOOP_2~unroll_times=16;FUNC_1~func=inline
8157,18,1473,2070,4606,0,18384,6813,8,3.7634,-,-,-50,array=EXPAND+array_index=const,folding=1,unroll_times=16,func=inline,ARRAY_1~array=EXPAND+array_index=const;LOOP_1~folding=1;LOOP_2~unroll_times=16;FUNC_1~func=inline
7750,24,540,2292,4890,0,17766,6261,28,3.4584,-,-,-100,array=EXPAND+array_index=const,folding=1,unroll_times=16,func=inline,ARRAY_1~array=EXPAND+array_index=const;LOOP_1~folding=1;LOOP_2~unroll_times=16;FUNC_1~func=inline
6914,33,336,1860,4709,0,15892,5484,9,2.21,-,-,0,array=EXPAND+array_index=const,folding=1,folding=0,func=inline,ARRAY_1~array=EXPAND+array_index=const;LOOP_1~folding=1;LOOP_2~folding=0;FUNC_1~func=inline
6914,33,336,1860,4709,0,15892,5484,9,2.21,-,-,-50,array=EXPAND+array_index=const,folding=1,folding=0,func=inline,ARRAY_1~array=EXPAND+array_index=const;LOOP_1~folding=1;LOOP_2~folding=0;FUNC_1~func=inline
6914,33,336,1860,4709,0,15892,5484,9,2.21,-,-,-100,array=EXPAND+array_index=const,folding=1,folding=0,func=inline,ARRAY_1~array=EXPAND+array_index=const;LOOP_1~folding=1;LOOP_2~folding=0;FUNC_1~func=inline
6930,34,336,1872,4711,0,15926,5501,11,1.51,-,-,0,array=EXPAND+array_index=const,folding=1,folding=1,func=inline,ARRAY_1~array=EXPAND+array_index=const;LOOP_1~folding=1;LOOP_2~folding=1;FUNC_1~func=inline
6930,34,336,1872,4711,0,15926,5501,11,1.51,-,-,-50,array=EXPAND+array_index=const,folding=1,folding=1,func=inline,ARRAY_1~array=EXPAND+array_index=const;LOOP_1~folding=1;LOOP_2~folding=1;FUNC_1~func=inline
6930,34,336,1872,4711,0,15926,5501,11,1.51,-,-,-100,array=EXPAND+array_index=const,folding=1,folding=1,func=inline,ARRAY_1~array=EXPAND+array_index=const;LOOP_1~folding=1;LOOP_2~folding=1;FUNC_1~func=inline
