AREA,Latency,FU,REG,MUX,DEC,MISC,CP_delay,BlockMemoryBit,DSP,ARRAY_1,ARRAY_2,ARRAY_3,LOOP_1,LOOP_2,FUNC_1,FU_ratio
2787,10,1699,846,225,0,17,4.7585,-,-,REG,REG,REG,0,0,inline,0
2622,11,1489,852,258,0,23,3.2265,-,-,REG,REG,REG,0,0,inline,-25
2583,11,1417,852,290,0,24,3.8215,-,-,REG,REG,REG,0,0,inline,-50
2534,12,1292,852,362,0,28,3.8265,-,-,REG,REG,REG,0,0,inline,-75
2753,11,1292,1050,390,0,21,3.9315,-,-,REG,REG,REG,0,0,goto,0
2753,11,1292,1050,390,0,21,3.9315,-,-,REG,REG,REG,0,0,goto,-25
2753,11,1292,1050,390,0,21,3.9315,-,-,REG,REG,REG,0,0,goto,-50
2753,11,1292,1050,390,0,21,3.9315,-,-,REG,REG,REG,0,0,goto,-75
2464,19,1069,948,415,0,32,5.9751,-,-,REG,REG,REG,0,3,inline,0
2464,19,1069,948,415,0,32,5.9751,-,-,REG,REG,REG,0,3,inline,-25
2464,20,1050,948,432,0,34,4.4958,-,-,REG,REG,REG,0,3,inline,-50
2464,20,1050,948,432,0,34,4.4958,-,-,REG,REG,REG,0,3,inline,-75
2773,20,1069,1116,558,0,30,3.9275,-,-,REG,REG,REG,0,3,goto,0
2773,20,1069,1116,558,0,30,3.9275,-,-,REG,REG,REG,0,3,goto,-25
2773,20,1069,1116,558,0,30,3.9275,-,-,REG,REG,REG,0,3,goto,-50
2773,20,1069,1116,558,0,30,3.9275,-,-,REG,REG,REG,0,3,goto,-75
2164,10,1295,654,200,0,15,4.7585,-,-,REG,REG,REG,0,6,inline,0
2164,10,1295,654,200,0,15,4.7585,-,-,REG,REG,REG,0,6,inline,-25
1978,11,1085,660,212,0,21,3.4004,-,-,REG,REG,REG,0,6,inline,-50
1978,11,1085,660,212,0,21,3.4004,-,-,REG,REG,REG,0,6,inline,-75
2301,11,1042,900,338,0,21,3.2615,-,-,REG,REG,REG,0,6,goto,0
2301,11,1042,900,338,0,21,3.2615,-,-,REG,REG,REG,0,6,goto,-25
2301,11,1042,900,338,0,21,3.2615,-,-,REG,REG,REG,0,6,goto,-50
2301,11,1042,900,338,0,21,3.2615,-,-,REG,REG,REG,0,6,goto,-75
2164,10,1295,654,200,0,15,4.7585,-,-,REG,REG,REG,0,9,inline,0
2164,10,1295,654,200,0,15,4.7585,-,-,REG,REG,REG,0,9,inline,-25
1978,11,1085,660,212,0,21,3.4004,-,-,REG,REG,REG,0,9,inline,-50
1978,11,1085,660,212,0,21,3.4004,-,-,REG,REG,REG,0,9,inline,-75
2301,11,1042,900,338,0,21,3.2615,-,-,REG,REG,REG,0,9,goto,0
2301,11,1042,900,338,0,21,3.2615,-,-,REG,REG,REG,0,9,goto,-25
2301,11,1042,900,338,0,21,3.2615,-,-,REG,REG,REG,0,9,goto,-50
2301,11,1042,900,338,0,21,3.2615,-,-,REG,REG,REG,0,9,goto,-75
2688,19,1332,924,400,0,32,5.1595,-,-,REG,REG,REG,3,0,inline,0
2688,19,1332,924,400,0,32,5.1595,-,-,REG,REG,REG,3,0,inline,-25
2575,20,1194,924,425,0,32,3.9325,-,-,REG,REG,REG,3,0,inline,-50
2483,20,1069,924,457,0,33,3.9775,-,-,REG,REG,REG,3,0,inline,-75
2739,20,1069,1116,524,0,30,3.9825,-,-,REG,REG,REG,3,0,goto,0
2739,20,1069,1116,524,0,30,3.9825,-,-,REG,REG,REG,3,0,goto,-25
2739,20,1069,1116,524,0,30,3.9825,-,-,REG,REG,REG,3,0,goto,-50
2739,20,1069,1116,524,0,30,3.9825,-,-,REG,REG,REG,3,0,goto,-75
3210,10,1859,996,331,0,24,5.4878,-,-,REG,REG,REG,3,3,inline,0
3449,11,1925,1098,397,0,29,4.4158,-,-,REG,REG,REG,3,3,inline,-25
3267,11,1715,1038,483,0,31,4.4858,-,-,REG,REG,REG,3,3,inline,-50
2996,12,1452,1002,507,0,35,4.4908,-,-,REG,REG,REG,3,3,inline,-75
3155,11,1452,1140,537,0,26,4.6008,-,-,REG,REG,REG,3,3,goto,0
3155,11,1452,1140,537,0,26,4.6008,-,-,REG,REG,REG,3,3,goto,-25
3155,11,1452,1140,537,0,26,4.6008,-,-,REG,REG,REG,3,3,goto,-50
3155,11,1452,1140,537,0,26,4.6008,-,-,REG,REG,REG,3,3,goto,-75
2465,10,1343,792,302,0,28,5.6842,-,-,REG,REG,REG,3,6,inline,0
2465,10,1343,792,302,0,28,5.6842,-,-,REG,REG,REG,3,6,inline,-25
2520,11,1308,858,325,0,29,4.2442,-,-,REG,REG,REG,3,6,inline,-50
2520,11,1308,858,325,0,29,4.2442,-,-,REG,REG,REG,3,6,inline,-75
2687,11,1216,990,456,0,25,3.9908,-,-,REG,REG,REG,3,6,goto,0
2687,11,1216,990,456,0,25,3.9908,-,-,REG,REG,REG,3,6,goto,-25
2687,11,1216,990,456,0,25,3.9908,-,-,REG,REG,REG,3,6,goto,-50
2687,11,1216,990,456,0,25,3.9908,-,-,REG,REG,REG,3,6,goto,-75
2465,10,1343,792,302,0,28,5.6842,-,-,REG,REG,REG,3,9,inline,0
2465,10,1343,792,302,0,28,5.6842,-,-,REG,REG,REG,3,9,inline,-25
2520,11,1308,858,325,0,29,4.2442,-,-,REG,REG,REG,3,9,inline,-50
2520,11,1308,858,325,0,29,4.2442,-,-,REG,REG,REG,3,9,inline,-75
2687,11,1216,990,456,0,25,3.9908,-,-,REG,REG,REG,3,9,goto,0
2687,11,1216,990,456,0,25,3.9908,-,-,REG,REG,REG,3,9,goto,-25
2687,11,1216,990,456,0,25,3.9908,-,-,REG,REG,REG,3,9,goto,-50
2687,11,1216,990,456,0,25,3.9908,-,-,REG,REG,REG,3,9,goto,-75
2240,10,1281,720,223,0,16,4.7585,-,-,REG,REG,REG,6,0,inline,0
2240,10,1281,720,223,0,16,4.7585,-,-,REG,REG,REG,6,0,inline,-25
2060,11,1071,732,235,0,22,3.2265,-,-,REG,REG,REG,6,0,inline,-50
2060,11,1071,732,235,0,22,3.2265,-,-,REG,REG,REG,6,0,inline,-75
2538,11,1049,1050,420,0,19,3.2615,-,-,REG,REG,REG,6,0,goto,0
2538,11,1049,1050,420,0,19,3.2615,-,-,REG,REG,REG,6,0,goto,-25
2538,11,1049,1050,420,0,19,3.2615,-,-,REG,REG,REG,6,0,goto,-50
2538,11,1049,1050,420,0,19,3.2615,-,-,REG,REG,REG,6,0,goto,-75
2504,10,1323,846,312,0,23,5.4712,-,-,REG,REG,REG,6,3,inline,0
2504,10,1323,846,312,0,23,5.4712,-,-,REG,REG,REG,6,3,inline,-25
2556,11,1317,888,325,0,26,4.6792,-,-,REG,REG,REG,6,3,inline,-50
2556,11,1317,888,325,0,26,4.6792,-,-,REG,REG,REG,6,3,inline,-75
2913,11,1223,1116,550,0,24,3.9908,-,-,REG,REG,REG,6,3,goto,0
2913,11,1223,1116,550,0,24,3.9908,-,-,REG,REG,REG,6,3,goto,-25
2913,11,1223,1116,550,0,24,3.9908,-,-,REG,REG,REG,6,3,goto,-50
2913,11,1223,1116,550,0,24,3.9908,-,-,REG,REG,REG,6,3,goto,-75
784,1,754,0,28,0,2,2.482,-,-,REG,REG,REG,6,6,inline,0
964,2,690,216,50,0,8,2.5562,-,-,REG,REG,REG,6,6,inline,-25
888,2,568,234,76,0,10,2.6395,-,-,REG,REG,REG,6,6,inline,-50
850,2,489,264,89,0,8,3.647,-,-,REG,REG,REG,6,6,inline,-75
925,2,626,210,83,0,6,1.832,-,-,REG,REG,REG,6,6,goto,0
925,2,626,210,83,0,6,1.832,-,-,REG,REG,REG,6,6,goto,-25
880,3,460,264,145,0,11,2.355,-,-,REG,REG,REG,6,6,goto,-50
820,3,401,264,144,0,11,2.382,-,-,REG,REG,REG,6,6,goto,-75
784,1,754,0,28,0,2,2.482,-,-,REG,REG,REG,6,9,inline,0
964,2,690,216,50,0,8,2.5562,-,-,REG,REG,REG,6,9,inline,-25
888,2,568,234,76,0,10,2.6395,-,-,REG,REG,REG,6,9,inline,-50
850,2,489,264,89,0,8,3.647,-,-,REG,REG,REG,6,9,inline,-75
925,2,626,210,83,0,6,1.832,-,-,REG,REG,REG,6,9,goto,0
925,2,626,210,83,0,6,1.832,-,-,REG,REG,REG,6,9,goto,-25
880,3,460,264,145,0,11,2.355,-,-,REG,REG,REG,6,9,goto,-50
820,3,401,264,144,0,11,2.382,-,-,REG,REG,REG,6,9,goto,-75
2240,10,1281,720,223,0,16,4.7585,-,-,REG,REG,REG,9,0,inline,0
2240,10,1281,720,223,0,16,4.7585,-,-,REG,REG,REG,9,0,inline,-25
2060,11,1071,732,235,0,22,3.2265,-,-,REG,REG,REG,9,0,inline,-50
2060,11,1071,732,235,0,22,3.2265,-,-,REG,REG,REG,9,0,inline,-75
2538,11,1049,1050,420,0,19,3.2615,-,-,REG,REG,REG,9,0,goto,0
2538,11,1049,1050,420,0,19,3.2615,-,-,REG,REG,REG,9,0,goto,-25
2538,11,1049,1050,420,0,19,3.2615,-,-,REG,REG,REG,9,0,goto,-50
2538,11,1049,1050,420,0,19,3.2615,-,-,REG,REG,REG,9,0,goto,-75
2504,10,1323,846,312,0,23,5.4712,-,-,REG,REG,REG,9,3,inline,0
2504,10,1323,846,312,0,23,5.4712,-,-,REG,REG,REG,9,3,inline,-25
2556,11,1317,888,325,0,26,4.6792,-,-,REG,REG,REG,9,3,inline,-50
2556,11,1317,888,325,0,26,4.6792,-,-,REG,REG,REG,9,3,inline,-75
2913,11,1223,1116,550,0,24,3.9908,-,-,REG,REG,REG,9,3,goto,0
2913,11,1223,1116,550,0,24,3.9908,-,-,REG,REG,REG,9,3,goto,-25
2913,11,1223,1116,550,0,24,3.9908,-,-,REG,REG,REG,9,3,goto,-50
2913,11,1223,1116,550,0,24,3.9908,-,-,REG,REG,REG,9,3,goto,-75
784,1,754,0,28,0,2,2.482,-,-,REG,REG,REG,9,6,inline,0
964,2,690,216,50,0,8,2.5562,-,-,REG,REG,REG,9,6,inline,-25
888,2,568,234,76,0,10,2.6395,-,-,REG,REG,REG,9,6,inline,-50
850,2,489,264,89,0,8,3.647,-,-,REG,REG,REG,9,6,inline,-75
925,2,626,210,83,0,6,1.832,-,-,REG,REG,REG,9,6,goto,0
925,2,626,210,83,0,6,1.832,-,-,REG,REG,REG,9,6,goto,-25
880,3,460,264,145,0,11,2.355,-,-,REG,REG,REG,9,6,goto,-50
820,3,401,264,144,0,11,2.382,-,-,REG,REG,REG,9,6,goto,-75
784,1,754,0,28,0,2,2.482,-,-,REG,REG,REG,9,9,inline,0
964,2,690,216,50,0,8,2.5562,-,-,REG,REG,REG,9,9,inline,-25
888,2,568,234,76,0,10,2.6395,-,-,REG,REG,REG,9,9,inline,-50
850,2,489,264,89,0,8,3.647,-,-,REG,REG,REG,9,9,inline,-75
925,2,626,210,83,0,6,1.832,-,-,REG,REG,REG,9,9,goto,0
925,2,626,210,83,0,6,1.832,-,-,REG,REG,REG,9,9,goto,-25
880,3,460,264,145,0,11,2.355,-,-,REG,REG,REG,9,9,goto,-50
820,3,401,264,144,0,11,2.382,-,-,REG,REG,REG,9,9,goto,-75
5881,20,4596,900,361,0,24,8.5401,-,-,REG,ROM,REG,0,0,inline,0
5881,20,4596,900,361,0,24,8.5401,-,-,REG,ROM,REG,0,0,inline,-25
5881,20,4596,900,361,0,24,8.5401,-,-,REG,ROM,REG,0,0,inline,-50
5881,20,4596,900,361,0,24,8.5401,-,-,REG,ROM,REG,0,0,inline,-75
6040,20,4543,1050,427,0,20,8.9773,-,-,REG,ROM,REG,0,0,goto,0
6040,20,4543,1050,427,0,20,8.9773,-,-,REG,ROM,REG,0,0,goto,-25
6040,20,4543,1050,427,0,20,8.9773,-,-,REG,ROM,REG,0,0,goto,-50
6040,20,4543,1050,427,0,20,8.9773,-,-,REG,ROM,REG,0,0,goto,-75
6108,28,4722,948,407,0,31,8.6483,-,-,REG,ROM,REG,0,3,inline,0
6108,28,4722,948,407,0,31,8.6483,-,-,REG,ROM,REG,0,3,inline,-25
6121,29,4703,924,461,0,33,8.6133,-,-,REG,ROM,REG,0,3,inline,-50
6121,29,4703,924,461,0,33,8.6133,-,-,REG,ROM,REG,0,3,inline,-75
6401,29,4722,1116,535,0,28,8.9783,-,-,REG,ROM,REG,0,3,goto,0
6401,29,4722,1116,535,0,28,8.9783,-,-,REG,ROM,REG,0,3,goto,-25
6401,29,4722,1116,535,0,28,8.9783,-,-,REG,ROM,REG,0,3,goto,-50
6401,29,4722,1116,535,0,28,8.9783,-,-,REG,ROM,REG,0,3,goto,-75
5331,20,4313,702,294,0,22,8.2673,-,-,REG,ROM,REG,0,6,inline,0
5331,20,4313,702,294,0,22,8.2673,-,-,REG,ROM,REG,0,6,inline,-25
5331,20,4313,702,294,0,22,8.2673,-,-,REG,ROM,REG,0,6,inline,-50
5331,20,4313,702,294,0,22,8.2673,-,-,REG,ROM,REG,0,6,inline,-75
5625,20,4326,900,378,0,21,8.3073,-,-,REG,ROM,REG,0,6,goto,0
5625,20,4326,900,378,0,21,8.3073,-,-,REG,ROM,REG,0,6,goto,-25
5625,20,4326,900,378,0,21,8.3073,-,-,REG,ROM,REG,0,6,goto,-50
5625,20,4326,900,378,0,21,8.3073,-,-,REG,ROM,REG,0,6,goto,-75
5331,20,4313,702,294,0,22,8.2673,-,-,REG,ROM,REG,0,9,inline,0
5331,20,4313,702,294,0,22,8.2673,-,-,REG,ROM,REG,0,9,inline,-25
5331,20,4313,702,294,0,22,8.2673,-,-,REG,ROM,REG,0,9,inline,-50
5331,20,4313,702,294,0,22,8.2673,-,-,REG,ROM,REG,0,9,inline,-75
5625,20,4326,900,378,0,21,8.3073,-,-,REG,ROM,REG,0,9,goto,0
5625,20,4326,900,378,0,21,8.3073,-,-,REG,ROM,REG,0,9,goto,-25
5625,20,4326,900,378,0,21,8.3073,-,-,REG,ROM,REG,0,9,goto,-50
5625,20,4326,900,378,0,21,8.3073,-,-,REG,ROM,REG,0,9,goto,-75
6597,22,5061,1080,423,0,33,9.1273,-,-,REG,ROM,REG,3,0,inline,0
6597,22,5061,1080,423,0,33,9.1273,-,-,REG,ROM,REG,3,0,inline,-25
6423,23,4851,1080,458,0,34,9.0923,-,-,REG,ROM,REG,3,0,inline,-50
5958,23,4641,888,394,0,35,9.0973,-,-,REG,ROM,REG,3,0,inline,-75
6259,23,4588,1080,558,0,33,9.2023,-,-,REG,ROM,REG,3,0,goto,0
6259,23,4588,1080,558,0,33,9.2023,-,-,REG,ROM,REG,3,0,goto,-25
6259,23,4588,1080,558,0,33,9.2023,-,-,REG,ROM,REG,3,0,goto,-50
6259,23,4588,1080,558,0,33,9.2023,-,-,REG,ROM,REG,3,0,goto,-75
6532,14,4851,1104,542,0,35,8.5451,-,-,REG,ROM,REG,3,3,inline,0
6532,14,4851,1104,542,0,35,8.5451,-,-,REG,ROM,REG,3,3,inline,-25
6532,14,4851,1104,542,0,35,8.5451,-,-,REG,ROM,REG,3,3,inline,-50
6532,14,4851,1104,542,0,35,8.5451,-,-,REG,ROM,REG,3,3,inline,-75
6527,14,4641,1164,692,0,30,8.6451,-,-,REG,ROM,REG,3,3,goto,0
6527,14,4641,1164,692,0,30,8.6451,-,-,REG,ROM,REG,3,3,goto,-25
6527,14,4641,1164,692,0,30,8.6451,-,-,REG,ROM,REG,3,3,goto,-50
6527,14,4641,1164,692,0,30,8.6451,-,-,REG,ROM,REG,3,3,goto,-75
5795,14,4487,882,398,0,28,9.0873,-,-,REG,ROM,REG,3,6,inline,0
5795,14,4487,882,398,0,28,9.0873,-,-,REG,ROM,REG,3,6,inline,-25
5795,14,4487,882,398,0,28,9.0873,-,-,REG,ROM,REG,3,6,inline,-50
5795,14,4487,882,398,0,28,9.0873,-,-,REG,ROM,REG,3,6,inline,-75
5911,14,4429,930,522,0,30,9.1973,-,-,REG,ROM,REG,3,6,goto,0
5911,14,4429,930,522,0,30,9.1973,-,-,REG,ROM,REG,3,6,goto,-25
5911,14,4429,930,522,0,30,9.1973,-,-,REG,ROM,REG,3,6,goto,-50
5911,14,4429,930,522,0,30,9.1973,-,-,REG,ROM,REG,3,6,goto,-75
5795,14,4487,882,398,0,28,9.0873,-,-,REG,ROM,REG,3,9,inline,0
5795,14,4487,882,398,0,28,9.0873,-,-,REG,ROM,REG,3,9,inline,-25
5795,14,4487,882,398,0,28,9.0873,-,-,REG,ROM,REG,3,9,inline,-50
5795,14,4487,882,398,0,28,9.0873,-,-,REG,ROM,REG,3,9,inline,-75
5911,14,4429,930,522,0,30,9.1973,-,-,REG,ROM,REG,3,9,goto,0
5911,14,4429,930,522,0,30,9.1973,-,-,REG,ROM,REG,3,9,goto,-25
5911,14,4429,930,522,0,30,9.1973,-,-,REG,ROM,REG,3,9,goto,-50
5911,14,4429,930,522,0,30,9.1973,-,-,REG,ROM,REG,3,9,goto,-75
2240,10,1281,720,223,0,16,4.7585,-,-,REG,ROM,REG,6,0,inline,0
2240,10,1281,720,223,0,16,4.7585,-,-,REG,ROM,REG,6,0,inline,-25
2060,11,1071,732,235,0,22,3.2265,-,-,REG,ROM,REG,6,0,inline,-50
2060,11,1071,732,235,0,22,3.2265,-,-,REG,ROM,REG,6,0,inline,-75
2538,11,1049,1050,420,0,19,3.2615,-,-,REG,ROM,REG,6,0,goto,0
2538,11,1049,1050,420,0,19,3.2615,-,-,REG,ROM,REG,6,0,goto,-25
2538,11,1049,1050,420,0,19,3.2615,-,-,REG,ROM,REG,6,0,goto,-50
2538,11,1049,1050,420,0,19,3.2615,-,-,REG,ROM,REG,6,0,goto,-75
2504,10,1323,846,312,0,23,5.4712,-,-,REG,ROM,REG,6,3,inline,0
2504,10,1323,846,312,0,23,5.4712,-,-,REG,ROM,REG,6,3,inline,-25
2556,11,1317,888,325,0,26,4.6792,-,-,REG,ROM,REG,6,3,inline,-50
2556,11,1317,888,325,0,26,4.6792,-,-,REG,ROM,REG,6,3,inline,-75
2913,11,1223,1116,550,0,24,3.9908,-,-,REG,ROM,REG,6,3,goto,0
2913,11,1223,1116,550,0,24,3.9908,-,-,REG,ROM,REG,6,3,goto,-25
2913,11,1223,1116,550,0,24,3.9908,-,-,REG,ROM,REG,6,3,goto,-50
2913,11,1223,1116,550,0,24,3.9908,-,-,REG,ROM,REG,6,3,goto,-75
784,1,754,0,28,0,2,2.482,-,-,REG,ROM,REG,6,6,inline,0
964,2,690,216,50,0,8,2.5562,-,-,REG,ROM,REG,6,6,inline,-25
888,2,568,234,76,0,10,2.6395,-,-,REG,ROM,REG,6,6,inline,-50
850,2,489,264,89,0,8,3.647,-,-,REG,ROM,REG,6,6,inline,-75
925,2,626,210,83,0,6,1.832,-,-,REG,ROM,REG,6,6,goto,0
925,2,626,210,83,0,6,1.832,-,-,REG,ROM,REG,6,6,goto,-25
880,3,460,264,145,0,11,2.355,-,-,REG,ROM,REG,6,6,goto,-50
820,3,401,264,144,0,11,2.382,-,-,REG,ROM,REG,6,6,goto,-75
784,1,754,0,28,0,2,2.482,-,-,REG,ROM,REG,6,9,inline,0
964,2,690,216,50,0,8,2.5562,-,-,REG,ROM,REG,6,9,inline,-25
888,2,568,234,76,0,10,2.6395,-,-,REG,ROM,REG,6,9,inline,-50
850,2,489,264,89,0,8,3.647,-,-,REG,ROM,REG,6,9,inline,-75
925,2,626,210,83,0,6,1.832,-,-,REG,ROM,REG,6,9,goto,0
925,2,626,210,83,0,6,1.832,-,-,REG,ROM,REG,6,9,goto,-25
880,3,460,264,145,0,11,2.355,-,-,REG,ROM,REG,6,9,goto,-50
820,3,401,264,144,0,11,2.382,-,-,REG,ROM,REG,6,9,goto,-75
2240,10,1281,720,223,0,16,4.7585,-,-,REG,ROM,REG,9,0,inline,0
2240,10,1281,720,223,0,16,4.7585,-,-,REG,ROM,REG,9,0,inline,-25
2060,11,1071,732,235,0,22,3.2265,-,-,REG,ROM,REG,9,0,inline,-50
2060,11,1071,732,235,0,22,3.2265,-,-,REG,ROM,REG,9,0,inline,-75
2538,11,1049,1050,420,0,19,3.2615,-,-,REG,ROM,REG,9,0,goto,0
2538,11,1049,1050,420,0,19,3.2615,-,-,REG,ROM,REG,9,0,goto,-25
2538,11,1049,1050,420,0,19,3.2615,-,-,REG,ROM,REG,9,0,goto,-50
2538,11,1049,1050,420,0,19,3.2615,-,-,REG,ROM,REG,9,0,goto,-75
2504,10,1323,846,312,0,23,5.4712,-,-,REG,ROM,REG,9,3,inline,0
2504,10,1323,846,312,0,23,5.4712,-,-,REG,ROM,REG,9,3,inline,-25
2556,11,1317,888,325,0,26,4.6792,-,-,REG,ROM,REG,9,3,inline,-50
2556,11,1317,888,325,0,26,4.6792,-,-,REG,ROM,REG,9,3,inline,-75
2913,11,1223,1116,550,0,24,3.9908,-,-,REG,ROM,REG,9,3,goto,0
2913,11,1223,1116,550,0,24,3.9908,-,-,REG,ROM,REG,9,3,goto,-25
2913,11,1223,1116,550,0,24,3.9908,-,-,REG,ROM,REG,9,3,goto,-50
2913,11,1223,1116,550,0,24,3.9908,-,-,REG,ROM,REG,9,3,goto,-75
784,1,754,0,28,0,2,2.482,-,-,REG,ROM,REG,9,6,inline,0
964,2,690,216,50,0,8,2.5562,-,-,REG,ROM,REG,9,6,inline,-25
888,2,568,234,76,0,10,2.6395,-,-,REG,ROM,REG,9,6,inline,-50
850,2,489,264,89,0,8,3.647,-,-,REG,ROM,REG,9,6,inline,-75
925,2,626,210,83,0,6,1.832,-,-,REG,ROM,REG,9,6,goto,0
925,2,626,210,83,0,6,1.832,-,-,REG,ROM,REG,9,6,goto,-25
880,3,460,264,145,0,11,2.355,-,-,REG,ROM,REG,9,6,goto,-50
820,3,401,264,144,0,11,2.382,-,-,REG,ROM,REG,9,6,goto,-75
784,1,754,0,28,0,2,2.482,-,-,REG,ROM,REG,9,9,inline,0
964,2,690,216,50,0,8,2.5562,-,-,REG,ROM,REG,9,9,inline,-25
888,2,568,234,76,0,10,2.6395,-,-,REG,ROM,REG,9,9,inline,-50
850,2,489,264,89,0,8,3.647,-,-,REG,ROM,REG,9,9,inline,-75
925,2,626,210,83,0,6,1.832,-,-,REG,ROM,REG,9,9,goto,0
925,2,626,210,83,0,6,1.832,-,-,REG,ROM,REG,9,9,goto,-25
880,3,460,264,145,0,11,2.355,-,-,REG,ROM,REG,9,9,goto,-50
820,3,401,264,144,0,11,2.382,-,-,REG,ROM,REG,9,9,goto,-75
2393,27,1699,432,225,0,37,4.5312,-,-,RAM,REG,REG,0,0,inline,0
2221,28,1489,432,259,0,41,2.9992,-,-,RAM,REG,REG,0,0,inline,-25
2182,28,1417,432,291,0,42,3.5942,-,-,RAM,REG,REG,0,0,inline,-50
2064,29,1292,432,293,0,47,3.5992,-,-,RAM,REG,REG,0,0,inline,-75
2320,28,1292,630,359,0,39,3.7042,-,-,RAM,REG,REG,0,0,goto,0
2320,28,1292,630,359,0,39,3.7042,-,-,RAM,REG,REG,0,0,goto,-25
2320,28,1292,630,359,0,39,3.7042,-,-,RAM,REG,REG,0,0,goto,-50
2320,28,1292,630,359,0,39,3.7042,-,-,RAM,REG,REG,0,0,goto,-75
1992,39,1069,522,345,0,56,5.7718,-,-,RAM,REG,REG,0,3,inline,0
1992,39,1069,522,345,0,56,5.7718,-,-,RAM,REG,REG,0,3,inline,-25
1995,40,1050,522,365,0,58,4.2925,-,-,RAM,REG,REG,0,3,inline,-50
1995,40,1050,522,365,0,58,4.2925,-,-,RAM,REG,REG,0,3,inline,-75
2307,40,1069,714,471,0,53,3.7292,-,-,RAM,REG,REG,0,3,goto,0
2307,40,1069,714,471,0,53,3.7292,-,-,RAM,REG,REG,0,3,goto,-25
2307,40,1069,714,471,0,53,3.7292,-,-,RAM,REG,REG,0,3,goto,-50
2307,40,1069,714,471,0,53,3.7292,-,-,RAM,REG,REG,0,3,goto,-75
1655,33,928,384,285,0,58,3.5284,-,-,RAM,REG,REG,0,6,inline,0
1655,33,928,384,285,0,58,3.5284,-,-,RAM,REG,REG,0,6,inline,-25
1655,33,928,384,285,0,58,3.5284,-,-,RAM,REG,REG,0,6,inline,-50
1655,33,928,384,285,0,58,3.5284,-,-,RAM,REG,REG,0,6,inline,-75
1977,34,959,534,427,0,57,3.0342,-,-,RAM,REG,REG,0,6,goto,0
1977,34,959,534,427,0,57,3.0342,-,-,RAM,REG,REG,0,6,goto,-25
1977,34,959,534,427,0,57,3.0342,-,-,RAM,REG,REG,0,6,goto,-50
1977,34,959,534,427,0,57,3.0342,-,-,RAM,REG,REG,0,6,goto,-75
1655,33,928,384,285,0,58,3.5284,-,-,RAM,REG,REG,0,9,inline,0
1655,33,928,384,285,0,58,3.5284,-,-,RAM,REG,REG,0,9,inline,-25
1655,33,928,384,285,0,58,3.5284,-,-,RAM,REG,REG,0,9,inline,-50
1655,33,928,384,285,0,58,3.5284,-,-,RAM,REG,REG,0,9,inline,-75
1977,34,959,534,427,0,57,3.0342,-,-,RAM,REG,REG,0,9,goto,0
1977,34,959,534,427,0,57,3.0342,-,-,RAM,REG,REG,0,9,goto,-25
1977,34,959,534,427,0,57,3.0342,-,-,RAM,REG,REG,0,9,goto,-50
1977,34,959,534,427,0,57,3.0342,-,-,RAM,REG,REG,0,9,goto,-75
2230,39,1279,522,375,0,54,5.6885,-,-,RAM,REG,REG,3,0,inline,0
2230,39,1279,522,375,0,54,5.6885,-,-,RAM,REG,REG,3,0,inline,-25
2052,40,1069,522,406,0,55,3.7042,-,-,RAM,REG,REG,3,0,inline,-50
2052,40,1069,522,406,0,55,3.7042,-,-,RAM,REG,REG,3,0,inline,-75
2291,40,1069,654,515,0,53,3.7092,-,-,RAM,REG,REG,3,0,goto,0
2291,40,1069,654,515,0,53,3.7092,-,-,RAM,REG,REG,3,0,goto,-25
2291,40,1069,654,515,0,53,3.7092,-,-,RAM,REG,REG,3,0,goto,-50
2291,40,1069,654,515,0,53,3.7092,-,-,RAM,REG,REG,3,0,goto,-75
2750,21,1859,576,270,0,45,5.2145,-,-,RAM,REG,REG,3,3,inline,0
3006,22,1925,696,334,0,51,4.1425,-,-,RAM,REG,REG,3,3,inline,-25
2823,22,1715,636,420,0,52,4.1425,-,-,RAM,REG,REG,3,3,inline,-50
2531,23,1452,576,446,0,57,4.1475,-,-,RAM,REG,REG,3,3,inline,-75
2691,22,1452,714,478,0,47,4.2575,-,-,RAM,REG,REG,3,3,goto,0
2691,22,1452,714,478,0,47,4.2575,-,-,RAM,REG,REG,3,3,goto,-25
2691,22,1452,714,478,0,47,4.2575,-,-,RAM,REG,REG,3,3,goto,-50
2691,22,1452,714,478,0,47,4.2575,-,-,RAM,REG,REG,3,3,goto,-75
1813,27,993,384,370,0,66,3.6459,-,-,RAM,REG,REG,3,6,inline,0
1813,27,993,384,370,0,66,3.6459,-,-,RAM,REG,REG,3,6,inline,-25
1813,27,993,384,370,0,66,3.6459,-,-,RAM,REG,REG,3,6,inline,-50
1813,27,993,384,370,0,66,3.6459,-,-,RAM,REG,REG,3,6,inline,-75
2268,28,1133,618,452,0,65,3.6009,-,-,RAM,REG,REG,3,6,goto,0
2268,28,1133,618,452,0,65,3.6009,-,-,RAM,REG,REG,3,6,goto,-25
2268,28,1133,618,452,0,65,3.6009,-,-,RAM,REG,REG,3,6,goto,-50
2268,28,1133,618,452,0,65,3.6009,-,-,RAM,REG,REG,3,6,goto,-75
1813,27,993,384,370,0,66,3.6459,-,-,RAM,REG,REG,3,9,inline,0
1813,27,993,384,370,0,66,3.6459,-,-,RAM,REG,REG,3,9,inline,-25
1813,27,993,384,370,0,66,3.6459,-,-,RAM,REG,REG,3,9,inline,-50
1813,27,993,384,370,0,66,3.6459,-,-,RAM,REG,REG,3,9,inline,-75
2268,28,1133,618,452,0,65,3.6009,-,-,RAM,REG,REG,3,9,goto,0
2268,28,1133,618,452,0,65,3.6009,-,-,RAM,REG,REG,3,9,goto,-25
2268,28,1133,618,452,0,65,3.6009,-,-,RAM,REG,REG,3,9,goto,-50
2268,28,1133,618,452,0,65,3.6009,-,-,RAM,REG,REG,3,9,goto,-75
1888,27,1159,426,263,0,40,4.5312,-,-,RAM,REG,REG,6,0,inline,0
1888,27,1159,426,263,0,40,4.5312,-,-,RAM,REG,REG,6,0,inline,-25
1695,28,949,426,276,0,44,2.9992,-,-,RAM,REG,REG,6,0,inline,-50
1695,28,949,426,276,0,44,2.9992,-,-,RAM,REG,REG,6,0,inline,-75
2125,28,929,702,454,0,40,3.0342,-,-,RAM,REG,REG,6,0,goto,0
2125,28,929,702,454,0,40,3.0342,-,-,RAM,REG,REG,6,0,goto,-25
2125,28,929,702,454,0,40,3.0342,-,-,RAM,REG,REG,6,0,goto,-50
2125,28,929,702,454,0,40,3.0342,-,-,RAM,REG,REG,6,0,goto,-75
2008,21,1195,444,319,0,50,5.2029,-,-,RAM,REG,REG,6,3,inline,0
2008,21,1195,444,319,0,50,5.2029,-,-,RAM,REG,REG,6,3,inline,-25
2063,22,1195,474,342,0,52,3.9259,-,-,RAM,REG,REG,6,3,inline,-50
2063,22,1195,474,342,0,52,3.9259,-,-,RAM,REG,REG,6,3,inline,-75
2468,22,1103,798,519,0,48,3.6725,-,-,RAM,REG,REG,6,3,goto,0
2468,22,1103,798,519,0,48,3.6725,-,-,RAM,REG,REG,6,3,goto,-25
2468,22,1103,798,519,0,48,3.6725,-,-,RAM,REG,REG,6,3,goto,-50
2468,22,1103,798,519,0,48,3.6725,-,-,RAM,REG,REG,6,3,goto,-75
784,1,754,0,28,0,2,2.482,-,-,RAM,REG,REG,6,6,inline,0
964,2,690,216,50,0,8,2.5562,-,-,RAM,REG,REG,6,6,inline,-25
888,2,568,234,76,0,10,2.6395,-,-,RAM,REG,REG,6,6,inline,-50
850,2,489,264,89,0,8,3.647,-,-,RAM,REG,REG,6,6,inline,-75
925,2,626,210,83,0,6,1.832,-,-,RAM,REG,REG,6,6,goto,0
925,2,626,210,83,0,6,1.832,-,-,RAM,REG,REG,6,6,goto,-25
880,3,460,264,145,0,11,2.355,-,-,RAM,REG,REG,6,6,goto,-50
820,3,401,264,144,0,11,2.382,-,-,RAM,REG,REG,6,6,goto,-75
784,1,754,0,28,0,2,2.482,-,-,RAM,REG,REG,6,9,inline,0
964,2,690,216,50,0,8,2.5562,-,-,RAM,REG,REG,6,9,inline,-25
888,2,568,234,76,0,10,2.6395,-,-,RAM,REG,REG,6,9,inline,-50
850,2,489,264,89,0,8,3.647,-,-,RAM,REG,REG,6,9,inline,-75
925,2,626,210,83,0,6,1.832,-,-,RAM,REG,REG,6,9,goto,0
925,2,626,210,83,0,6,1.832,-,-,RAM,REG,REG,6,9,goto,-25
880,3,460,264,145,0,11,2.355,-,-,RAM,REG,REG,6,9,goto,-50
820,3,401,264,144,0,11,2.382,-,-,RAM,REG,REG,6,9,goto,-75
1888,27,1159,426,263,0,40,4.5312,-,-,RAM,REG,REG,9,0,inline,0
1888,27,1159,426,263,0,40,4.5312,-,-,RAM,REG,REG,9,0,inline,-25
1695,28,949,426,276,0,44,2.9992,-,-,RAM,REG,REG,9,0,inline,-50
1695,28,949,426,276,0,44,2.9992,-,-,RAM,REG,REG,9,0,inline,-75
2125,28,929,702,454,0,40,3.0342,-,-,RAM,REG,REG,9,0,goto,0
2125,28,929,702,454,0,40,3.0342,-,-,RAM,REG,REG,9,0,goto,-25
2125,28,929,702,454,0,40,3.0342,-,-,RAM,REG,REG,9,0,goto,-50
2125,28,929,702,454,0,40,3.0342,-,-,RAM,REG,REG,9,0,goto,-75
2008,21,1195,444,319,0,50,5.2029,-,-,RAM,REG,REG,9,3,inline,0
2008,21,1195,444,319,0,50,5.2029,-,-,RAM,REG,REG,9,3,inline,-25
2063,22,1195,474,342,0,52,3.9259,-,-,RAM,REG,REG,9,3,inline,-50
2063,22,1195,474,342,0,52,3.9259,-,-,RAM,REG,REG,9,3,inline,-75
2468,22,1103,798,519,0,48,3.6725,-,-,RAM,REG,REG,9,3,goto,0
2468,22,1103,798,519,0,48,3.6725,-,-,RAM,REG,REG,9,3,goto,-25
2468,22,1103,798,519,0,48,3.6725,-,-,RAM,REG,REG,9,3,goto,-50
2468,22,1103,798,519,0,48,3.6725,-,-,RAM,REG,REG,9,3,goto,-75
784,1,754,0,28,0,2,2.482,-,-,RAM,REG,REG,9,6,inline,0
964,2,690,216,50,0,8,2.5562,-,-,RAM,REG,REG,9,6,inline,-25
888,2,568,234,76,0,10,2.6395,-,-,RAM,REG,REG,9,6,inline,-50
850,2,489,264,89,0,8,3.647,-,-,RAM,REG,REG,9,6,inline,-75
925,2,626,210,83,0,6,1.832,-,-,RAM,REG,REG,9,6,goto,0
925,2,626,210,83,0,6,1.832,-,-,RAM,REG,REG,9,6,goto,-25
880,3,460,264,145,0,11,2.355,-,-,RAM,REG,REG,9,6,goto,-50
820,3,401,264,144,0,11,2.382,-,-,RAM,REG,REG,9,6,goto,-75
784,1,754,0,28,0,2,2.482,-,-,RAM,REG,REG,9,9,inline,0
964,2,690,216,50,0,8,2.5562,-,-,RAM,REG,REG,9,9,inline,-25
888,2,568,234,76,0,10,2.6395,-,-,RAM,REG,REG,9,9,inline,-50
850,2,489,264,89,0,8,3.647,-,-,RAM,REG,REG,9,9,inline,-75
925,2,626,210,83,0,6,1.832,-,-,RAM,REG,REG,9,9,goto,0
925,2,626,210,83,0,6,1.832,-,-,RAM,REG,REG,9,9,goto,-25
880,3,460,264,145,0,11,2.355,-,-,RAM,REG,REG,9,9,goto,-50
820,3,401,264,144,0,11,2.382,-,-,RAM,REG,REG,9,9,goto,-75
5428,28,4668,432,288,0,40,8.5301,-,-,RAM,ROM,REG,0,0,inline,0
5428,28,4668,432,288,0,40,8.5301,-,-,RAM,ROM,REG,0,0,inline,-25
5310,29,4543,432,290,0,45,8.5351,-,-,RAM,ROM,REG,0,0,inline,-50
5310,29,4543,432,290,0,45,8.5351,-,-,RAM,ROM,REG,0,0,inline,-75
5566,28,4543,630,356,0,37,8.6401,-,-,RAM,ROM,REG,0,0,goto,0
5566,28,4543,630,356,0,37,8.6401,-,-,RAM,ROM,REG,0,0,goto,-25
5566,28,4543,630,356,0,37,8.6401,-,-,RAM,ROM,REG,0,0,goto,-50
5566,28,4543,630,356,0,37,8.6401,-,-,RAM,ROM,REG,0,0,goto,-75
5636,39,4722,522,339,0,53,7.9751,-,-,RAM,ROM,REG,0,3,inline,0
5636,39,4722,522,339,0,53,7.9751,-,-,RAM,ROM,REG,0,3,inline,-25
5619,40,4650,522,391,0,56,8.5351,-,-,RAM,ROM,REG,0,3,inline,-50
5619,40,4650,522,391,0,56,8.5351,-,-,RAM,ROM,REG,0,3,inline,-75
5951,40,4722,714,465,0,50,8.3051,-,-,RAM,ROM,REG,0,3,goto,0
5951,40,4722,714,465,0,50,8.3051,-,-,RAM,ROM,REG,0,3,goto,-25
5951,40,4722,714,465,0,50,8.3051,-,-,RAM,ROM,REG,0,3,goto,-50
5951,40,4722,714,465,0,50,8.3051,-,-,RAM,ROM,REG,0,3,goto,-75
4901,33,4179,384,282,0,56,7.9351,-,-,RAM,ROM,REG,0,6,inline,0
4901,33,4179,384,282,0,56,7.9351,-,-,RAM,ROM,REG,0,6,inline,-25
4901,33,4179,384,282,0,56,7.9351,-,-,RAM,ROM,REG,0,6,inline,-50
4901,33,4179,384,282,0,56,7.9351,-,-,RAM,ROM,REG,0,6,inline,-75
5223,34,4210,534,424,0,55,7.9701,-,-,RAM,ROM,REG,0,6,goto,0
5223,34,4210,534,424,0,55,7.9701,-,-,RAM,ROM,REG,0,6,goto,-25
5223,34,4210,534,424,0,55,7.9701,-,-,RAM,ROM,REG,0,6,goto,-50
5223,34,4210,534,424,0,55,7.9701,-,-,RAM,ROM,REG,0,6,goto,-75
4901,33,4179,384,282,0,56,7.9351,-,-,RAM,ROM,REG,0,9,inline,0
4901,33,4179,384,282,0,56,7.9351,-,-,RAM,ROM,REG,0,9,inline,-25
4901,33,4179,384,282,0,56,7.9351,-,-,RAM,ROM,REG,0,9,inline,-50
4901,33,4179,384,282,0,56,7.9351,-,-,RAM,ROM,REG,0,9,inline,-75
5223,34,4210,534,424,0,55,7.9701,-,-,RAM,ROM,REG,0,9,goto,0
5223,34,4210,534,424,0,55,7.9701,-,-,RAM,ROM,REG,0,9,goto,-25
5223,34,4210,534,424,0,55,7.9701,-,-,RAM,ROM,REG,0,9,goto,-50
5223,34,4210,534,424,0,55,7.9701,-,-,RAM,ROM,REG,0,9,goto,-75
6028,39,4798,660,516,0,54,8.5751,-,-,RAM,ROM,REG,3,0,inline,0
6028,39,4798,660,516,0,54,8.5751,-,-,RAM,ROM,REG,3,0,inline,-25
5493,40,4641,438,358,0,56,8.5401,-,-,RAM,ROM,REG,3,0,inline,-50
5493,40,4641,438,358,0,56,8.5401,-,-,RAM,ROM,REG,3,0,inline,-75
5757,40,4588,630,486,0,53,8.6451,-,-,RAM,ROM,REG,3,0,goto,0
5757,40,4588,630,486,0,53,8.6451,-,-,RAM,ROM,REG,3,0,goto,-25
5757,40,4588,630,486,0,53,8.6451,-,-,RAM,ROM,REG,3,0,goto,-50
5757,40,4588,630,486,0,53,8.6451,-,-,RAM,ROM,REG,3,0,goto,-75
6105,22,4904,708,443,0,50,8.5351,-,-,RAM,ROM,REG,3,3,inline,0
6105,22,4904,708,443,0,50,8.5351,-,-,RAM,ROM,REG,3,3,inline,-25
5918,25,4694,720,452,0,52,8.5501,-,-,RAM,ROM,REG,3,3,inline,-50
5918,25,4694,720,452,0,52,8.5501,-,-,RAM,ROM,REG,3,3,inline,-75
6069,22,4851,714,458,0,46,8.6401,-,-,RAM,ROM,REG,3,3,goto,0
6069,22,4851,714,458,0,46,8.6401,-,-,RAM,ROM,REG,3,3,goto,-25
5996,25,4641,786,520,0,49,7.9751,-,-,RAM,ROM,REG,3,3,goto,-50
5996,25,4641,786,520,0,49,7.9751,-,-,RAM,ROM,REG,3,3,goto,-75
5425,27,4425,528,409,0,63,8.5301,-,-,RAM,ROM,REG,3,6,inline,0
5425,27,4425,528,409,0,63,8.5301,-,-,RAM,ROM,REG,3,6,inline,-25
5425,27,4425,528,409,0,63,8.5301,-,-,RAM,ROM,REG,3,6,inline,-50
5425,27,4425,528,409,0,63,8.5301,-,-,RAM,ROM,REG,3,6,inline,-75
5521,28,4384,534,539,0,64,8.6401,-,-,RAM,ROM,REG,3,6,goto,0
5521,28,4384,534,539,0,64,8.6401,-,-,RAM,ROM,REG,3,6,goto,-25
5521,28,4384,534,539,0,64,8.6401,-,-,RAM,ROM,REG,3,6,goto,-50
5521,28,4384,534,539,0,64,8.6401,-,-,RAM,ROM,REG,3,6,goto,-75
5425,27,4425,528,409,0,63,8.5301,-,-,RAM,ROM,REG,3,9,inline,0
5425,27,4425,528,409,0,63,8.5301,-,-,RAM,ROM,REG,3,9,inline,-25
5425,27,4425,528,409,0,63,8.5301,-,-,RAM,ROM,REG,3,9,inline,-50
5425,27,4425,528,409,0,63,8.5301,-,-,RAM,ROM,REG,3,9,inline,-75
5521,28,4384,534,539,0,64,8.6401,-,-,RAM,ROM,REG,3,9,goto,0
5521,28,4384,534,539,0,64,8.6401,-,-,RAM,ROM,REG,3,9,goto,-25
5521,28,4384,534,539,0,64,8.6401,-,-,RAM,ROM,REG,3,9,goto,-50
5521,28,4384,534,539,0,64,8.6401,-,-,RAM,ROM,REG,3,9,goto,-75
1888,27,1159,426,263,0,40,4.5312,-,-,RAM,ROM,REG,6,0,inline,0
1888,27,1159,426,263,0,40,4.5312,-,-,RAM,ROM,REG,6,0,inline,-25
1695,28,949,426,276,0,44,2.9992,-,-,RAM,ROM,REG,6,0,inline,-50
1695,28,949,426,276,0,44,2.9992,-,-,RAM,ROM,REG,6,0,inline,-75
2125,28,929,702,454,0,40,3.0342,-,-,RAM,ROM,REG,6,0,goto,0
2125,28,929,702,454,0,40,3.0342,-,-,RAM,ROM,REG,6,0,goto,-25
2125,28,929,702,454,0,40,3.0342,-,-,RAM,ROM,REG,6,0,goto,-50
2125,28,929,702,454,0,40,3.0342,-,-,RAM,ROM,REG,6,0,goto,-75
2008,21,1195,444,319,0,50,5.2029,-,-,RAM,ROM,REG,6,3,inline,0
2008,21,1195,444,319,0,50,5.2029,-,-,RAM,ROM,REG,6,3,inline,-25
2063,22,1195,474,342,0,52,3.9259,-,-,RAM,ROM,REG,6,3,inline,-50
2063,22,1195,474,342,0,52,3.9259,-,-,RAM,ROM,REG,6,3,inline,-75
2468,22,1103,798,519,0,48,3.6725,-,-,RAM,ROM,REG,6,3,goto,0
2468,22,1103,798,519,0,48,3.6725,-,-,RAM,ROM,REG,6,3,goto,-25
2468,22,1103,798,519,0,48,3.6725,-,-,RAM,ROM,REG,6,3,goto,-50
2468,22,1103,798,519,0,48,3.6725,-,-,RAM,ROM,REG,6,3,goto,-75
784,1,754,0,28,0,2,2.482,-,-,RAM,ROM,REG,6,6,inline,0
964,2,690,216,50,0,8,2.5562,-,-,RAM,ROM,REG,6,6,inline,-25
888,2,568,234,76,0,10,2.6395,-,-,RAM,ROM,REG,6,6,inline,-50
850,2,489,264,89,0,8,3.647,-,-,RAM,ROM,REG,6,6,inline,-75
925,2,626,210,83,0,6,1.832,-,-,RAM,ROM,REG,6,6,goto,0
925,2,626,210,83,0,6,1.832,-,-,RAM,ROM,REG,6,6,goto,-25
880,3,460,264,145,0,11,2.355,-,-,RAM,ROM,REG,6,6,goto,-50
820,3,401,264,144,0,11,2.382,-,-,RAM,ROM,REG,6,6,goto,-75
784,1,754,0,28,0,2,2.482,-,-,RAM,ROM,REG,6,9,inline,0
964,2,690,216,50,0,8,2.5562,-,-,RAM,ROM,REG,6,9,inline,-25
888,2,568,234,76,0,10,2.6395,-,-,RAM,ROM,REG,6,9,inline,-50
850,2,489,264,89,0,8,3.647,-,-,RAM,ROM,REG,6,9,inline,-75
925,2,626,210,83,0,6,1.832,-,-,RAM,ROM,REG,6,9,goto,0
925,2,626,210,83,0,6,1.832,-,-,RAM,ROM,REG,6,9,goto,-25
880,3,460,264,145,0,11,2.355,-,-,RAM,ROM,REG,6,9,goto,-50
820,3,401,264,144,0,11,2.382,-,-,RAM,ROM,REG,6,9,goto,-75
1888,27,1159,426,263,0,40,4.5312,-,-,RAM,ROM,REG,9,0,inline,0
1888,27,1159,426,263,0,40,4.5312,-,-,RAM,ROM,REG,9,0,inline,-25
1695,28,949,426,276,0,44,2.9992,-,-,RAM,ROM,REG,9,0,inline,-50
1695,28,949,426,276,0,44,2.9992,-,-,RAM,ROM,REG,9,0,inline,-75
2125,28,929,702,454,0,40,3.0342,-,-,RAM,ROM,REG,9,0,goto,0
2125,28,929,702,454,0,40,3.0342,-,-,RAM,ROM,REG,9,0,goto,-25
2125,28,929,702,454,0,40,3.0342,-,-,RAM,ROM,REG,9,0,goto,-50
2125,28,929,702,454,0,40,3.0342,-,-,RAM,ROM,REG,9,0,goto,-75
2008,21,1195,444,319,0,50,5.2029,-,-,RAM,ROM,REG,9,3,inline,0
2008,21,1195,444,319,0,50,5.2029,-,-,RAM,ROM,REG,9,3,inline,-25
2063,22,1195,474,342,0,52,3.9259,-,-,RAM,ROM,REG,9,3,inline,-50
2063,22,1195,474,342,0,52,3.9259,-,-,RAM,ROM,REG,9,3,inline,-75
2468,22,1103,798,519,0,48,3.6725,-,-,RAM,ROM,REG,9,3,goto,0
2468,22,1103,798,519,0,48,3.6725,-,-,RAM,ROM,REG,9,3,goto,-25
2468,22,1103,798,519,0,48,3.6725,-,-,RAM,ROM,REG,9,3,goto,-50
2468,22,1103,798,519,0,48,3.6725,-,-,RAM,ROM,REG,9,3,goto,-75
784,1,754,0,28,0,2,2.482,-,-,RAM,ROM,REG,9,6,inline,0
964,2,690,216,50,0,8,2.5562,-,-,RAM,ROM,REG,9,6,inline,-25
888,2,568,234,76,0,10,2.6395,-,-,RAM,ROM,REG,9,6,inline,-50
850,2,489,264,89,0,8,3.647,-,-,RAM,ROM,REG,9,6,inline,-75
925,2,626,210,83,0,6,1.832,-,-,RAM,ROM,REG,9,6,goto,0
925,2,626,210,83,0,6,1.832,-,-,RAM,ROM,REG,9,6,goto,-25
880,3,460,264,145,0,11,2.355,-,-,RAM,ROM,REG,9,6,goto,-50
820,3,401,264,144,0,11,2.382,-,-,RAM,ROM,REG,9,6,goto,-75
784,1,754,0,28,0,2,2.482,-,-,RAM,ROM,REG,9,9,inline,0
964,2,690,216,50,0,8,2.5562,-,-,RAM,ROM,REG,9,9,inline,-25
888,2,568,234,76,0,10,2.6395,-,-,RAM,ROM,REG,9,9,inline,-50
850,2,489,264,89,0,8,3.647,-,-,RAM,ROM,REG,9,9,inline,-75
925,2,626,210,83,0,6,1.832,-,-,RAM,ROM,REG,9,9,goto,0
925,2,626,210,83,0,6,1.832,-,-,RAM,ROM,REG,9,9,goto,-25
880,3,460,264,145,0,11,2.355,-,-,RAM,ROM,REG,9,9,goto,-50
820,3,401,264,144,0,11,2.382,-,-,RAM,ROM,REG,9,9,goto,-75
5881,20,4596,900,361,0,24,8.5401,-,-,REG,REG,ROM,0,0,inline,0
5881,20,4596,900,361,0,24,8.5401,-,-,REG,REG,ROM,0,0,inline,-25
5881,20,4596,900,361,0,24,8.5401,-,-,REG,REG,ROM,0,0,inline,-50
5881,20,4596,900,361,0,24,8.5401,-,-,REG,REG,ROM,0,0,inline,-75
6040,20,4543,1050,427,0,20,8.9773,-,-,REG,REG,ROM,0,0,goto,0
6040,20,4543,1050,427,0,20,8.9773,-,-,REG,REG,ROM,0,0,goto,-25
6040,20,4543,1050,427,0,20,8.9773,-,-,REG,REG,ROM,0,0,goto,-50
6040,20,4543,1050,427,0,20,8.9773,-,-,REG,REG,ROM,0,0,goto,-75
6283,23,4641,1080,528,0,34,9.1173,-,-,REG,REG,ROM,0,3,inline,0
6283,23,4641,1080,528,0,34,9.1173,-,-,REG,REG,ROM,0,3,inline,-25
6283,23,4641,1080,528,0,34,9.1173,-,-,REG,REG,ROM,0,3,inline,-50
6283,23,4641,1080,528,0,34,9.1173,-,-,REG,REG,ROM,0,3,inline,-75
6320,23,4588,1080,620,0,32,9.2073,-,-,REG,REG,ROM,0,3,goto,0
6320,23,4588,1080,620,0,32,9.2073,-,-,REG,REG,ROM,0,3,goto,-25
6320,23,4588,1080,620,0,32,9.2073,-,-,REG,REG,ROM,0,3,goto,-50
6320,23,4588,1080,620,0,32,9.2073,-,-,REG,REG,ROM,0,3,goto,-75
2164,10,1295,654,200,0,15,4.7585,-,-,REG,REG,ROM,0,6,inline,0
2164,10,1295,654,200,0,15,4.7585,-,-,REG,REG,ROM,0,6,inline,-25
1978,11,1085,660,212,0,21,3.4004,-,-,REG,REG,ROM,0,6,inline,-50
1978,11,1085,660,212,0,21,3.4004,-,-,REG,REG,ROM,0,6,inline,-75
2301,11,1042,900,338,0,21,3.2615,-,-,REG,REG,ROM,0,6,goto,0
2301,11,1042,900,338,0,21,3.2615,-,-,REG,REG,ROM,0,6,goto,-25
2301,11,1042,900,338,0,21,3.2615,-,-,REG,REG,ROM,0,6,goto,-50
2301,11,1042,900,338,0,21,3.2615,-,-,REG,REG,ROM,0,6,goto,-75
2164,10,1295,654,200,0,15,4.7585,-,-,REG,REG,ROM,0,9,inline,0
2164,10,1295,654,200,0,15,4.7585,-,-,REG,REG,ROM,0,9,inline,-25
1978,11,1085,660,212,0,21,3.4004,-,-,REG,REG,ROM,0,9,inline,-50
1978,11,1085,660,212,0,21,3.4004,-,-,REG,REG,ROM,0,9,inline,-75
2301,11,1042,900,338,0,21,3.2615,-,-,REG,REG,ROM,0,9,goto,0
2301,11,1042,900,338,0,21,3.2615,-,-,REG,REG,ROM,0,9,goto,-25
2301,11,1042,900,338,0,21,3.2615,-,-,REG,REG,ROM,0,9,goto,-50
2301,11,1042,900,338,0,21,3.2615,-,-,REG,REG,ROM,0,9,goto,-75
6145,29,4722,924,469,0,30,9.0233,-,-,REG,REG,ROM,3,0,inline,0
6145,29,4722,924,469,0,30,9.0233,-,-,REG,REG,ROM,3,0,inline,-25
6145,29,4722,924,469,0,30,9.0233,-,-,REG,REG,ROM,3,0,inline,-50
6145,29,4722,924,469,0,30,9.0233,-,-,REG,REG,ROM,3,0,inline,-75
6387,29,4722,1056,581,0,28,9.0283,-,-,REG,REG,ROM,3,0,goto,0
6387,29,4722,1056,581,0,28,9.0283,-,-,REG,REG,ROM,3,0,goto,-25
6387,29,4722,1056,581,0,28,9.0283,-,-,REG,REG,ROM,3,0,goto,-50
6387,29,4722,1056,581,0,28,9.0283,-,-,REG,REG,ROM,3,0,goto,-75
6531,14,4851,1104,541,0,35,8.5451,-,-,REG,REG,ROM,3,3,inline,0
6531,14,4851,1104,541,0,35,8.5451,-,-,REG,REG,ROM,3,3,inline,-25
6531,14,4851,1104,541,0,35,8.5451,-,-,REG,REG,ROM,3,3,inline,-50
6531,14,4851,1104,541,0,35,8.5451,-,-,REG,REG,ROM,3,3,inline,-75
6517,14,4641,1164,681,0,31,8.6501,-,-,REG,REG,ROM,3,3,goto,0
6517,14,4641,1164,681,0,31,8.6501,-,-,REG,REG,ROM,3,3,goto,-25
6517,14,4641,1164,681,0,31,8.6501,-,-,REG,REG,ROM,3,3,goto,-50
6517,14,4641,1164,681,0,31,8.6501,-,-,REG,REG,ROM,3,3,goto,-75
2465,10,1343,792,302,0,28,5.6842,-,-,REG,REG,ROM,3,6,inline,0
2465,10,1343,792,302,0,28,5.6842,-,-,REG,REG,ROM,3,6,inline,-25
2520,11,1308,858,325,0,29,4.2442,-,-,REG,REG,ROM,3,6,inline,-50
2520,11,1308,858,325,0,29,4.2442,-,-,REG,REG,ROM,3,6,inline,-75
2687,11,1216,990,456,0,25,3.9908,-,-,REG,REG,ROM,3,6,goto,0
2687,11,1216,990,456,0,25,3.9908,-,-,REG,REG,ROM,3,6,goto,-25
2687,11,1216,990,456,0,25,3.9908,-,-,REG,REG,ROM,3,6,goto,-50
2687,11,1216,990,456,0,25,3.9908,-,-,REG,REG,ROM,3,6,goto,-75
2465,10,1343,792,302,0,28,5.6842,-,-,REG,REG,ROM,3,9,inline,0
2465,10,1343,792,302,0,28,5.6842,-,-,REG,REG,ROM,3,9,inline,-25
2520,11,1308,858,325,0,29,4.2442,-,-,REG,REG,ROM,3,9,inline,-50
2520,11,1308,858,325,0,29,4.2442,-,-,REG,REG,ROM,3,9,inline,-75
2687,11,1216,990,456,0,25,3.9908,-,-,REG,REG,ROM,3,9,goto,0
2687,11,1216,990,456,0,25,3.9908,-,-,REG,REG,ROM,3,9,goto,-25
2687,11,1216,990,456,0,25,3.9908,-,-,REG,REG,ROM,3,9,goto,-50
2687,11,1216,990,456,0,25,3.9908,-,-,REG,REG,ROM,3,9,goto,-75
5361,20,4322,726,294,0,19,8.2673,-,-,REG,REG,ROM,6,0,inline,0
5361,20,4322,726,294,0,19,8.2673,-,-,REG,REG,ROM,6,0,inline,-25
5361,20,4322,726,294,0,19,8.2673,-,-,REG,REG,ROM,6,0,inline,-50
5361,20,4322,726,294,0,19,8.2673,-,-,REG,REG,ROM,6,0,inline,-75
5792,20,4300,1050,424,0,18,8.3073,-,-,REG,REG,ROM,6,0,goto,0
5792,20,4300,1050,424,0,18,8.3073,-,-,REG,REG,ROM,6,0,goto,-25
5792,20,4300,1050,424,0,18,8.3073,-,-,REG,REG,ROM,6,0,goto,-50
5792,20,4300,1050,424,0,18,8.3073,-,-,REG,REG,ROM,6,0,goto,-75
5847,14,4496,948,377,0,26,9.0873,-,-,REG,REG,ROM,6,3,inline,0
5847,14,4496,948,377,0,26,9.0873,-,-,REG,REG,ROM,6,3,inline,-25
5847,14,4496,948,377,0,26,9.0873,-,-,REG,REG,ROM,6,3,inline,-50
5847,14,4496,948,377,0,26,9.0873,-,-,REG,REG,ROM,6,3,inline,-75
6151,14,4474,1080,572,0,25,9.2023,-,-,REG,REG,ROM,6,3,goto,0
6151,14,4474,1080,572,0,25,9.2023,-,-,REG,REG,ROM,6,3,goto,-25
6151,14,4474,1080,572,0,25,9.2023,-,-,REG,REG,ROM,6,3,goto,-50
6151,14,4474,1080,572,0,25,9.2023,-,-,REG,REG,ROM,6,3,goto,-75
784,1,754,0,28,0,2,2.482,-,-,REG,REG,ROM,6,6,inline,0
964,2,690,216,50,0,8,2.5562,-,-,REG,REG,ROM,6,6,inline,-25
888,2,568,234,76,0,10,2.6395,-,-,REG,REG,ROM,6,6,inline,-50
850,2,489,264,89,0,8,3.647,-,-,REG,REG,ROM,6,6,inline,-75
925,2,626,210,83,0,6,1.832,-,-,REG,REG,ROM,6,6,goto,0
925,2,626,210,83,0,6,1.832,-,-,REG,REG,ROM,6,6,goto,-25
880,3,460,264,145,0,11,2.355,-,-,REG,REG,ROM,6,6,goto,-50
820,3,401,264,144,0,11,2.382,-,-,REG,REG,ROM,6,6,goto,-75
784,1,754,0,28,0,2,2.482,-,-,REG,REG,ROM,6,9,inline,0
964,2,690,216,50,0,8,2.5562,-,-,REG,REG,ROM,6,9,inline,-25
888,2,568,234,76,0,10,2.6395,-,-,REG,REG,ROM,6,9,inline,-50
850,2,489,264,89,0,8,3.647,-,-,REG,REG,ROM,6,9,inline,-75
925,2,626,210,83,0,6,1.832,-,-,REG,REG,ROM,6,9,goto,0
925,2,626,210,83,0,6,1.832,-,-,REG,REG,ROM,6,9,goto,-25
880,3,460,264,145,0,11,2.355,-,-,REG,REG,ROM,6,9,goto,-50
820,3,401,264,144,0,11,2.382,-,-,REG,REG,ROM,6,9,goto,-75
5361,20,4322,726,294,0,19,8.2673,-,-,REG,REG,ROM,9,0,inline,0
5361,20,4322,726,294,0,19,8.2673,-,-,REG,REG,ROM,9,0,inline,-25
5361,20,4322,726,294,0,19,8.2673,-,-,REG,REG,ROM,9,0,inline,-50
5361,20,4322,726,294,0,19,8.2673,-,-,REG,REG,ROM,9,0,inline,-75
5792,20,4300,1050,424,0,18,8.3073,-,-,REG,REG,ROM,9,0,goto,0
5792,20,4300,1050,424,0,18,8.3073,-,-,REG,REG,ROM,9,0,goto,-25
5792,20,4300,1050,424,0,18,8.3073,-,-,REG,REG,ROM,9,0,goto,-50
5792,20,4300,1050,424,0,18,8.3073,-,-,REG,REG,ROM,9,0,goto,-75
5847,14,4496,948,377,0,26,9.0873,-,-,REG,REG,ROM,9,3,inline,0
5847,14,4496,948,377,0,26,9.0873,-,-,REG,REG,ROM,9,3,inline,-25
5847,14,4496,948,377,0,26,9.0873,-,-,REG,REG,ROM,9,3,inline,-50
5847,14,4496,948,377,0,26,9.0873,-,-,REG,REG,ROM,9,3,inline,-75
6151,14,4474,1080,572,0,25,9.2023,-,-,REG,REG,ROM,9,3,goto,0
6151,14,4474,1080,572,0,25,9.2023,-,-,REG,REG,ROM,9,3,goto,-25
6151,14,4474,1080,572,0,25,9.2023,-,-,REG,REG,ROM,9,3,goto,-50
6151,14,4474,1080,572,0,25,9.2023,-,-,REG,REG,ROM,9,3,goto,-75
784,1,754,0,28,0,2,2.482,-,-,REG,REG,ROM,9,6,inline,0
964,2,690,216,50,0,8,2.5562,-,-,REG,REG,ROM,9,6,inline,-25
888,2,568,234,76,0,10,2.6395,-,-,REG,REG,ROM,9,6,inline,-50
850,2,489,264,89,0,8,3.647,-,-,REG,REG,ROM,9,6,inline,-75
925,2,626,210,83,0,6,1.832,-,-,REG,REG,ROM,9,6,goto,0
925,2,626,210,83,0,6,1.832,-,-,REG,REG,ROM,9,6,goto,-25
880,3,460,264,145,0,11,2.355,-,-,REG,REG,ROM,9,6,goto,-50
820,3,401,264,144,0,11,2.382,-,-,REG,REG,ROM,9,6,goto,-75
784,1,754,0,28,0,2,2.482,-,-,REG,REG,ROM,9,9,inline,0
964,2,690,216,50,0,8,2.5562,-,-,REG,REG,ROM,9,9,inline,-25
888,2,568,234,76,0,10,2.6395,-,-,REG,REG,ROM,9,9,inline,-50
850,2,489,264,89,0,8,3.647,-,-,REG,REG,ROM,9,9,inline,-75
925,2,626,210,83,0,6,1.832,-,-,REG,REG,ROM,9,9,goto,0
925,2,626,210,83,0,6,1.832,-,-,REG,REG,ROM,9,9,goto,-25
880,3,460,264,145,0,11,2.355,-,-,REG,REG,ROM,9,9,goto,-50
820,3,401,264,144,0,11,2.382,-,-,REG,REG,ROM,9,9,goto,-75
9150,20,7919,852,358,0,21,8.8673,-,-,REG,ROM,ROM,0,0,inline,0
9150,20,7919,852,358,0,21,8.8673,-,-,REG,ROM,ROM,0,0,inline,-25
9038,21,7794,858,361,0,25,8.8723,-,-,REG,ROM,ROM,0,0,inline,-50
9038,21,7794,858,361,0,25,8.8723,-,-,REG,ROM,ROM,0,0,inline,-75
9286,20,7794,1050,424,0,18,8.9773,-,-,REG,ROM,ROM,0,0,goto,0
9286,20,7794,1050,424,0,18,8.9773,-,-,REG,ROM,ROM,0,0,goto,-25
9286,20,7794,1050,424,0,18,8.9773,-,-,REG,ROM,ROM,0,0,goto,-50
9286,20,7794,1050,424,0,18,8.9773,-,-,REG,ROM,ROM,0,0,goto,-75
5882,32,4239,1080,527,0,36,9.1123,-,-,REG,ROM,ROM,0,3,inline,0
5882,32,4239,1080,527,0,36,9.1123,-,-,REG,ROM,ROM,0,3,inline,-25
5882,32,4239,1080,527,0,36,9.1123,-,-,REG,ROM,ROM,0,3,inline,-50
5882,32,4239,1080,527,0,36,9.1123,-,-,REG,ROM,ROM,0,3,inline,-75
5919,32,4186,1080,619,0,34,9.2023,-,-,REG,ROM,ROM,0,3,goto,0
5919,32,4186,1080,619,0,34,9.2023,-,-,REG,ROM,ROM,0,3,goto,-25
5919,32,4186,1080,619,0,34,9.2023,-,-,REG,ROM,ROM,0,3,goto,-50
5919,32,4186,1080,619,0,34,9.2023,-,-,REG,ROM,ROM,0,3,goto,-75
5331,20,4313,702,294,0,22,8.2673,-,-,REG,ROM,ROM,0,6,inline,0
5331,20,4313,702,294,0,22,8.2673,-,-,REG,ROM,ROM,0,6,inline,-25
5331,20,4313,702,294,0,22,8.2673,-,-,REG,ROM,ROM,0,6,inline,-50
5331,20,4313,702,294,0,22,8.2673,-,-,REG,ROM,ROM,0,6,inline,-75
5625,20,4326,900,378,0,21,8.3073,-,-,REG,ROM,ROM,0,6,goto,0
5625,20,4326,900,378,0,21,8.3073,-,-,REG,ROM,ROM,0,6,goto,-25
5625,20,4326,900,378,0,21,8.3073,-,-,REG,ROM,ROM,0,6,goto,-50
5625,20,4326,900,378,0,21,8.3073,-,-,REG,ROM,ROM,0,6,goto,-75
5331,20,4313,702,294,0,22,8.2673,-,-,REG,ROM,ROM,0,9,inline,0
5331,20,4313,702,294,0,22,8.2673,-,-,REG,ROM,ROM,0,9,inline,-25
5331,20,4313,702,294,0,22,8.2673,-,-,REG,ROM,ROM,0,9,inline,-50
5331,20,4313,702,294,0,22,8.2673,-,-,REG,ROM,ROM,0,9,inline,-75
5625,20,4326,900,378,0,21,8.3073,-,-,REG,ROM,ROM,0,9,goto,0
5625,20,4326,900,378,0,21,8.3073,-,-,REG,ROM,ROM,0,9,goto,-25
5625,20,4326,900,378,0,21,8.3073,-,-,REG,ROM,ROM,0,9,goto,-50
5625,20,4326,900,378,0,21,8.3073,-,-,REG,ROM,ROM,0,9,goto,-75
5590,32,4239,888,427,0,36,9.0923,-,-,REG,ROM,ROM,3,0,inline,0
5590,32,4239,888,427,0,36,9.0923,-,-,REG,ROM,ROM,3,0,inline,-25
5590,32,4239,888,427,0,36,9.0923,-,-,REG,ROM,ROM,3,0,inline,-50
5590,32,4239,888,427,0,36,9.0923,-,-,REG,ROM,ROM,3,0,inline,-75
5856,32,4186,1080,555,0,35,9.1973,-,-,REG,ROM,ROM,3,0,goto,0
5856,32,4186,1080,555,0,35,9.1973,-,-,REG,ROM,ROM,3,0,goto,-25
5856,32,4186,1080,555,0,35,9.1973,-,-,REG,ROM,ROM,3,0,goto,-50
5856,32,4186,1080,555,0,35,9.1973,-,-,REG,ROM,ROM,3,0,goto,-75
10109,14,8303,1266,513,0,27,9.0923,-,-,REG,ROM,ROM,3,3,inline,0
10109,14,8303,1266,513,0,27,9.0923,-,-,REG,ROM,ROM,3,3,inline,-25
10381,17,8093,1554,702,0,32,9.1723,-,-,REG,ROM,ROM,3,3,inline,-50
9784,18,7830,1266,650,0,38,9.0973,-,-,REG,ROM,ROM,3,3,inline,-75
10190,14,8250,1272,644,0,24,9.2073,-,-,REG,ROM,ROM,3,3,goto,0
10190,14,8250,1272,644,0,24,9.2073,-,-,REG,ROM,ROM,3,3,goto,-25
10399,17,8040,1560,770,0,29,9.2723,-,-,REG,ROM,ROM,3,3,goto,-50
9841,17,7830,1272,710,0,29,9.2073,-,-,REG,ROM,ROM,3,3,goto,-75
5795,14,4487,882,398,0,28,9.0873,-,-,REG,ROM,ROM,3,6,inline,0
5795,14,4487,882,398,0,28,9.0873,-,-,REG,ROM,ROM,3,6,inline,-25
5795,14,4487,882,398,0,28,9.0873,-,-,REG,ROM,ROM,3,6,inline,-50
5795,14,4487,882,398,0,28,9.0873,-,-,REG,ROM,ROM,3,6,inline,-75
5911,14,4429,930,522,0,30,9.1973,-,-,REG,ROM,ROM,3,6,goto,0
5911,14,4429,930,522,0,30,9.1973,-,-,REG,ROM,ROM,3,6,goto,-25
5911,14,4429,930,522,0,30,9.1973,-,-,REG,ROM,ROM,3,6,goto,-50
5911,14,4429,930,522,0,30,9.1973,-,-,REG,ROM,ROM,3,6,goto,-75
5795,14,4487,882,398,0,28,9.0873,-,-,REG,ROM,ROM,3,9,inline,0
5795,14,4487,882,398,0,28,9.0873,-,-,REG,ROM,ROM,3,9,inline,-25
5795,14,4487,882,398,0,28,9.0873,-,-,REG,ROM,ROM,3,9,inline,-50
5795,14,4487,882,398,0,28,9.0873,-,-,REG,ROM,ROM,3,9,inline,-75
5911,14,4429,930,522,0,30,9.1973,-,-,REG,ROM,ROM,3,9,goto,0
5911,14,4429,930,522,0,30,9.1973,-,-,REG,ROM,ROM,3,9,goto,-25
5911,14,4429,930,522,0,30,9.1973,-,-,REG,ROM,ROM,3,9,goto,-50
5911,14,4429,930,522,0,30,9.1973,-,-,REG,ROM,ROM,3,9,goto,-75
5361,20,4322,726,294,0,19,8.2673,-,-,REG,ROM,ROM,6,0,inline,0
5361,20,4322,726,294,0,19,8.2673,-,-,REG,ROM,ROM,6,0,inline,-25
5361,20,4322,726,294,0,19,8.2673,-,-,REG,ROM,ROM,6,0,inline,-50
5361,20,4322,726,294,0,19,8.2673,-,-,REG,ROM,ROM,6,0,inline,-75
5792,20,4300,1050,424,0,18,8.3073,-,-,REG,ROM,ROM,6,0,goto,0
5792,20,4300,1050,424,0,18,8.3073,-,-,REG,ROM,ROM,6,0,goto,-25
5792,20,4300,1050,424,0,18,8.3073,-,-,REG,ROM,ROM,6,0,goto,-50
5792,20,4300,1050,424,0,18,8.3073,-,-,REG,ROM,ROM,6,0,goto,-75
5847,14,4496,948,377,0,26,9.0873,-,-,REG,ROM,ROM,6,3,inline,0
5847,14,4496,948,377,0,26,9.0873,-,-,REG,ROM,ROM,6,3,inline,-25
5847,14,4496,948,377,0,26,9.0873,-,-,REG,ROM,ROM,6,3,inline,-50
5847,14,4496,948,377,0,26,9.0873,-,-,REG,ROM,ROM,6,3,inline,-75
6151,14,4474,1080,572,0,25,9.2023,-,-,REG,ROM,ROM,6,3,goto,0
6151,14,4474,1080,572,0,25,9.2023,-,-,REG,ROM,ROM,6,3,goto,-25
6151,14,4474,1080,572,0,25,9.2023,-,-,REG,ROM,ROM,6,3,goto,-50
6151,14,4474,1080,572,0,25,9.2023,-,-,REG,ROM,ROM,6,3,goto,-75
784,1,754,0,28,0,2,2.482,-,-,REG,ROM,ROM,6,6,inline,0
964,2,690,216,50,0,8,2.5562,-,-,REG,ROM,ROM,6,6,inline,-25
888,2,568,234,76,0,10,2.6395,-,-,REG,ROM,ROM,6,6,inline,-50
850,2,489,264,89,0,8,3.647,-,-,REG,ROM,ROM,6,6,inline,-75
925,2,626,210,83,0,6,1.832,-,-,REG,ROM,ROM,6,6,goto,0
925,2,626,210,83,0,6,1.832,-,-,REG,ROM,ROM,6,6,goto,-25
880,3,460,264,145,0,11,2.355,-,-,REG,ROM,ROM,6,6,goto,-50
820,3,401,264,144,0,11,2.382,-,-,REG,ROM,ROM,6,6,goto,-75
784,1,754,0,28,0,2,2.482,-,-,REG,ROM,ROM,6,9,inline,0
964,2,690,216,50,0,8,2.5562,-,-,REG,ROM,ROM,6,9,inline,-25
888,2,568,234,76,0,10,2.6395,-,-,REG,ROM,ROM,6,9,inline,-50
850,2,489,264,89,0,8,3.647,-,-,REG,ROM,ROM,6,9,inline,-75
925,2,626,210,83,0,6,1.832,-,-,REG,ROM,ROM,6,9,goto,0
925,2,626,210,83,0,6,1.832,-,-,REG,ROM,ROM,6,9,goto,-25
880,3,460,264,145,0,11,2.355,-,-,REG,ROM,ROM,6,9,goto,-50
820,3,401,264,144,0,11,2.382,-,-,REG,ROM,ROM,6,9,goto,-75
5361,20,4322,726,294,0,19,8.2673,-,-,REG,ROM,ROM,9,0,inline,0
5361,20,4322,726,294,0,19,8.2673,-,-,REG,ROM,ROM,9,0,inline,-25
5361,20,4322,726,294,0,19,8.2673,-,-,REG,ROM,ROM,9,0,inline,-50
5361,20,4322,726,294,0,19,8.2673,-,-,REG,ROM,ROM,9,0,inline,-75
5792,20,4300,1050,424,0,18,8.3073,-,-,REG,ROM,ROM,9,0,goto,0
5792,20,4300,1050,424,0,18,8.3073,-,-,REG,ROM,ROM,9,0,goto,-25
5792,20,4300,1050,424,0,18,8.3073,-,-,REG,ROM,ROM,9,0,goto,-50
5792,20,4300,1050,424,0,18,8.3073,-,-,REG,ROM,ROM,9,0,goto,-75
5847,14,4496,948,377,0,26,9.0873,-,-,REG,ROM,ROM,9,3,inline,0
5847,14,4496,948,377,0,26,9.0873,-,-,REG,ROM,ROM,9,3,inline,-25
5847,14,4496,948,377,0,26,9.0873,-,-,REG,ROM,ROM,9,3,inline,-50
5847,14,4496,948,377,0,26,9.0873,-,-,REG,ROM,ROM,9,3,inline,-75
6151,14,4474,1080,572,0,25,9.2023,-,-,REG,ROM,ROM,9,3,goto,0
6151,14,4474,1080,572,0,25,9.2023,-,-,REG,ROM,ROM,9,3,goto,-25
6151,14,4474,1080,572,0,25,9.2023,-,-,REG,ROM,ROM,9,3,goto,-50
6151,14,4474,1080,572,0,25,9.2023,-,-,REG,ROM,ROM,9,3,goto,-75
784,1,754,0,28,0,2,2.482,-,-,REG,ROM,ROM,9,6,inline,0
964,2,690,216,50,0,8,2.5562,-,-,REG,ROM,ROM,9,6,inline,-25
888,2,568,234,76,0,10,2.6395,-,-,REG,ROM,ROM,9,6,inline,-50
850,2,489,264,89,0,8,3.647,-,-,REG,ROM,ROM,9,6,inline,-75
925,2,626,210,83,0,6,1.832,-,-,REG,ROM,ROM,9,6,goto,0
925,2,626,210,83,0,6,1.832,-,-,REG,ROM,ROM,9,6,goto,-25
880,3,460,264,145,0,11,2.355,-,-,REG,ROM,ROM,9,6,goto,-50
820,3,401,264,144,0,11,2.382,-,-,REG,ROM,ROM,9,6,goto,-75
784,1,754,0,28,0,2,2.482,-,-,REG,ROM,ROM,9,9,inline,0
964,2,690,216,50,0,8,2.5562,-,-,REG,ROM,ROM,9,9,inline,-25
888,2,568,234,76,0,10,2.6395,-,-,REG,ROM,ROM,9,9,inline,-50
850,2,489,264,89,0,8,3.647,-,-,REG,ROM,ROM,9,9,inline,-75
925,2,626,210,83,0,6,1.832,-,-,REG,ROM,ROM,9,9,goto,0
925,2,626,210,83,0,6,1.832,-,-,REG,ROM,ROM,9,9,goto,-25
880,3,460,264,145,0,11,2.355,-,-,REG,ROM,ROM,9,9,goto,-50
820,3,401,264,144,0,11,2.382,-,-,REG,ROM,ROM,9,9,goto,-75
5428,28,4668,432,288,0,40,8.5351,-,-,RAM,REG,ROM,0,0,inline,0
5428,28,4668,432,288,0,40,8.5351,-,-,RAM,REG,ROM,0,0,inline,-25
5341,29,4543,432,322,0,44,8.5401,-,-,RAM,REG,ROM,0,0,inline,-50
5341,29,4543,432,322,0,44,8.5401,-,-,RAM,REG,ROM,0,0,inline,-75
5566,28,4543,630,356,0,37,8.6401,-,-,RAM,REG,ROM,0,0,goto,0
5566,28,4543,630,356,0,37,8.6401,-,-,RAM,REG,ROM,0,0,goto,-25
5566,28,4543,630,356,0,37,8.6401,-,-,RAM,REG,ROM,0,0,goto,-50
5566,28,4543,630,356,0,37,8.6401,-,-,RAM,REG,ROM,0,0,goto,-75
5780,40,4641,630,454,0,55,8.5401,-,-,RAM,REG,ROM,0,3,inline,0
5780,40,4641,630,454,0,55,8.5401,-,-,RAM,REG,ROM,0,3,inline,-25
5780,40,4641,630,454,0,55,8.5401,-,-,RAM,REG,ROM,0,3,inline,-50
5780,40,4641,630,454,0,55,8.5401,-,-,RAM,REG,ROM,0,3,inline,-75
5821,40,4588,630,550,0,53,8.6501,-,-,RAM,REG,ROM,0,3,goto,0
5821,40,4588,630,550,0,53,8.6501,-,-,RAM,REG,ROM,0,3,goto,-25
5821,40,4588,630,550,0,53,8.6501,-,-,RAM,REG,ROM,0,3,goto,-50
5821,40,4588,630,550,0,53,8.6501,-,-,RAM,REG,ROM,0,3,goto,-75
1655,33,928,384,285,0,58,3.5284,-,-,RAM,REG,ROM,0,6,inline,0
1655,33,928,384,285,0,58,3.5284,-,-,RAM,REG,ROM,0,6,inline,-25
1655,33,928,384,285,0,58,3.5284,-,-,RAM,REG,ROM,0,6,inline,-50
1655,33,928,384,285,0,58,3.5284,-,-,RAM,REG,ROM,0,6,inline,-75
1977,34,959,534,427,0,57,3.0342,-,-,RAM,REG,ROM,0,6,goto,0
1977,34,959,534,427,0,57,3.0342,-,-,RAM,REG,ROM,0,6,goto,-25
1977,34,959,534,427,0,57,3.0342,-,-,RAM,REG,ROM,0,6,goto,-50
1977,34,959,534,427,0,57,3.0342,-,-,RAM,REG,ROM,0,6,goto,-75
1655,33,928,384,285,0,58,3.5284,-,-,RAM,REG,ROM,0,9,inline,0
1655,33,928,384,285,0,58,3.5284,-,-,RAM,REG,ROM,0,9,inline,-25
1655,33,928,384,285,0,58,3.5284,-,-,RAM,REG,ROM,0,9,inline,-50
1655,33,928,384,285,0,58,3.5284,-,-,RAM,REG,ROM,0,9,inline,-75
1977,34,959,534,427,0,57,3.0342,-,-,RAM,REG,ROM,0,9,goto,0
1977,34,959,534,427,0,57,3.0342,-,-,RAM,REG,ROM,0,9,goto,-25
1977,34,959,534,427,0,57,3.0342,-,-,RAM,REG,ROM,0,9,goto,-50
1977,34,959,534,427,0,57,3.0342,-,-,RAM,REG,ROM,0,9,goto,-75
5696,40,4722,522,400,0,52,8.3501,-,-,RAM,REG,ROM,3,0,inline,0
5696,40,4722,522,400,0,52,8.3501,-,-,RAM,REG,ROM,3,0,inline,-25
5696,40,4722,522,400,0,52,8.3501,-,-,RAM,REG,ROM,3,0,inline,-50
5696,40,4722,522,400,0,52,8.3501,-,-,RAM,REG,ROM,3,0,inline,-75
5935,40,4722,654,509,0,50,8.3551,-,-,RAM,REG,ROM,3,0,goto,0
5935,40,4722,654,509,0,50,8.3551,-,-,RAM,REG,ROM,3,0,goto,-25
5935,40,4722,654,509,0,50,8.3551,-,-,RAM,REG,ROM,3,0,goto,-50
5935,40,4722,654,509,0,50,8.3551,-,-,RAM,REG,ROM,3,0,goto,-75
6102,22,4904,708,442,0,48,8.5351,-,-,RAM,REG,ROM,3,3,inline,0
6102,22,4904,708,442,0,48,8.5351,-,-,RAM,REG,ROM,3,3,inline,-25
6160,25,4904,720,484,0,52,8.4701,-,-,RAM,REG,ROM,3,3,inline,-50
6160,25,4904,720,484,0,52,8.4701,-,-,RAM,REG,ROM,3,3,inline,-75
6153,22,4851,714,542,0,46,8.6451,-,-,RAM,REG,ROM,3,3,goto,0
6153,22,4851,714,542,0,46,8.6451,-,-,RAM,REG,ROM,3,3,goto,-25
6222,25,4641,918,616,0,47,7.9801,-,-,RAM,REG,ROM,3,3,goto,-50
6222,25,4641,918,616,0,47,7.9801,-,-,RAM,REG,ROM,3,3,goto,-75
1813,27,993,384,370,0,66,3.6459,-,-,RAM,REG,ROM,3,6,inline,0
1813,27,993,384,370,0,66,3.6459,-,-,RAM,REG,ROM,3,6,inline,-25
1813,27,993,384,370,0,66,3.6459,-,-,RAM,REG,ROM,3,6,inline,-50
1813,27,993,384,370,0,66,3.6459,-,-,RAM,REG,ROM,3,6,inline,-75
2268,28,1133,618,452,0,65,3.6009,-,-,RAM,REG,ROM,3,6,goto,0
2268,28,1133,618,452,0,65,3.6009,-,-,RAM,REG,ROM,3,6,goto,-25
2268,28,1133,618,452,0,65,3.6009,-,-,RAM,REG,ROM,3,6,goto,-50
2268,28,1133,618,452,0,65,3.6009,-,-,RAM,REG,ROM,3,6,goto,-75
1813,27,993,384,370,0,66,3.6459,-,-,RAM,REG,ROM,3,9,inline,0
1813,27,993,384,370,0,66,3.6459,-,-,RAM,REG,ROM,3,9,inline,-25
1813,27,993,384,370,0,66,3.6459,-,-,RAM,REG,ROM,3,9,inline,-50
1813,27,993,384,370,0,66,3.6459,-,-,RAM,REG,ROM,3,9,inline,-75
2268,28,1133,618,452,0,65,3.6009,-,-,RAM,REG,ROM,3,9,goto,0
2268,28,1133,618,452,0,65,3.6009,-,-,RAM,REG,ROM,3,9,goto,-25
2268,28,1133,618,452,0,65,3.6009,-,-,RAM,REG,ROM,3,9,goto,-50
2268,28,1133,618,452,0,65,3.6009,-,-,RAM,REG,ROM,3,9,goto,-75
4960,28,4200,426,294,0,40,7.9301,-,-,RAM,REG,ROM,6,0,inline,0
4960,28,4200,426,294,0,40,7.9301,-,-,RAM,REG,ROM,6,0,inline,-25
4960,28,4200,426,294,0,40,7.9301,-,-,RAM,REG,ROM,6,0,inline,-50
4960,28,4200,426,294,0,40,7.9301,-,-,RAM,REG,ROM,6,0,inline,-75
5371,28,4180,702,451,0,38,7.9701,-,-,RAM,REG,ROM,6,0,goto,0
5371,28,4180,702,451,0,38,7.9701,-,-,RAM,REG,ROM,6,0,goto,-25
5371,28,4180,702,451,0,38,7.9701,-,-,RAM,REG,ROM,6,0,goto,-50
5371,28,4180,702,451,0,38,7.9701,-,-,RAM,REG,ROM,6,0,goto,-75
5402,22,4374,570,409,0,49,8.5301,-,-,RAM,REG,ROM,6,3,inline,0
5402,22,4374,570,409,0,49,8.5301,-,-,RAM,REG,ROM,6,3,inline,-25
5402,22,4374,570,409,0,49,8.5301,-,-,RAM,REG,ROM,6,3,inline,-50
5402,22,4374,570,409,0,49,8.5301,-,-,RAM,REG,ROM,6,3,inline,-75
5691,22,4354,702,589,0,46,8.6451,-,-,RAM,REG,ROM,6,3,goto,0
5691,22,4354,702,589,0,46,8.6451,-,-,RAM,REG,ROM,6,3,goto,-25
5691,22,4354,702,589,0,46,8.6451,-,-,RAM,REG,ROM,6,3,goto,-50
5691,22,4354,702,589,0,46,8.6451,-,-,RAM,REG,ROM,6,3,goto,-75
784,1,754,0,28,0,2,2.482,-,-,RAM,REG,ROM,6,6,inline,0
964,2,690,216,50,0,8,2.5562,-,-,RAM,REG,ROM,6,6,inline,-25
888,2,568,234,76,0,10,2.6395,-,-,RAM,REG,ROM,6,6,inline,-50
850,2,489,264,89,0,8,3.647,-,-,RAM,REG,ROM,6,6,inline,-75
925,2,626,210,83,0,6,1.832,-,-,RAM,REG,ROM,6,6,goto,0
925,2,626,210,83,0,6,1.832,-,-,RAM,REG,ROM,6,6,goto,-25
880,3,460,264,145,0,11,2.355,-,-,RAM,REG,ROM,6,6,goto,-50
820,3,401,264,144,0,11,2.382,-,-,RAM,REG,ROM,6,6,goto,-75
784,1,754,0,28,0,2,2.482,-,-,RAM,REG,ROM,6,9,inline,0
964,2,690,216,50,0,8,2.5562,-,-,RAM,REG,ROM,6,9,inline,-25
888,2,568,234,76,0,10,2.6395,-,-,RAM,REG,ROM,6,9,inline,-50
850,2,489,264,89,0,8,3.647,-,-,RAM,REG,ROM,6,9,inline,-75
925,2,626,210,83,0,6,1.832,-,-,RAM,REG,ROM,6,9,goto,0
925,2,626,210,83,0,6,1.832,-,-,RAM,REG,ROM,6,9,goto,-25
880,3,460,264,145,0,11,2.355,-,-,RAM,REG,ROM,6,9,goto,-50
820,3,401,264,144,0,11,2.382,-,-,RAM,REG,ROM,6,9,goto,-75
4960,28,4200,426,294,0,40,7.9301,-,-,RAM,REG,ROM,9,0,inline,0
4960,28,4200,426,294,0,40,7.9301,-,-,RAM,REG,ROM,9,0,inline,-25
4960,28,4200,426,294,0,40,7.9301,-,-,RAM,REG,ROM,9,0,inline,-50
4960,28,4200,426,294,0,40,7.9301,-,-,RAM,REG,ROM,9,0,inline,-75
5371,28,4180,702,451,0,38,7.9701,-,-,RAM,REG,ROM,9,0,goto,0
5371,28,4180,702,451,0,38,7.9701,-,-,RAM,REG,ROM,9,0,goto,-25
5371,28,4180,702,451,0,38,7.9701,-,-,RAM,REG,ROM,9,0,goto,-50
5371,28,4180,702,451,0,38,7.9701,-,-,RAM,REG,ROM,9,0,goto,-75
5402,22,4374,570,409,0,49,8.5301,-,-,RAM,REG,ROM,9,3,inline,0
5402,22,4374,570,409,0,49,8.5301,-,-,RAM,REG,ROM,9,3,inline,-25
5402,22,4374,570,409,0,49,8.5301,-,-,RAM,REG,ROM,9,3,inline,-50
5402,22,4374,570,409,0,49,8.5301,-,-,RAM,REG,ROM,9,3,inline,-75
5691,22,4354,702,589,0,46,8.6451,-,-,RAM,REG,ROM,9,3,goto,0
5691,22,4354,702,589,0,46,8.6451,-,-,RAM,REG,ROM,9,3,goto,-25
5691,22,4354,702,589,0,46,8.6451,-,-,RAM,REG,ROM,9,3,goto,-50
5691,22,4354,702,589,0,46,8.6451,-,-,RAM,REG,ROM,9,3,goto,-75
784,1,754,0,28,0,2,2.482,-,-,RAM,REG,ROM,9,6,inline,0
964,2,690,216,50,0,8,2.5562,-,-,RAM,REG,ROM,9,6,inline,-25
888,2,568,234,76,0,10,2.6395,-,-,RAM,REG,ROM,9,6,inline,-50
850,2,489,264,89,0,8,3.647,-,-,RAM,REG,ROM,9,6,inline,-75
925,2,626,210,83,0,6,1.832,-,-,RAM,REG,ROM,9,6,goto,0
925,2,626,210,83,0,6,1.832,-,-,RAM,REG,ROM,9,6,goto,-25
880,3,460,264,145,0,11,2.355,-,-,RAM,REG,ROM,9,6,goto,-50
820,3,401,264,144,0,11,2.382,-,-,RAM,REG,ROM,9,6,goto,-75
784,1,754,0,28,0,2,2.482,-,-,RAM,REG,ROM,9,9,inline,0
964,2,690,216,50,0,8,2.5562,-,-,RAM,REG,ROM,9,9,inline,-25
888,2,568,234,76,0,10,2.6395,-,-,RAM,REG,ROM,9,9,inline,-50
850,2,489,264,89,0,8,3.647,-,-,RAM,REG,ROM,9,9,inline,-75
925,2,626,210,83,0,6,1.832,-,-,RAM,REG,ROM,9,9,goto,0
925,2,626,210,83,0,6,1.832,-,-,RAM,REG,ROM,9,9,goto,-25
880,3,460,264,145,0,11,2.355,-,-,RAM,REG,ROM,9,9,goto,-50
820,3,401,264,144,0,11,2.382,-,-,RAM,REG,ROM,9,9,goto,-75
8674,28,7919,432,285,0,38,8.5301,-,-,RAM,ROM,ROM,0,0,inline,0
8674,28,7919,432,285,0,38,8.5301,-,-,RAM,ROM,ROM,0,0,inline,-25
8556,29,7794,432,287,0,43,8.5351,-,-,RAM,ROM,ROM,0,0,inline,-50
8556,29,7794,432,287,0,43,8.5351,-,-,RAM,ROM,ROM,0,0,inline,-75
8812,28,7794,630,353,0,35,8.6401,-,-,RAM,ROM,ROM,0,0,goto,0
8812,28,7794,630,353,0,35,8.6401,-,-,RAM,ROM,ROM,0,0,goto,-25
8812,28,7794,630,353,0,35,8.6401,-,-,RAM,ROM,ROM,0,0,goto,-50
8812,28,7794,630,353,0,35,8.6401,-,-,RAM,ROM,ROM,0,0,goto,-75
5375,40,4239,630,451,0,55,8.895,-,-,RAM,ROM,ROM,0,3,inline,0
5375,40,4239,630,451,0,55,8.895,-,-,RAM,ROM,ROM,0,3,inline,-25
5375,40,4239,630,451,0,55,8.895,-,-,RAM,ROM,ROM,0,3,inline,-50
5375,40,4239,630,451,0,55,8.895,-,-,RAM,ROM,ROM,0,3,inline,-75
5416,40,4186,630,547,0,53,9.005,-,-,RAM,ROM,ROM,0,3,goto,0
5416,40,4186,630,547,0,53,9.005,-,-,RAM,ROM,ROM,0,3,goto,-25
5416,40,4186,630,547,0,53,9.005,-,-,RAM,ROM,ROM,0,3,goto,-50
5416,40,4186,630,547,0,53,9.005,-,-,RAM,ROM,ROM,0,3,goto,-75
4901,33,4179,384,282,0,56,7.9351,-,-,RAM,ROM,ROM,0,6,inline,0
4901,33,4179,384,282,0,56,7.9351,-,-,RAM,ROM,ROM,0,6,inline,-25
4901,33,4179,384,282,0,56,7.9351,-,-,RAM,ROM,ROM,0,6,inline,-50
4901,33,4179,384,282,0,56,7.9351,-,-,RAM,ROM,ROM,0,6,inline,-75
5223,34,4210,534,424,0,55,7.9701,-,-,RAM,ROM,ROM,0,6,goto,0
5223,34,4210,534,424,0,55,7.9701,-,-,RAM,ROM,ROM,0,6,goto,-25
5223,34,4210,534,424,0,55,7.9701,-,-,RAM,ROM,ROM,0,6,goto,-50
5223,34,4210,534,424,0,55,7.9701,-,-,RAM,ROM,ROM,0,6,goto,-75
4901,33,4179,384,282,0,56,7.9351,-,-,RAM,ROM,ROM,0,9,inline,0
4901,33,4179,384,282,0,56,7.9351,-,-,RAM,ROM,ROM,0,9,inline,-25
4901,33,4179,384,282,0,56,7.9351,-,-,RAM,ROM,ROM,0,9,inline,-50
4901,33,4179,384,282,0,56,7.9351,-,-,RAM,ROM,ROM,0,9,inline,-75
5223,34,4210,534,424,0,55,7.9701,-,-,RAM,ROM,ROM,0,9,goto,0
5223,34,4210,534,424,0,55,7.9701,-,-,RAM,ROM,ROM,0,9,goto,-25
5223,34,4210,534,424,0,55,7.9701,-,-,RAM,ROM,ROM,0,9,goto,-50
5223,34,4210,534,424,0,55,7.9701,-,-,RAM,ROM,ROM,0,9,goto,-75
5087,40,4239,438,355,0,55,8.895,-,-,RAM,ROM,ROM,3,0,inline,0
5087,40,4239,438,355,0,55,8.895,-,-,RAM,ROM,ROM,3,0,inline,-25
5087,40,4239,438,355,0,55,8.895,-,-,RAM,ROM,ROM,3,0,inline,-50
5087,40,4239,438,355,0,55,8.895,-,-,RAM,ROM,ROM,3,0,inline,-75
5352,40,4186,630,483,0,53,9,-,-,RAM,ROM,ROM,3,0,goto,0
5352,40,4186,630,483,0,53,9,-,-,RAM,ROM,ROM,3,0,goto,-25
5352,40,4186,630,483,0,53,9,-,-,RAM,ROM,ROM,3,0,goto,-50
5352,40,4186,630,483,0,53,9,-,-,RAM,ROM,ROM,3,0,goto,-75
9573,22,8303,816,407,0,47,8.5351,-,-,RAM,ROM,ROM,3,3,inline,0
9573,22,8303,816,407,0,47,8.5351,-,-,RAM,ROM,ROM,3,3,inline,-25
9903,25,8093,1128,632,0,50,8.885,-,-,RAM,ROM,ROM,3,3,inline,-50
9277,26,7830,816,576,0,55,8.5401,-,-,RAM,ROM,ROM,3,3,inline,-75
9685,22,8250,822,571,0,42,8.6501,-,-,RAM,ROM,ROM,3,3,goto,0
9685,22,8250,822,571,0,42,8.6501,-,-,RAM,ROM,ROM,3,3,goto,-25
9922,25,8040,1134,701,0,47,8.985,-,-,RAM,ROM,ROM,3,3,goto,-50
9335,25,7830,822,637,0,46,8.6501,-,-,RAM,ROM,ROM,3,3,goto,-75
5425,27,4425,528,409,0,63,8.5301,-,-,RAM,ROM,ROM,3,6,inline,0
5425,27,4425,528,409,0,63,8.5301,-,-,RAM,ROM,ROM,3,6,inline,-25
5425,27,4425,528,409,0,63,8.5301,-,-,RAM,ROM,ROM,3,6,inline,-50
5425,27,4425,528,409,0,63,8.5301,-,-,RAM,ROM,ROM,3,6,inline,-75
5521,28,4384,534,539,0,64,8.6401,-,-,RAM,ROM,ROM,3,6,goto,0
5521,28,4384,534,539,0,64,8.6401,-,-,RAM,ROM,ROM,3,6,goto,-25
5521,28,4384,534,539,0,64,8.6401,-,-,RAM,ROM,ROM,3,6,goto,-50
5521,28,4384,534,539,0,64,8.6401,-,-,RAM,ROM,ROM,3,6,goto,-75
5425,27,4425,528,409,0,63,8.5301,-,-,RAM,ROM,ROM,3,9,inline,0
5425,27,4425,528,409,0,63,8.5301,-,-,RAM,ROM,ROM,3,9,inline,-25
5425,27,4425,528,409,0,63,8.5301,-,-,RAM,ROM,ROM,3,9,inline,-50
5425,27,4425,528,409,0,63,8.5301,-,-,RAM,ROM,ROM,3,9,inline,-75
5521,28,4384,534,539,0,64,8.6401,-,-,RAM,ROM,ROM,3,9,goto,0
5521,28,4384,534,539,0,64,8.6401,-,-,RAM,ROM,ROM,3,9,goto,-25
5521,28,4384,534,539,0,64,8.6401,-,-,RAM,ROM,ROM,3,9,goto,-50
5521,28,4384,534,539,0,64,8.6401,-,-,RAM,ROM,ROM,3,9,goto,-75
4960,28,4200,426,294,0,40,7.9301,-,-,RAM,ROM,ROM,6,0,inline,0
4960,28,4200,426,294,0,40,7.9301,-,-,RAM,ROM,ROM,6,0,inline,-25
4960,28,4200,426,294,0,40,7.9301,-,-,RAM,ROM,ROM,6,0,inline,-50
4960,28,4200,426,294,0,40,7.9301,-,-,RAM,ROM,ROM,6,0,inline,-75
5371,28,4180,702,451,0,38,7.9701,-,-,RAM,ROM,ROM,6,0,goto,0
5371,28,4180,702,451,0,38,7.9701,-,-,RAM,ROM,ROM,6,0,goto,-25
5371,28,4180,702,451,0,38,7.9701,-,-,RAM,ROM,ROM,6,0,goto,-50
5371,28,4180,702,451,0,38,7.9701,-,-,RAM,ROM,ROM,6,0,goto,-75
5402,22,4374,570,409,0,49,8.5301,-,-,RAM,ROM,ROM,6,3,inline,0
5402,22,4374,570,409,0,49,8.5301,-,-,RAM,ROM,ROM,6,3,inline,-25
5402,22,4374,570,409,0,49,8.5301,-,-,RAM,ROM,ROM,6,3,inline,-50
5402,22,4374,570,409,0,49,8.5301,-,-,RAM,ROM,ROM,6,3,inline,-75
5691,22,4354,702,589,0,46,8.6451,-,-,RAM,ROM,ROM,6,3,goto,0
5691,22,4354,702,589,0,46,8.6451,-,-,RAM,ROM,ROM,6,3,goto,-25
5691,22,4354,702,589,0,46,8.6451,-,-,RAM,ROM,ROM,6,3,goto,-50
5691,22,4354,702,589,0,46,8.6451,-,-,RAM,ROM,ROM,6,3,goto,-75
784,1,754,0,28,0,2,2.482,-,-,RAM,ROM,ROM,6,6,inline,0
964,2,690,216,50,0,8,2.5562,-,-,RAM,ROM,ROM,6,6,inline,-25
888,2,568,234,76,0,10,2.6395,-,-,RAM,ROM,ROM,6,6,inline,-50
850,2,489,264,89,0,8,3.647,-,-,RAM,ROM,ROM,6,6,inline,-75
925,2,626,210,83,0,6,1.832,-,-,RAM,ROM,ROM,6,6,goto,0
925,2,626,210,83,0,6,1.832,-,-,RAM,ROM,ROM,6,6,goto,-25
880,3,460,264,145,0,11,2.355,-,-,RAM,ROM,ROM,6,6,goto,-50
820,3,401,264,144,0,11,2.382,-,-,RAM,ROM,ROM,6,6,goto,-75
784,1,754,0,28,0,2,2.482,-,-,RAM,ROM,ROM,6,9,inline,0
964,2,690,216,50,0,8,2.5562,-,-,RAM,ROM,ROM,6,9,inline,-25
888,2,568,234,76,0,10,2.6395,-,-,RAM,ROM,ROM,6,9,inline,-50
850,2,489,264,89,0,8,3.647,-,-,RAM,ROM,ROM,6,9,inline,-75
925,2,626,210,83,0,6,1.832,-,-,RAM,ROM,ROM,6,9,goto,0
925,2,626,210,83,0,6,1.832,-,-,RAM,ROM,ROM,6,9,goto,-25
880,3,460,264,145,0,11,2.355,-,-,RAM,ROM,ROM,6,9,goto,-50
820,3,401,264,144,0,11,2.382,-,-,RAM,ROM,ROM,6,9,goto,-75
4960,28,4200,426,294,0,40,7.9301,-,-,RAM,ROM,ROM,9,0,inline,0
4960,28,4200,426,294,0,40,7.9301,-,-,RAM,ROM,ROM,9,0,inline,-25
4960,28,4200,426,294,0,40,7.9301,-,-,RAM,ROM,ROM,9,0,inline,-50
4960,28,4200,426,294,0,40,7.9301,-,-,RAM,ROM,ROM,9,0,inline,-75
5371,28,4180,702,451,0,38,7.9701,-,-,RAM,ROM,ROM,9,0,goto,0
5371,28,4180,702,451,0,38,7.9701,-,-,RAM,ROM,ROM,9,0,goto,-25
5371,28,4180,702,451,0,38,7.9701,-,-,RAM,ROM,ROM,9,0,goto,-50
5371,28,4180,702,451,0,38,7.9701,-,-,RAM,ROM,ROM,9,0,goto,-75
5402,22,4374,570,409,0,49,8.5301,-,-,RAM,ROM,ROM,9,3,inline,0
5402,22,4374,570,409,0,49,8.5301,-,-,RAM,ROM,ROM,9,3,inline,-25
5402,22,4374,570,409,0,49,8.5301,-,-,RAM,ROM,ROM,9,3,inline,-50
5402,22,4374,570,409,0,49,8.5301,-,-,RAM,ROM,ROM,9,3,inline,-75
5691,22,4354,702,589,0,46,8.6451,-,-,RAM,ROM,ROM,9,3,goto,0
5691,22,4354,702,589,0,46,8.6451,-,-,RAM,ROM,ROM,9,3,goto,-25
5691,22,4354,702,589,0,46,8.6451,-,-,RAM,ROM,ROM,9,3,goto,-50
5691,22,4354,702,589,0,46,8.6451,-,-,RAM,ROM,ROM,9,3,goto,-75
784,1,754,0,28,0,2,2.482,-,-,RAM,ROM,ROM,9,6,inline,0
964,2,690,216,50,0,8,2.5562,-,-,RAM,ROM,ROM,9,6,inline,-25
888,2,568,234,76,0,10,2.6395,-,-,RAM,ROM,ROM,9,6,inline,-50
850,2,489,264,89,0,8,3.647,-,-,RAM,ROM,ROM,9,6,inline,-75
925,2,626,210,83,0,6,1.832,-,-,RAM,ROM,ROM,9,6,goto,0
925,2,626,210,83,0,6,1.832,-,-,RAM,ROM,ROM,9,6,goto,-25
880,3,460,264,145,0,11,2.355,-,-,RAM,ROM,ROM,9,6,goto,-50
820,3,401,264,144,0,11,2.382,-,-,RAM,ROM,ROM,9,6,goto,-75
784,1,754,0,28,0,2,2.482,-,-,RAM,ROM,ROM,9,9,inline,0
964,2,690,216,50,0,8,2.5562,-,-,RAM,ROM,ROM,9,9,inline,-25
888,2,568,234,76,0,10,2.6395,-,-,RAM,ROM,ROM,9,9,inline,-50
850,2,489,264,89,0,8,3.647,-,-,RAM,ROM,ROM,9,9,inline,-75
925,2,626,210,83,0,6,1.832,-,-,RAM,ROM,ROM,9,9,goto,0
925,2,626,210,83,0,6,1.832,-,-,RAM,ROM,ROM,9,9,goto,-25
880,3,460,264,145,0,11,2.355,-,-,RAM,ROM,ROM,9,9,goto,-50
820,3,401,264,144,0,11,2.382,-,-,RAM,ROM,ROM,9,9,goto,-75
