AREA,state,FU,REG,MUX,DEC,pin_pair,net,max,min,ave,MISC,MEM,CP_delay,sim,Pmax,Pmin,Pave,Latency,BlockMemoryBit,DSP,FU,ATTR,ARRAY_1,LOOP_1,LOOP_2,FUNC_1,Attr
1168,4,273,654,210,14,1953,890,4,4,4.00,17,0,2.048ns,-,-,-,-,16,-,-,-100,Cyber,array=REG,unroll_times=0,unroll_times=0,func=inline,ATTR=Cyber;ARRAY_1=array=REG;LOOP_1=unroll_times=0;LOOP_2=unroll_times=0;FUNC_1=func=inline;-100
1168,4,273,654,210,14,1953,890,4,4,4.00,17,0,2.048ns,-,-,-,-,16,-,-,-50,Cyber,array=REG,unroll_times=0,unroll_times=0,func=inline,ATTR=Cyber;ARRAY_1=array=REG;LOOP_1=unroll_times=0;LOOP_2=unroll_times=0;FUNC_1=func=inline;-50
1168,4,273,654,210,14,1953,890,4,4,4.00,17,0,2.048ns,-,-,-,-,16,-,-,0,Cyber,array=REG,unroll_times=0,unroll_times=0,func=inline,ATTR=Cyber;ARRAY_1=array=REG;LOOP_1=unroll_times=0;LOOP_2=unroll_times=0;FUNC_1=func=inline;0
1168,4,273,654,210,14,1953,890,4,4,4.00,17,0,2.048ns,-,-,-,-,16,-,-,50,Cyber,array=REG,unroll_times=0,unroll_times=0,func=inline,ATTR=Cyber;ARRAY_1=array=REG;LOOP_1=unroll_times=0;LOOP_2=unroll_times=0;FUNC_1=func=inline;50
1168,4,273,654,210,14,1953,890,4,4,4.00,17,0,2.048ns,-,-,-,-,16,-,-,100,Cyber,array=REG,unroll_times=0,unroll_times=0,func=inline,ATTR=Cyber;ARRAY_1=array=REG;LOOP_1=unroll_times=0;LOOP_2=unroll_times=0;FUNC_1=func=inline;100
1349,7,337,732,242,14,2310,1061,7,7,7.00,24,0,2.638ns,-,-,-,-,16,-,-,-100,Cyber,array=REG,unroll_times=0,unroll_times=3,func=inline,ATTR=Cyber;ARRAY_1=array=REG;LOOP_1=unroll_times=0;LOOP_2=unroll_times=3;FUNC_1=func=inline;-100
1547,6,545,732,233,14,2688,1280,6,6,6.00,23,0,3.258ns,-,-,-,-,15,-,-,-50,Cyber,array=REG,unroll_times=0,unroll_times=3,func=inline,ATTR=Cyber;ARRAY_1=array=REG;LOOP_1=unroll_times=0;LOOP_2=unroll_times=3;FUNC_1=func=inline;-50
1547,6,545,732,233,14,2688,1280,6,6,6.00,23,0,3.258ns,-,-,-,-,15,-,-,0,Cyber,array=REG,unroll_times=0,unroll_times=3,func=inline,ATTR=Cyber;ARRAY_1=array=REG;LOOP_1=unroll_times=0;LOOP_2=unroll_times=3;FUNC_1=func=inline;0
1783,6,758,756,233,14,3140,1536,6,6,6.00,22,0,3.042ns,-,-,-,-,15,-,-,50,Cyber,array=REG,unroll_times=0,unroll_times=3,func=inline,ATTR=Cyber;ARRAY_1=array=REG;LOOP_1=unroll_times=0;LOOP_2=unroll_times=3;FUNC_1=func=inline;50
1783,6,758,756,233,14,3140,1536,6,6,6.00,22,0,3.042ns,-,-,-,-,15,-,-,100,Cyber,array=REG,unroll_times=0,unroll_times=3,func=inline,ATTR=Cyber;ARRAY_1=array=REG;LOOP_1=unroll_times=0;LOOP_2=unroll_times=3;FUNC_1=func=inline;100
1061,7,119,624,276,14,1954,843,7,7,7.00,28,0,1.2025ns,-,-,-,-,19,-,-,-100,Cyber,array=REG,unroll_times=0,unroll_times=4,func=inline,ATTR=Cyber;ARRAY_1=array=REG;LOOP_1=unroll_times=0;LOOP_2=unroll_times=4;FUNC_1=func=inline;-100
1066,4,284,570,185,14,1847,847,4,4,4.00,13,0,1.525ns,-,-,-,-,10,-,-,-50,Cyber,array=REG,unroll_times=0,unroll_times=4,func=inline,ATTR=Cyber;ARRAY_1=array=REG;LOOP_1=unroll_times=0;LOOP_2=unroll_times=4;FUNC_1=func=inline;-50
1078,3,384,510,158,14,1893,880,3,3,3.00,12,0,1.405ns,-,-,-,-,9,-,-,0,Cyber,array=REG,unroll_times=0,unroll_times=4,func=inline,ATTR=Cyber;ARRAY_1=array=REG;LOOP_1=unroll_times=0;LOOP_2=unroll_times=4;FUNC_1=func=inline;0
1078,3,384,510,158,14,1893,880,3,3,3.00,12,0,1.405ns,-,-,-,-,9,-,-,50,Cyber,array=REG,unroll_times=0,unroll_times=4,func=inline,ATTR=Cyber;ARRAY_1=array=REG;LOOP_1=unroll_times=0;LOOP_2=unroll_times=4;FUNC_1=func=inline;50
1078,3,384,510,158,14,1893,880,3,3,3.00,12,0,1.405ns,-,-,-,-,9,-,-,100,Cyber,array=REG,unroll_times=0,unroll_times=4,func=inline,ATTR=Cyber;ARRAY_1=array=REG;LOOP_1=unroll_times=0;LOOP_2=unroll_times=4;FUNC_1=func=inline;100
1061,7,119,624,276,14,1954,843,7,7,7.00,28,0,1.2025ns,-,-,-,-,19,-,-,-100,Cyber,array=REG,unroll_times=0,unroll_times=all,func=inline,ATTR=Cyber;ARRAY_1=array=REG;LOOP_1=unroll_times=0;LOOP_2=unroll_times=all;FUNC_1=func=inline;-100
1066,4,284,570,185,14,1847,847,4,4,4.00,13,0,1.525ns,-,-,-,-,10,-,-,-50,Cyber,array=REG,unroll_times=0,unroll_times=all,func=inline,ATTR=Cyber;ARRAY_1=array=REG;LOOP_1=unroll_times=0;LOOP_2=unroll_times=all;FUNC_1=func=inline;-50
1078,3,384,510,158,14,1893,880,3,3,3.00,12,0,1.405ns,-,-,-,-,9,-,-,0,Cyber,array=REG,unroll_times=0,unroll_times=all,func=inline,ATTR=Cyber;ARRAY_1=array=REG;LOOP_1=unroll_times=0;LOOP_2=unroll_times=all;FUNC_1=func=inline;0
1078,3,384,510,158,14,1893,880,3,3,3.00,12,0,1.405ns,-,-,-,-,9,-,-,50,Cyber,array=REG,unroll_times=0,unroll_times=all,func=inline,ATTR=Cyber;ARRAY_1=array=REG;LOOP_1=unroll_times=0;LOOP_2=unroll_times=all;FUNC_1=func=inline;50
1078,3,384,510,158,14,1893,880,3,3,3.00,12,0,1.405ns,-,-,-,-,9,-,-,100,Cyber,array=REG,unroll_times=0,unroll_times=all,func=inline,ATTR=Cyber;ARRAY_1=array=REG;LOOP_1=unroll_times=0;LOOP_2=unroll_times=all;FUNC_1=func=inline;100
1176,5,273,666,204,14,1953,895,5,5,5.00,19,0,1.668ns,-,-,-,-,17,-,-,-100,Cyber,array=REG,unroll_times=0,folding=1,func=inline,ATTR=Cyber;ARRAY_1=array=REG;LOOP_1=unroll_times=0;LOOP_2=folding=1;FUNC_1=func=inline;-100
1176,5,273,666,204,14,1953,895,5,5,5.00,19,0,1.668ns,-,-,-,-,17,-,-,-50,Cyber,array=REG,unroll_times=0,folding=1,func=inline,ATTR=Cyber;ARRAY_1=array=REG;LOOP_1=unroll_times=0;LOOP_2=folding=1;FUNC_1=func=inline;-50
1176,5,273,666,204,14,1953,895,5,5,5.00,19,0,1.668ns,-,-,-,-,17,-,-,0,Cyber,array=REG,unroll_times=0,folding=1,func=inline,ATTR=Cyber;ARRAY_1=array=REG;LOOP_1=unroll_times=0;LOOP_2=folding=1;FUNC_1=func=inline;0
1176,5,273,666,204,14,1953,895,5,5,5.00,19,0,1.668ns,-,-,-,-,17,-,-,50,Cyber,array=REG,unroll_times=0,folding=1,func=inline,ATTR=Cyber;ARRAY_1=array=REG;LOOP_1=unroll_times=0;LOOP_2=folding=1;FUNC_1=func=inline;50
1176,5,273,666,204,14,1953,895,5,5,5.00,19,0,1.668ns,-,-,-,-,17,-,-,100,Cyber,array=REG,unroll_times=0,folding=1,func=inline,ATTR=Cyber;ARRAY_1=array=REG;LOOP_1=unroll_times=0;LOOP_2=folding=1;FUNC_1=func=inline;100
1269,6,315,678,239,14,2184,1003,6,6,6.00,23,0,2.303ns,-,-,-,-,15,-,-,-100,Cyber,array=REG,unroll_times=3,unroll_times=0,func=inline,ATTR=Cyber;ARRAY_1=array=REG;LOOP_1=unroll_times=3;LOOP_2=unroll_times=0;FUNC_1=func=inline;-100
1269,6,315,678,239,14,2184,1003,6,6,6.00,23,0,2.303ns,-,-,-,-,15,-,-,-50,Cyber,array=REG,unroll_times=3,unroll_times=0,func=inline,ATTR=Cyber;ARRAY_1=array=REG;LOOP_1=unroll_times=3;LOOP_2=unroll_times=0;FUNC_1=func=inline;-50
1269,6,315,678,239,14,2184,1003,6,6,6.00,23,0,2.303ns,-,-,-,-,15,-,-,0,Cyber,array=REG,unroll_times=3,unroll_times=0,func=inline,ATTR=Cyber;ARRAY_1=array=REG;LOOP_1=unroll_times=3;LOOP_2=unroll_times=0;FUNC_1=func=inline;0
1282,6,331,678,236,14,2200,1019,6,6,6.00,23,0,2.149ns,-,-,-,-,15,-,-,50,Cyber,array=REG,unroll_times=3,unroll_times=0,func=inline,ATTR=Cyber;ARRAY_1=array=REG;LOOP_1=unroll_times=3;LOOP_2=unroll_times=0;FUNC_1=func=inline;50
1282,6,331,678,236,14,2200,1019,6,6,6.00,23,0,2.149ns,-,-,-,-,15,-,-,100,Cyber,array=REG,unroll_times=3,unroll_times=0,func=inline,ATTR=Cyber;ARRAY_1=array=REG;LOOP_1=unroll_times=3;LOOP_2=unroll_times=0;FUNC_1=func=inline;100
1445,9,377,738,283,14,2600,1191,9,9,9.00,33,0,2.933ns,-,-,-,-,15,-,-,-100,Cyber,array=REG,unroll_times=3,unroll_times=3,func=inline,ATTR=Cyber;ARRAY_1=array=REG;LOOP_1=unroll_times=3;LOOP_2=unroll_times=3;FUNC_1=func=inline;-100
1636,8,585,732,273,14,2943,1391,8,8,8.00,32,0,3.553ns,-,-,-,-,14,-,-,-50,Cyber,array=REG,unroll_times=3,unroll_times=3,func=inline,ATTR=Cyber;ARRAY_1=array=REG;LOOP_1=unroll_times=3;LOOP_2=unroll_times=3;FUNC_1=func=inline;-50
1636,8,585,732,273,14,2943,1391,8,8,8.00,32,0,3.553ns,-,-,-,-,14,-,-,0,Cyber,array=REG,unroll_times=3,unroll_times=3,func=inline,ATTR=Cyber;ARRAY_1=array=REG;LOOP_1=unroll_times=3;LOOP_2=unroll_times=3;FUNC_1=func=inline;0
1878,8,818,756,262,14,3428,1652,8,8,8.00,28,0,3.187ns,-,-,-,-,14,-,-,50,Cyber,array=REG,unroll_times=3,unroll_times=3,func=inline,ATTR=Cyber;ARRAY_1=array=REG;LOOP_1=unroll_times=3;LOOP_2=unroll_times=3;FUNC_1=func=inline;50
1885,8,828,756,259,14,3435,1652,8,8,8.00,28,0,3.187ns,-,-,-,-,14,-,-,100,Cyber,array=REG,unroll_times=3,unroll_times=3,func=inline,ATTR=Cyber;ARRAY_1=array=REG;LOOP_1=unroll_times=3;LOOP_2=unroll_times=3;FUNC_1=func=inline;100
1161,9,162,648,310,14,2212,970,9,9,9.00,27,0,1.1225ns,-,-,-,-,12,-,-,-100,Cyber,array=REG,unroll_times=3,unroll_times=4,func=inline,ATTR=Cyber;ARRAY_1=array=REG;LOOP_1=unroll_times=3;LOOP_2=unroll_times=4;FUNC_1=func=inline;-100
1162,6,322,576,233,14,2131,971,6,6,6.00,17,0,1.575ns,-,-,-,-,9,-,-,-50,Cyber,array=REG,unroll_times=3,unroll_times=4,func=inline,ATTR=Cyber;ARRAY_1=array=REG;LOOP_1=unroll_times=3;LOOP_2=unroll_times=4;FUNC_1=func=inline;-50
1174,5,422,534,188,14,2129,993,5,5,5.00,16,0,1.405ns,-,-,-,-,8,-,-,0,Cyber,array=REG,unroll_times=3,unroll_times=4,func=inline,ATTR=Cyber;ARRAY_1=array=REG;LOOP_1=unroll_times=3;LOOP_2=unroll_times=4;FUNC_1=func=inline;0
1181,5,432,534,185,14,2126,996,5,5,5.00,16,0,1.405ns,-,-,-,-,8,-,-,50,Cyber,array=REG,unroll_times=3,unroll_times=4,func=inline,ATTR=Cyber;ARRAY_1=array=REG;LOOP_1=unroll_times=3;LOOP_2=unroll_times=4;FUNC_1=func=inline;50
1181,5,432,534,185,14,2126,996,5,5,5.00,16,0,1.405ns,-,-,-,-,8,-,-,100,Cyber,array=REG,unroll_times=3,unroll_times=4,func=inline,ATTR=Cyber;ARRAY_1=array=REG;LOOP_1=unroll_times=3;LOOP_2=unroll_times=4;FUNC_1=func=inline;100
1161,9,162,648,310,14,2212,970,9,9,9.00,27,0,1.1225ns,-,-,-,-,12,-,-,-100,Cyber,array=REG,unroll_times=3,unroll_times=all,func=inline,ATTR=Cyber;ARRAY_1=array=REG;LOOP_1=unroll_times=3;LOOP_2=unroll_times=all;FUNC_1=func=inline;-100
1162,6,322,576,233,14,2131,971,6,6,6.00,17,0,1.575ns,-,-,-,-,9,-,-,-50,Cyber,array=REG,unroll_times=3,unroll_times=all,func=inline,ATTR=Cyber;ARRAY_1=array=REG;LOOP_1=unroll_times=3;LOOP_2=unroll_times=all;FUNC_1=func=inline;-50
1174,5,422,534,188,14,2129,993,5,5,5.00,16,0,1.405ns,-,-,-,-,8,-,-,0,Cyber,array=REG,unroll_times=3,unroll_times=all,func=inline,ATTR=Cyber;ARRAY_1=array=REG;LOOP_1=unroll_times=3;LOOP_2=unroll_times=all;FUNC_1=func=inline;0
1181,5,432,534,185,14,2126,996,5,5,5.00,16,0,1.405ns,-,-,-,-,8,-,-,50,Cyber,array=REG,unroll_times=3,unroll_times=all,func=inline,ATTR=Cyber;ARRAY_1=array=REG;LOOP_1=unroll_times=3;LOOP_2=unroll_times=all;FUNC_1=func=inline;50
1181,5,432,534,185,14,2126,996,5,5,5.00,16,0,1.405ns,-,-,-,-,8,-,-,100,Cyber,array=REG,unroll_times=3,unroll_times=all,func=inline,ATTR=Cyber;ARRAY_1=array=REG;LOOP_1=unroll_times=3;LOOP_2=unroll_times=all;FUNC_1=func=inline;100
1270,7,315,684,233,14,2163,996,7,7,7.00,24,0,1.903ns,-,-,-,-,16,-,-,-100,Cyber,array=REG,unroll_times=3,folding=1,func=inline,ATTR=Cyber;ARRAY_1=array=REG;LOOP_1=unroll_times=3;LOOP_2=folding=1;FUNC_1=func=inline;-100
1270,7,315,684,233,14,2163,996,7,7,7.00,24,0,1.903ns,-,-,-,-,16,-,-,-50,Cyber,array=REG,unroll_times=3,folding=1,func=inline,ATTR=Cyber;ARRAY_1=array=REG;LOOP_1=unroll_times=3;LOOP_2=folding=1;FUNC_1=func=inline;-50
1270,7,315,684,233,14,2163,996,7,7,7.00,24,0,1.903ns,-,-,-,-,16,-,-,0,Cyber,array=REG,unroll_times=3,folding=1,func=inline,ATTR=Cyber;ARRAY_1=array=REG;LOOP_1=unroll_times=3;LOOP_2=folding=1;FUNC_1=func=inline;0
1282,7,331,684,229,14,2174,1010,7,7,7.00,24,0,1.749ns,-,-,-,-,16,-,-,50,Cyber,array=REG,unroll_times=3,folding=1,func=inline,ATTR=Cyber;ARRAY_1=array=REG;LOOP_1=unroll_times=3;LOOP_2=folding=1;FUNC_1=func=inline;50
1282,7,331,684,229,14,2174,1010,7,7,7.00,24,0,1.749ns,-,-,-,-,16,-,-,100,Cyber,array=REG,unroll_times=3,folding=1,func=inline,ATTR=Cyber;ARRAY_1=array=REG;LOOP_1=unroll_times=3;LOOP_2=folding=1;FUNC_1=func=inline;100
1060,2,262,648,147,0,1585,735,2,2,2.00,3,0,1.858ns,-,-,-,-,8,-,-,-100,Cyber,array=REG,unroll_times=4,unroll_times=0,func=inline,ATTR=Cyber;ARRAY_1=array=REG;LOOP_1=unroll_times=4;LOOP_2=unroll_times=0;FUNC_1=func=inline;-100
1060,2,262,648,147,0,1585,735,2,2,2.00,3,0,1.858ns,-,-,-,-,8,-,-,-50,Cyber,array=REG,unroll_times=4,unroll_times=0,func=inline,ATTR=Cyber;ARRAY_1=array=REG;LOOP_1=unroll_times=4;LOOP_2=unroll_times=0;FUNC_1=func=inline;-50
1060,2,262,648,147,0,1585,735,2,2,2.00,3,0,1.858ns,-,-,-,-,8,-,-,0,Cyber,array=REG,unroll_times=4,unroll_times=0,func=inline,ATTR=Cyber;ARRAY_1=array=REG;LOOP_1=unroll_times=4;LOOP_2=unroll_times=0;FUNC_1=func=inline;0
1060,2,262,648,147,0,1585,735,2,2,2.00,3,0,1.858ns,-,-,-,-,8,-,-,50,Cyber,array=REG,unroll_times=4,unroll_times=0,func=inline,ATTR=Cyber;ARRAY_1=array=REG;LOOP_1=unroll_times=4;LOOP_2=unroll_times=0;FUNC_1=func=inline;50
1060,2,262,648,147,0,1585,735,2,2,2.00,3,0,1.858ns,-,-,-,-,8,-,-,100,Cyber,array=REG,unroll_times=4,unroll_times=0,func=inline,ATTR=Cyber;ARRAY_1=array=REG;LOOP_1=unroll_times=4;LOOP_2=unroll_times=0;FUNC_1=func=inline;100
1265,5,336,708,210,0,2104,973,5,5,5.00,11,0,2.487ns,-,-,-,-,8,-,-,-100,Cyber,array=REG,unroll_times=4,unroll_times=3,func=inline,ATTR=Cyber;ARRAY_1=array=REG;LOOP_1=unroll_times=4;LOOP_2=unroll_times=3;FUNC_1=func=inline;-100
1458,4,544,702,202,0,2462,1181,4,4,4.00,10,0,3.107ns,-,-,-,-,7,-,-,-50,Cyber,array=REG,unroll_times=4,unroll_times=3,func=inline,ATTR=Cyber;ARRAY_1=array=REG;LOOP_1=unroll_times=4;LOOP_2=unroll_times=3;FUNC_1=func=inline;-50
1458,4,544,702,202,0,2462,1181,4,4,4.00,10,0,3.107ns,-,-,-,-,7,-,-,0,Cyber,array=REG,unroll_times=4,unroll_times=3,func=inline,ATTR=Cyber;ARRAY_1=array=REG;LOOP_1=unroll_times=4;LOOP_2=unroll_times=3;FUNC_1=func=inline;0
1713,4,752,750,202,0,2920,1439,4,4,4.00,9,0,3.037ns,-,-,-,-,7,-,-,50,Cyber,array=REG,unroll_times=4,unroll_times=3,func=inline,ATTR=Cyber;ARRAY_1=array=REG;LOOP_1=unroll_times=4;LOOP_2=unroll_times=3;FUNC_1=func=inline;50
1713,4,752,750,202,0,2920,1439,4,4,4.00,9,0,3.037ns,-,-,-,-,7,-,-,100,Cyber,array=REG,unroll_times=4,unroll_times=3,func=inline,ATTR=Cyber;ARRAY_1=array=REG;LOOP_1=unroll_times=4;LOOP_2=unroll_times=3;FUNC_1=func=inline;100
750,5,114,480,144,0,1262,556,5,5,5.00,12,0,1.0725ns,-,-,-,-,5,-,-,-100,Cyber,array=REG,unroll_times=4,unroll_times=4,func=inline,ATTR=Cyber;ARRAY_1=array=REG;LOOP_1=unroll_times=4;LOOP_2=unroll_times=4;FUNC_1=func=inline;-100
775,2,274,402,99,0,1343,628,2,2,2.00,0,0,1.475ns,-,-,-,-,2,-,-,-50,Cyber,array=REG,unroll_times=4,unroll_times=4,func=inline,ATTR=Cyber;ARRAY_1=array=REG;LOOP_1=unroll_times=4;LOOP_2=unroll_times=4;FUNC_1=func=inline;-50
758,1,374,384,0,0,1077,548,1,1,1.00,0,0,1.335ns,-,-,-,-,1,-,-,0,Cyber,array=REG,unroll_times=4,unroll_times=4,func=inline,ATTR=Cyber;ARRAY_1=array=REG;LOOP_1=unroll_times=4;LOOP_2=unroll_times=4;FUNC_1=func=inline;0
758,1,374,384,0,0,1077,548,1,1,1.00,0,0,1.335ns,-,-,-,-,1,-,-,50,Cyber,array=REG,unroll_times=4,unroll_times=4,func=inline,ATTR=Cyber;ARRAY_1=array=REG;LOOP_1=unroll_times=4;LOOP_2=unroll_times=4;FUNC_1=func=inline;50
758,1,374,384,0,0,1077,548,1,1,1.00,0,0,1.335ns,-,-,-,-,1,-,-,100,Cyber,array=REG,unroll_times=4,unroll_times=4,func=inline,ATTR=Cyber;ARRAY_1=array=REG;LOOP_1=unroll_times=4;LOOP_2=unroll_times=4;FUNC_1=func=inline;100
750,5,114,480,144,0,1262,556,5,5,5.00,12,0,1.0725ns,-,-,-,-,5,-,-,-100,Cyber,array=REG,unroll_times=4,unroll_times=all,func=inline,ATTR=Cyber;ARRAY_1=array=REG;LOOP_1=unroll_times=4;LOOP_2=unroll_times=all;FUNC_1=func=inline;-100
775,2,274,402,99,0,1343,628,2,2,2.00,0,0,1.475ns,-,-,-,-,2,-,-,-50,Cyber,array=REG,unroll_times=4,unroll_times=all,func=inline,ATTR=Cyber;ARRAY_1=array=REG;LOOP_1=unroll_times=4;LOOP_2=unroll_times=all;FUNC_1=func=inline;-50
758,1,374,384,0,0,1077,548,1,1,1.00,0,0,1.335ns,-,-,-,-,1,-,-,0,Cyber,array=REG,unroll_times=4,unroll_times=all,func=inline,ATTR=Cyber;ARRAY_1=array=REG;LOOP_1=unroll_times=4;LOOP_2=unroll_times=all;FUNC_1=func=inline;0
758,1,374,384,0,0,1077,548,1,1,1.00,0,0,1.335ns,-,-,-,-,1,-,-,50,Cyber,array=REG,unroll_times=4,unroll_times=all,func=inline,ATTR=Cyber;ARRAY_1=array=REG;LOOP_1=unroll_times=4;LOOP_2=unroll_times=all;FUNC_1=func=inline;50
758,1,374,384,0,0,1077,548,1,1,1.00,0,0,1.335ns,-,-,-,-,1,-,-,100,Cyber,array=REG,unroll_times=4,unroll_times=all,func=inline,ATTR=Cyber;ARRAY_1=array=REG;LOOP_1=unroll_times=4;LOOP_2=unroll_times=all;FUNC_1=func=inline;100
1109,3,262,660,181,0,1752,802,3,3,3.00,6,0,1.458ns,-,-,-,-,9,-,-,-100,Cyber,array=REG,unroll_times=4,folding=1,func=inline,ATTR=Cyber;ARRAY_1=array=REG;LOOP_1=unroll_times=4;LOOP_2=folding=1;FUNC_1=func=inline;-100
1109,3,262,660,181,0,1752,802,3,3,3.00,6,0,1.458ns,-,-,-,-,9,-,-,-50,Cyber,array=REG,unroll_times=4,folding=1,func=inline,ATTR=Cyber;ARRAY_1=array=REG;LOOP_1=unroll_times=4;LOOP_2=folding=1;FUNC_1=func=inline;-50
1109,3,262,660,181,0,1752,802,3,3,3.00,6,0,1.458ns,-,-,-,-,9,-,-,0,Cyber,array=REG,unroll_times=4,folding=1,func=inline,ATTR=Cyber;ARRAY_1=array=REG;LOOP_1=unroll_times=4;LOOP_2=folding=1;FUNC_1=func=inline;0
1109,3,262,660,181,0,1752,802,3,3,3.00,6,0,1.458ns,-,-,-,-,9,-,-,50,Cyber,array=REG,unroll_times=4,folding=1,func=inline,ATTR=Cyber;ARRAY_1=array=REG;LOOP_1=unroll_times=4;LOOP_2=folding=1;FUNC_1=func=inline;50
1109,3,262,660,181,0,1752,802,3,3,3.00,6,0,1.458ns,-,-,-,-,9,-,-,100,Cyber,array=REG,unroll_times=4,folding=1,func=inline,ATTR=Cyber;ARRAY_1=array=REG;LOOP_1=unroll_times=4;LOOP_2=folding=1;FUNC_1=func=inline;100
1060,2,262,648,147,0,1585,735,2,2,2.00,3,0,1.858ns,-,-,-,-,8,-,-,-100,Cyber,array=REG,unroll_times=all,unroll_times=0,func=inline,ATTR=Cyber;ARRAY_1=array=REG;LOOP_1=unroll_times=all;LOOP_2=unroll_times=0;FUNC_1=func=inline;-100
1060,2,262,648,147,0,1585,735,2,2,2.00,3,0,1.858ns,-,-,-,-,8,-,-,-50,Cyber,array=REG,unroll_times=all,unroll_times=0,func=inline,ATTR=Cyber;ARRAY_1=array=REG;LOOP_1=unroll_times=all;LOOP_2=unroll_times=0;FUNC_1=func=inline;-50
1060,2,262,648,147,0,1585,735,2,2,2.00,3,0,1.858ns,-,-,-,-,8,-,-,0,Cyber,array=REG,unroll_times=all,unroll_times=0,func=inline,ATTR=Cyber;ARRAY_1=array=REG;LOOP_1=unroll_times=all;LOOP_2=unroll_times=0;FUNC_1=func=inline;0
1060,2,262,648,147,0,1585,735,2,2,2.00,3,0,1.858ns,-,-,-,-,8,-,-,50,Cyber,array=REG,unroll_times=all,unroll_times=0,func=inline,ATTR=Cyber;ARRAY_1=array=REG;LOOP_1=unroll_times=all;LOOP_2=unroll_times=0;FUNC_1=func=inline;50
1060,2,262,648,147,0,1585,735,2,2,2.00,3,0,1.858ns,-,-,-,-,8,-,-,100,Cyber,array=REG,unroll_times=all,unroll_times=0,func=inline,ATTR=Cyber;ARRAY_1=array=REG;LOOP_1=unroll_times=all;LOOP_2=unroll_times=0;FUNC_1=func=inline;100
1265,5,336,708,210,0,2104,973,5,5,5.00,11,0,2.487ns,-,-,-,-,8,-,-,-100,Cyber,array=REG,unroll_times=all,unroll_times=3,func=inline,ATTR=Cyber;ARRAY_1=array=REG;LOOP_1=unroll_times=all;LOOP_2=unroll_times=3;FUNC_1=func=inline;-100
1458,4,544,702,202,0,2462,1181,4,4,4.00,10,0,3.107ns,-,-,-,-,7,-,-,-50,Cyber,array=REG,unroll_times=all,unroll_times=3,func=inline,ATTR=Cyber;ARRAY_1=array=REG;LOOP_1=unroll_times=all;LOOP_2=unroll_times=3;FUNC_1=func=inline;-50
1458,4,544,702,202,0,2462,1181,4,4,4.00,10,0,3.107ns,-,-,-,-,7,-,-,0,Cyber,array=REG,unroll_times=all,unroll_times=3,func=inline,ATTR=Cyber;ARRAY_1=array=REG;LOOP_1=unroll_times=all;LOOP_2=unroll_times=3;FUNC_1=func=inline;0
1713,4,752,750,202,0,2920,1439,4,4,4.00,9,0,3.037ns,-,-,-,-,7,-,-,50,Cyber,array=REG,unroll_times=all,unroll_times=3,func=inline,ATTR=Cyber;ARRAY_1=array=REG;LOOP_1=unroll_times=all;LOOP_2=unroll_times=3;FUNC_1=func=inline;50
1713,4,752,750,202,0,2920,1439,4,4,4.00,9,0,3.037ns,-,-,-,-,7,-,-,100,Cyber,array=REG,unroll_times=all,unroll_times=3,func=inline,ATTR=Cyber;ARRAY_1=array=REG;LOOP_1=unroll_times=all;LOOP_2=unroll_times=3;FUNC_1=func=inline;100
750,5,114,480,144,0,1262,556,5,5,5.00,12,0,1.0725ns,-,-,-,-,5,-,-,-100,Cyber,array=REG,unroll_times=all,unroll_times=4,func=inline,ATTR=Cyber;ARRAY_1=array=REG;LOOP_1=unroll_times=all;LOOP_2=unroll_times=4;FUNC_1=func=inline;-100
775,2,274,402,99,0,1343,628,2,2,2.00,0,0,1.475ns,-,-,-,-,2,-,-,-50,Cyber,array=REG,unroll_times=all,unroll_times=4,func=inline,ATTR=Cyber;ARRAY_1=array=REG;LOOP_1=unroll_times=all;LOOP_2=unroll_times=4;FUNC_1=func=inline;-50
758,1,374,384,0,0,1077,548,1,1,1.00,0,0,1.335ns,-,-,-,-,1,-,-,0,Cyber,array=REG,unroll_times=all,unroll_times=4,func=inline,ATTR=Cyber;ARRAY_1=array=REG;LOOP_1=unroll_times=all;LOOP_2=unroll_times=4;FUNC_1=func=inline;0
758,1,374,384,0,0,1077,548,1,1,1.00,0,0,1.335ns,-,-,-,-,1,-,-,50,Cyber,array=REG,unroll_times=all,unroll_times=4,func=inline,ATTR=Cyber;ARRAY_1=array=REG;LOOP_1=unroll_times=all;LOOP_2=unroll_times=4;FUNC_1=func=inline;50
758,1,374,384,0,0,1077,548,1,1,1.00,0,0,1.335ns,-,-,-,-,1,-,-,100,Cyber,array=REG,unroll_times=all,unroll_times=4,func=inline,ATTR=Cyber;ARRAY_1=array=REG;LOOP_1=unroll_times=all;LOOP_2=unroll_times=4;FUNC_1=func=inline;100
750,5,114,480,144,0,1262,556,5,5,5.00,12,0,1.0725ns,-,-,-,-,5,-,-,-100,Cyber,array=REG,unroll_times=all,unroll_times=all,func=inline,ATTR=Cyber;ARRAY_1=array=REG;LOOP_1=unroll_times=all;LOOP_2=unroll_times=all;FUNC_1=func=inline;-100
775,2,274,402,99,0,1343,628,2,2,2.00,0,0,1.475ns,-,-,-,-,2,-,-,-50,Cyber,array=REG,unroll_times=all,unroll_times=all,func=inline,ATTR=Cyber;ARRAY_1=array=REG;LOOP_1=unroll_times=all;LOOP_2=unroll_times=all;FUNC_1=func=inline;-50
758,1,374,384,0,0,1077,548,1,1,1.00,0,0,1.335ns,-,-,-,-,1,-,-,0,Cyber,array=REG,unroll_times=all,unroll_times=all,func=inline,ATTR=Cyber;ARRAY_1=array=REG;LOOP_1=unroll_times=all;LOOP_2=unroll_times=all;FUNC_1=func=inline;0
758,1,374,384,0,0,1077,548,1,1,1.00,0,0,1.335ns,-,-,-,-,1,-,-,50,Cyber,array=REG,unroll_times=all,unroll_times=all,func=inline,ATTR=Cyber;ARRAY_1=array=REG;LOOP_1=unroll_times=all;LOOP_2=unroll_times=all;FUNC_1=func=inline;50
758,1,374,384,0,0,1077,548,1,1,1.00,0,0,1.335ns,-,-,-,-,1,-,-,100,Cyber,array=REG,unroll_times=all,unroll_times=all,func=inline,ATTR=Cyber;ARRAY_1=array=REG;LOOP_1=unroll_times=all;LOOP_2=unroll_times=all;FUNC_1=func=inline;100
1109,3,262,660,181,0,1752,802,3,3,3.00,6,0,1.458ns,-,-,-,-,9,-,-,-100,Cyber,array=REG,unroll_times=all,folding=1,func=inline,ATTR=Cyber;ARRAY_1=array=REG;LOOP_1=unroll_times=all;LOOP_2=folding=1;FUNC_1=func=inline;-100
1109,3,262,660,181,0,1752,802,3,3,3.00,6,0,1.458ns,-,-,-,-,9,-,-,-50,Cyber,array=REG,unroll_times=all,folding=1,func=inline,ATTR=Cyber;ARRAY_1=array=REG;LOOP_1=unroll_times=all;LOOP_2=folding=1;FUNC_1=func=inline;-50
1109,3,262,660,181,0,1752,802,3,3,3.00,6,0,1.458ns,-,-,-,-,9,-,-,0,Cyber,array=REG,unroll_times=all,folding=1,func=inline,ATTR=Cyber;ARRAY_1=array=REG;LOOP_1=unroll_times=all;LOOP_2=folding=1;FUNC_1=func=inline;0
1109,3,262,660,181,0,1752,802,3,3,3.00,6,0,1.458ns,-,-,-,-,9,-,-,50,Cyber,array=REG,unroll_times=all,folding=1,func=inline,ATTR=Cyber;ARRAY_1=array=REG;LOOP_1=unroll_times=all;LOOP_2=folding=1;FUNC_1=func=inline;50
1109,3,262,660,181,0,1752,802,3,3,3.00,6,0,1.458ns,-,-,-,-,9,-,-,100,Cyber,array=REG,unroll_times=all,folding=1,func=inline,ATTR=Cyber;ARRAY_1=array=REG;LOOP_1=unroll_times=all;LOOP_2=folding=1;FUNC_1=func=inline;100
1128,4,273,654,169,14,1776,824,4,4,4.00,18,0,2.048ns,-,-,-,-,16,-,-,-100,Cyber,array=REG,folding=1,unroll_times=0,func=inline,ATTR=Cyber;ARRAY_1=array=REG;LOOP_1=folding=1;LOOP_2=unroll_times=0;FUNC_1=func=inline;-100
1128,4,273,654,169,14,1776,824,4,4,4.00,18,0,2.048ns,-,-,-,-,16,-,-,-50,Cyber,array=REG,folding=1,unroll_times=0,func=inline,ATTR=Cyber;ARRAY_1=array=REG;LOOP_1=folding=1;LOOP_2=unroll_times=0;FUNC_1=func=inline;-50
1128,4,273,654,169,14,1776,824,4,4,4.00,18,0,2.048ns,-,-,-,-,16,-,-,0,Cyber,array=REG,folding=1,unroll_times=0,func=inline,ATTR=Cyber;ARRAY_1=array=REG;LOOP_1=folding=1;LOOP_2=unroll_times=0;FUNC_1=func=inline;0
1128,4,273,654,169,14,1776,824,4,4,4.00,18,0,2.048ns,-,-,-,-,16,-,-,50,Cyber,array=REG,folding=1,unroll_times=0,func=inline,ATTR=Cyber;ARRAY_1=array=REG;LOOP_1=folding=1;LOOP_2=unroll_times=0;FUNC_1=func=inline;50
1128,4,273,654,169,14,1776,824,4,4,4.00,18,0,2.048ns,-,-,-,-,16,-,-,100,Cyber,array=REG,folding=1,unroll_times=0,func=inline,ATTR=Cyber;ARRAY_1=array=REG;LOOP_1=folding=1;LOOP_2=unroll_times=0;FUNC_1=func=inline;100
1342,7,337,732,234,14,2272,1046,7,7,7.00,25,0,2.638ns,-,-,-,-,16,-,-,-100,Cyber,array=REG,folding=1,unroll_times=3,func=inline,ATTR=Cyber;ARRAY_1=array=REG;LOOP_1=folding=1;LOOP_2=unroll_times=3;FUNC_1=func=inline;-100
1540,6,545,732,225,14,2650,1265,6,6,6.00,24,0,3.258ns,-,-,-,-,15,-,-,-50,Cyber,array=REG,folding=1,unroll_times=3,func=inline,ATTR=Cyber;ARRAY_1=array=REG;LOOP_1=folding=1;LOOP_2=unroll_times=3;FUNC_1=func=inline;-50
1540,6,545,732,225,14,2650,1265,6,6,6.00,24,0,3.258ns,-,-,-,-,15,-,-,0,Cyber,array=REG,folding=1,unroll_times=3,func=inline,ATTR=Cyber;ARRAY_1=array=REG;LOOP_1=folding=1;LOOP_2=unroll_times=3;FUNC_1=func=inline;0
1776,6,758,756,225,14,3102,1521,6,6,6.00,23,0,3.042ns,-,-,-,-,15,-,-,50,Cyber,array=REG,folding=1,unroll_times=3,func=inline,ATTR=Cyber;ARRAY_1=array=REG;LOOP_1=folding=1;LOOP_2=unroll_times=3;FUNC_1=func=inline;50
1776,6,758,756,225,14,3102,1521,6,6,6.00,23,0,3.042ns,-,-,-,-,15,-,-,100,Cyber,array=REG,folding=1,unroll_times=3,func=inline,ATTR=Cyber;ARRAY_1=array=REG;LOOP_1=folding=1;LOOP_2=unroll_times=3;FUNC_1=func=inline;100
1054,7,124,624,266,14,1929,839,7,7,7.00,26,0,1.0525ns,-,-,-,-,13,-,-,-100,Cyber,array=REG,folding=1,unroll_times=4,func=inline,ATTR=Cyber;ARRAY_1=array=REG;LOOP_1=folding=1;LOOP_2=unroll_times=4;FUNC_1=func=inline;-100
1045,4,284,552,180,14,1814,827,4,4,4.00,15,0,1.525ns,-,-,-,-,10,-,-,-50,Cyber,array=REG,folding=1,unroll_times=4,func=inline,ATTR=Cyber;ARRAY_1=array=REG;LOOP_1=folding=1;LOOP_2=unroll_times=4;FUNC_1=func=inline;-50
1023,3,384,462,150,14,1823,848,3,3,3.00,13,0,1.405ns,-,-,-,-,9,-,-,0,Cyber,array=REG,folding=1,unroll_times=4,func=inline,ATTR=Cyber;ARRAY_1=array=REG;LOOP_1=folding=1;LOOP_2=unroll_times=4;FUNC_1=func=inline;0
1023,3,384,462,150,14,1823,848,3,3,3.00,13,0,1.405ns,-,-,-,-,9,-,-,50,Cyber,array=REG,folding=1,unroll_times=4,func=inline,ATTR=Cyber;ARRAY_1=array=REG;LOOP_1=folding=1;LOOP_2=unroll_times=4;FUNC_1=func=inline;50
1023,3,384,462,150,14,1823,848,3,3,3.00,13,0,1.405ns,-,-,-,-,9,-,-,100,Cyber,array=REG,folding=1,unroll_times=4,func=inline,ATTR=Cyber;ARRAY_1=array=REG;LOOP_1=folding=1;LOOP_2=unroll_times=4;FUNC_1=func=inline;100
1054,7,124,624,266,14,1929,839,7,7,7.00,26,0,1.0525ns,-,-,-,-,13,-,-,-100,Cyber,array=REG,folding=1,unroll_times=all,func=inline,ATTR=Cyber;ARRAY_1=array=REG;LOOP_1=folding=1;LOOP_2=unroll_times=all;FUNC_1=func=inline;-100
1045,4,284,552,180,14,1814,827,4,4,4.00,15,0,1.525ns,-,-,-,-,10,-,-,-50,Cyber,array=REG,folding=1,unroll_times=all,func=inline,ATTR=Cyber;ARRAY_1=array=REG;LOOP_1=folding=1;LOOP_2=unroll_times=all;FUNC_1=func=inline;-50
1023,3,384,462,150,14,1823,848,3,3,3.00,13,0,1.405ns,-,-,-,-,9,-,-,0,Cyber,array=REG,folding=1,unroll_times=all,func=inline,ATTR=Cyber;ARRAY_1=array=REG;LOOP_1=folding=1;LOOP_2=unroll_times=all;FUNC_1=func=inline;0
1023,3,384,462,150,14,1823,848,3,3,3.00,13,0,1.405ns,-,-,-,-,9,-,-,50,Cyber,array=REG,folding=1,unroll_times=all,func=inline,ATTR=Cyber;ARRAY_1=array=REG;LOOP_1=folding=1;LOOP_2=unroll_times=all;FUNC_1=func=inline;50
1023,3,384,462,150,14,1823,848,3,3,3.00,13,0,1.405ns,-,-,-,-,9,-,-,100,Cyber,array=REG,folding=1,unroll_times=all,func=inline,ATTR=Cyber;ARRAY_1=array=REG;LOOP_1=folding=1;LOOP_2=unroll_times=all;FUNC_1=func=inline;100
1177,5,273,666,204,14,1955,896,5,5,5.00,20,0,1.678ns,-,-,-,-,17,-,-,-100,Cyber,array=REG,folding=1,folding=1,func=inline,ATTR=Cyber;ARRAY_1=array=REG;LOOP_1=folding=1;LOOP_2=folding=1;FUNC_1=func=inline;-100
1177,5,273,666,204,14,1955,896,5,5,5.00,20,0,1.678ns,-,-,-,-,17,-,-,-50,Cyber,array=REG,folding=1,folding=1,func=inline,ATTR=Cyber;ARRAY_1=array=REG;LOOP_1=folding=1;LOOP_2=folding=1;FUNC_1=func=inline;-50
1177,5,273,666,204,14,1955,896,5,5,5.00,20,0,1.678ns,-,-,-,-,17,-,-,0,Cyber,array=REG,folding=1,folding=1,func=inline,ATTR=Cyber;ARRAY_1=array=REG;LOOP_1=folding=1;LOOP_2=folding=1;FUNC_1=func=inline;0
1177,5,273,666,204,14,1955,896,5,5,5.00,20,0,1.678ns,-,-,-,-,17,-,-,50,Cyber,array=REG,folding=1,folding=1,func=inline,ATTR=Cyber;ARRAY_1=array=REG;LOOP_1=folding=1;LOOP_2=folding=1;FUNC_1=func=inline;50
1177,5,273,666,204,14,1955,896,5,5,5.00,20,0,1.678ns,-,-,-,-,17,-,-,100,Cyber,array=REG,folding=1,folding=1,func=inline,ATTR=Cyber;ARRAY_1=array=REG;LOOP_1=folding=1;LOOP_2=folding=1;FUNC_1=func=inline;100
653,6,273,276,90,0,1227,599,6,6,6.00,14,-,1.5501ns,-,-,-,-,30,-,-,-100,Cyber,array=RAM,unroll_times=0,unroll_times=0,func=inline,ATTR=Cyber;ARRAY_1=array=RAM;LOOP_1=unroll_times=0;LOOP_2=unroll_times=0;FUNC_1=func=inline;-100
653,6,273,276,90,0,1227,599,6,6,6.00,14,-,1.5501ns,-,-,-,-,30,-,-,-50,Cyber,array=RAM,unroll_times=0,unroll_times=0,func=inline,ATTR=Cyber;ARRAY_1=array=RAM;LOOP_1=unroll_times=0;LOOP_2=unroll_times=0;FUNC_1=func=inline;-50
653,6,273,276,90,0,1227,599,6,6,6.00,14,-,1.5501ns,-,-,-,-,30,-,-,0,Cyber,array=RAM,unroll_times=0,unroll_times=0,func=inline,ATTR=Cyber;ARRAY_1=array=RAM;LOOP_1=unroll_times=0;LOOP_2=unroll_times=0;FUNC_1=func=inline;0
653,6,273,276,90,0,1227,599,6,6,6.00,14,-,1.5501ns,-,-,-,-,30,-,-,50,Cyber,array=RAM,unroll_times=0,unroll_times=0,func=inline,ATTR=Cyber;ARRAY_1=array=RAM;LOOP_1=unroll_times=0;LOOP_2=unroll_times=0;FUNC_1=func=inline;50
653,6,273,276,90,0,1227,599,6,6,6.00,14,-,1.5501ns,-,-,-,-,30,-,-,100,Cyber,array=RAM,unroll_times=0,unroll_times=0,func=inline,ATTR=Cyber;ARRAY_1=array=RAM;LOOP_1=unroll_times=0;LOOP_2=unroll_times=0;FUNC_1=func=inline;100
809,9,337,330,119,0,1589,773,9,9,9.00,23,-,1.9201ns,-,-,-,-,25,-,-,-100,Cyber,array=RAM,unroll_times=0,unroll_times=3,func=inline,ATTR=Cyber;ARRAY_1=array=RAM;LOOP_1=unroll_times=0;LOOP_2=unroll_times=3;FUNC_1=func=inline;-100
809,9,337,330,119,0,1589,773,9,9,9.00,23,-,1.9201ns,-,-,-,-,25,-,-,-50,Cyber,array=RAM,unroll_times=0,unroll_times=3,func=inline,ATTR=Cyber;ARRAY_1=array=RAM;LOOP_1=unroll_times=0;LOOP_2=unroll_times=3;FUNC_1=func=inline;-50
809,9,337,330,119,0,1589,773,9,9,9.00,23,-,1.9201ns,-,-,-,-,25,-,-,0,Cyber,array=RAM,unroll_times=0,unroll_times=3,func=inline,ATTR=Cyber;ARRAY_1=array=RAM;LOOP_1=unroll_times=0;LOOP_2=unroll_times=3;FUNC_1=func=inline;0
1100,9,550,378,151,0,2215,1100,9,9,9.00,21,-,2.24ns,-,-,-,-,25,-,-,50,Cyber,array=RAM,unroll_times=0,unroll_times=3,func=inline,ATTR=Cyber;ARRAY_1=array=RAM;LOOP_1=unroll_times=0;LOOP_2=unroll_times=3;FUNC_1=func=inline;50
1268,9,758,378,111,0,2443,1261,9,9,9.00,21,-,1.77ns,-,-,-,-,25,-,-,100,Cyber,array=RAM,unroll_times=0,unroll_times=3,func=inline,ATTR=Cyber;ARRAY_1=array=RAM;LOOP_1=unroll_times=0;LOOP_2=unroll_times=3;FUNC_1=func=inline;100
688,13,119,342,191,0,1535,695,13,13,13.00,36,-,1.1175ns,-,-,-,-,25,-,-,-100,Cyber,array=RAM,unroll_times=0,unroll_times=4,func=inline,ATTR=Cyber;ARRAY_1=array=RAM;LOOP_1=unroll_times=0;LOOP_2=unroll_times=4;FUNC_1=func=inline;-100
718,12,179,336,170,0,1547,710,12,12,12.00,33,-,1.0475ns,-,-,-,-,24,-,-,-50,Cyber,array=RAM,unroll_times=0,unroll_times=4,func=inline,ATTR=Cyber;ARRAY_1=array=RAM;LOOP_1=unroll_times=0;LOOP_2=unroll_times=4;FUNC_1=func=inline;-50
724,11,232,324,141,0,1503,707,11,11,11.00,27,-,1.625ns,-,-,-,-,23,-,-,0,Cyber,array=RAM,unroll_times=0,unroll_times=4,func=inline,ATTR=Cyber;ARRAY_1=array=RAM;LOOP_1=unroll_times=0;LOOP_2=unroll_times=4;FUNC_1=func=inline;0
838,11,332,366,115,0,1642,798,11,11,11.00,25,-,1.575ns,-,-,-,-,23,-,-,50,Cyber,array=RAM,unroll_times=0,unroll_times=4,func=inline,ATTR=Cyber;ARRAY_1=array=RAM;LOOP_1=unroll_times=0;LOOP_2=unroll_times=4;FUNC_1=func=inline;50
908,11,379,408,97,0,1706,843,11,11,11.00,24,-,1.405ns,-,-,-,-,23,-,-,100,Cyber,array=RAM,unroll_times=0,unroll_times=4,func=inline,ATTR=Cyber;ARRAY_1=array=RAM;LOOP_1=unroll_times=0;LOOP_2=unroll_times=4;FUNC_1=func=inline;100
688,13,119,342,191,0,1535,695,13,13,13.00,36,-,1.1175ns,-,-,-,-,25,-,-,-100,Cyber,array=RAM,unroll_times=0,unroll_times=all,func=inline,ATTR=Cyber;ARRAY_1=array=RAM;LOOP_1=unroll_times=0;LOOP_2=unroll_times=all;FUNC_1=func=inline;-100
718,12,179,336,170,0,1547,710,12,12,12.00,33,-,1.0475ns,-,-,-,-,24,-,-,-50,Cyber,array=RAM,unroll_times=0,unroll_times=all,func=inline,ATTR=Cyber;ARRAY_1=array=RAM;LOOP_1=unroll_times=0;LOOP_2=unroll_times=all;FUNC_1=func=inline;-50
724,11,232,324,141,0,1503,707,11,11,11.00,27,-,1.625ns,-,-,-,-,23,-,-,0,Cyber,array=RAM,unroll_times=0,unroll_times=all,func=inline,ATTR=Cyber;ARRAY_1=array=RAM;LOOP_1=unroll_times=0;LOOP_2=unroll_times=all;FUNC_1=func=inline;0
838,11,332,366,115,0,1642,798,11,11,11.00,25,-,1.575ns,-,-,-,-,23,-,-,50,Cyber,array=RAM,unroll_times=0,unroll_times=all,func=inline,ATTR=Cyber;ARRAY_1=array=RAM;LOOP_1=unroll_times=0;LOOP_2=unroll_times=all;FUNC_1=func=inline;50
908,11,379,408,97,0,1706,843,11,11,11.00,24,-,1.405ns,-,-,-,-,23,-,-,100,Cyber,array=RAM,unroll_times=0,unroll_times=all,func=inline,ATTR=Cyber;ARRAY_1=array=RAM;LOOP_1=unroll_times=0;LOOP_2=unroll_times=all;FUNC_1=func=inline;100
691,6,273,300,87,0,1266,619,7,7,7.00,31,-,1.1501ns,-,-,-,-,25,-,-,-100,Cyber,array=RAM,unroll_times=0,folding=1,func=inline,ATTR=Cyber;ARRAY_1=array=RAM;LOOP_1=unroll_times=0;LOOP_2=folding=1;FUNC_1=func=inline;-100
691,6,273,300,87,0,1266,619,7,7,7.00,31,-,1.1501ns,-,-,-,-,25,-,-,-50,Cyber,array=RAM,unroll_times=0,folding=1,func=inline,ATTR=Cyber;ARRAY_1=array=RAM;LOOP_1=unroll_times=0;LOOP_2=folding=1;FUNC_1=func=inline;-50
691,6,273,300,87,0,1266,619,7,7,7.00,31,-,1.1501ns,-,-,-,-,25,-,-,0,Cyber,array=RAM,unroll_times=0,folding=1,func=inline,ATTR=Cyber;ARRAY_1=array=RAM;LOOP_1=unroll_times=0;LOOP_2=folding=1;FUNC_1=func=inline;0
691,6,273,300,87,0,1266,619,7,7,7.00,31,-,1.1501ns,-,-,-,-,25,-,-,50,Cyber,array=RAM,unroll_times=0,folding=1,func=inline,ATTR=Cyber;ARRAY_1=array=RAM;LOOP_1=unroll_times=0;LOOP_2=folding=1;FUNC_1=func=inline;50
691,6,273,300,87,0,1266,619,7,7,7.00,31,-,1.1501ns,-,-,-,-,25,-,-,100,Cyber,array=RAM,unroll_times=0,folding=1,func=inline,ATTR=Cyber;ARRAY_1=array=RAM;LOOP_1=unroll_times=0;LOOP_2=folding=1;FUNC_1=func=inline;100
799,10,315,330,130,0,1541,740,10,10,10.00,24,-,1.5501ns,-,-,-,-,26,-,-,-100,Cyber,array=RAM,unroll_times=3,unroll_times=0,func=inline,ATTR=Cyber;ARRAY_1=array=RAM;LOOP_1=unroll_times=3;LOOP_2=unroll_times=0;FUNC_1=func=inline;-100
799,10,315,330,130,0,1541,740,10,10,10.00,24,-,1.5501ns,-,-,-,-,26,-,-,-50,Cyber,array=RAM,unroll_times=3,unroll_times=0,func=inline,ATTR=Cyber;ARRAY_1=array=RAM;LOOP_1=unroll_times=3;LOOP_2=unroll_times=0;FUNC_1=func=inline;-50
799,10,315,330,130,0,1541,740,10,10,10.00,24,-,1.5501ns,-,-,-,-,26,-,-,0,Cyber,array=RAM,unroll_times=3,unroll_times=0,func=inline,ATTR=Cyber;ARRAY_1=array=RAM;LOOP_1=unroll_times=3;LOOP_2=unroll_times=0;FUNC_1=func=inline;0
809,10,331,330,125,0,1540,748,10,10,10.00,23,-,1.5501ns,-,-,-,-,26,-,-,50,Cyber,array=RAM,unroll_times=3,unroll_times=0,func=inline,ATTR=Cyber;ARRAY_1=array=RAM;LOOP_1=unroll_times=3;LOOP_2=unroll_times=0;FUNC_1=func=inline;50
809,10,331,330,125,0,1540,748,10,10,10.00,23,-,1.5501ns,-,-,-,-,26,-,-,100,Cyber,array=RAM,unroll_times=3,unroll_times=0,func=inline,ATTR=Cyber;ARRAY_1=array=RAM;LOOP_1=unroll_times=3;LOOP_2=unroll_times=0;FUNC_1=func=inline;100
900,13,377,330,155,0,1840,880,13,13,13.00,38,-,1.9201ns,-,-,-,-,21,-,-,-100,Cyber,array=RAM,unroll_times=3,unroll_times=3,func=inline,ATTR=Cyber;ARRAY_1=array=RAM;LOOP_1=unroll_times=3;LOOP_2=unroll_times=3;FUNC_1=func=inline;-100
900,13,377,330,155,0,1840,880,13,13,13.00,38,-,1.9201ns,-,-,-,-,21,-,-,-50,Cyber,array=RAM,unroll_times=3,unroll_times=3,func=inline,ATTR=Cyber;ARRAY_1=array=RAM;LOOP_1=unroll_times=3;LOOP_2=unroll_times=3;FUNC_1=func=inline;-50
900,13,377,330,155,0,1840,880,13,13,13.00,38,-,1.9201ns,-,-,-,-,21,-,-,0,Cyber,array=RAM,unroll_times=3,unroll_times=3,func=inline,ATTR=Cyber;ARRAY_1=array=RAM;LOOP_1=unroll_times=3;LOOP_2=unroll_times=3;FUNC_1=func=inline;0
1192,13,600,378,180,0,2491,1214,13,13,13.00,34,-,2.24ns,-,-,-,-,21,-,-,50,Cyber,array=RAM,unroll_times=3,unroll_times=3,func=inline,ATTR=Cyber;ARRAY_1=array=RAM;LOOP_1=unroll_times=3;LOOP_2=unroll_times=3;FUNC_1=func=inline;50
1360,13,808,378,140,0,2719,1375,13,13,13.00,34,-,1.77ns,-,-,-,-,21,-,-,100,Cyber,array=RAM,unroll_times=3,unroll_times=3,func=inline,ATTR=Cyber;ARRAY_1=array=RAM;LOOP_1=unroll_times=3;LOOP_2=unroll_times=3;FUNC_1=func=inline;100
754,16,159,342,209,0,1727,781,16,16,16.00,44,-,1.1175ns,-,-,-,-,21,-,-,-100,Cyber,array=RAM,unroll_times=3,unroll_times=4,func=inline,ATTR=Cyber;ARRAY_1=array=RAM;LOOP_1=unroll_times=3;LOOP_2=unroll_times=4;FUNC_1=func=inline;-100
802,15,219,336,205,0,1800,817,15,15,15.00,42,-,1.4625ns,-,-,-,-,20,-,-,-50,Cyber,array=RAM,unroll_times=3,unroll_times=4,func=inline,ATTR=Cyber;ARRAY_1=array=RAM;LOOP_1=unroll_times=3;LOOP_2=unroll_times=4;FUNC_1=func=inline;-50
792,15,272,324,157,0,1708,805,15,15,15.00,39,-,1.625ns,-,-,-,-,20,-,-,0,Cyber,array=RAM,unroll_times=3,unroll_times=4,func=inline,ATTR=Cyber;ARRAY_1=array=RAM;LOOP_1=unroll_times=3;LOOP_2=unroll_times=4;FUNC_1=func=inline;0
930,15,385,366,142,0,1888,912,15,15,15.00,37,-,1.575ns,-,-,-,-,20,-,-,50,Cyber,array=RAM,unroll_times=3,unroll_times=4,func=inline,ATTR=Cyber;ARRAY_1=array=RAM;LOOP_1=unroll_times=3;LOOP_2=unroll_times=4;FUNC_1=func=inline;50
1000,15,432,408,124,0,1951,957,15,15,15.00,36,-,1.405ns,-,-,-,-,20,-,-,100,Cyber,array=RAM,unroll_times=3,unroll_times=4,func=inline,ATTR=Cyber;ARRAY_1=array=RAM;LOOP_1=unroll_times=3;LOOP_2=unroll_times=4;FUNC_1=func=inline;100
754,16,159,342,209,0,1727,781,16,16,16.00,44,-,1.1175ns,-,-,-,-,21,-,-,-100,Cyber,array=RAM,unroll_times=3,unroll_times=all,func=inline,ATTR=Cyber;ARRAY_1=array=RAM;LOOP_1=unroll_times=3;LOOP_2=unroll_times=all;FUNC_1=func=inline;-100
802,15,219,336,205,0,1800,817,15,15,15.00,42,-,1.4625ns,-,-,-,-,20,-,-,-50,Cyber,array=RAM,unroll_times=3,unroll_times=all,func=inline,ATTR=Cyber;ARRAY_1=array=RAM;LOOP_1=unroll_times=3;LOOP_2=unroll_times=all;FUNC_1=func=inline;-50
792,15,272,324,157,0,1708,805,15,15,15.00,39,-,1.625ns,-,-,-,-,20,-,-,0,Cyber,array=RAM,unroll_times=3,unroll_times=all,func=inline,ATTR=Cyber;ARRAY_1=array=RAM;LOOP_1=unroll_times=3;LOOP_2=unroll_times=all;FUNC_1=func=inline;0
930,15,385,366,142,0,1888,912,15,15,15.00,37,-,1.575ns,-,-,-,-,20,-,-,50,Cyber,array=RAM,unroll_times=3,unroll_times=all,func=inline,ATTR=Cyber;ARRAY_1=array=RAM;LOOP_1=unroll_times=3;LOOP_2=unroll_times=all;FUNC_1=func=inline;50
1000,15,432,408,124,0,1951,957,15,15,15.00,36,-,1.405ns,-,-,-,-,20,-,-,100,Cyber,array=RAM,unroll_times=3,unroll_times=all,func=inline,ATTR=Cyber;ARRAY_1=array=RAM;LOOP_1=unroll_times=3;LOOP_2=unroll_times=all;FUNC_1=func=inline;100
876,10,315,378,142,0,1642,786,11,11,11.00,41,-,1.1501ns,-,-,-,-,21,-,-,-100,Cyber,array=RAM,unroll_times=3,folding=1,func=inline,ATTR=Cyber;ARRAY_1=array=RAM;LOOP_1=unroll_times=3;LOOP_2=folding=1;FUNC_1=func=inline;-100
876,10,315,378,142,0,1642,786,11,11,11.00,41,-,1.1501ns,-,-,-,-,21,-,-,-50,Cyber,array=RAM,unroll_times=3,folding=1,func=inline,ATTR=Cyber;ARRAY_1=array=RAM;LOOP_1=unroll_times=3;LOOP_2=folding=1;FUNC_1=func=inline;-50
876,10,315,378,142,0,1642,786,11,11,11.00,41,-,1.1501ns,-,-,-,-,21,-,-,0,Cyber,array=RAM,unroll_times=3,folding=1,func=inline,ATTR=Cyber;ARRAY_1=array=RAM;LOOP_1=unroll_times=3;LOOP_2=folding=1;FUNC_1=func=inline;0
843,10,331,330,142,0,1633,772,11,11,11.00,40,-,1.1501ns,-,-,-,-,21,-,-,50,Cyber,array=RAM,unroll_times=3,folding=1,func=inline,ATTR=Cyber;ARRAY_1=array=RAM;LOOP_1=unroll_times=3;LOOP_2=folding=1;FUNC_1=func=inline;50
843,10,331,330,142,0,1633,772,11,11,11.00,40,-,1.1501ns,-,-,-,-,21,-,-,100,Cyber,array=RAM,unroll_times=3,folding=1,func=inline,ATTR=Cyber;ARRAY_1=array=RAM;LOOP_1=unroll_times=3;LOOP_2=folding=1;FUNC_1=func=inline;100
717,11,262,312,112,0,1421,680,11,11,11.00,31,-,1.5501ns,-,-,-,-,23,-,-,-100,Cyber,array=RAM,unroll_times=4,unroll_times=0,func=inline,ATTR=Cyber;ARRAY_1=array=RAM;LOOP_1=unroll_times=4;LOOP_2=unroll_times=0;FUNC_1=func=inline;-100
717,11,262,312,112,0,1421,680,11,11,11.00,31,-,1.5501ns,-,-,-,-,23,-,-,-50,Cyber,array=RAM,unroll_times=4,unroll_times=0,func=inline,ATTR=Cyber;ARRAY_1=array=RAM;LOOP_1=unroll_times=4;LOOP_2=unroll_times=0;FUNC_1=func=inline;-50
717,11,262,312,112,0,1421,680,11,11,11.00,31,-,1.5501ns,-,-,-,-,23,-,-,0,Cyber,array=RAM,unroll_times=4,unroll_times=0,func=inline,ATTR=Cyber;ARRAY_1=array=RAM;LOOP_1=unroll_times=4;LOOP_2=unroll_times=0;FUNC_1=func=inline;0
717,11,262,312,112,0,1421,680,11,11,11.00,31,-,1.5501ns,-,-,-,-,23,-,-,50,Cyber,array=RAM,unroll_times=4,unroll_times=0,func=inline,ATTR=Cyber;ARRAY_1=array=RAM;LOOP_1=unroll_times=4;LOOP_2=unroll_times=0;FUNC_1=func=inline;50
717,11,262,312,112,0,1421,680,11,11,11.00,31,-,1.5501ns,-,-,-,-,23,-,-,100,Cyber,array=RAM,unroll_times=4,unroll_times=0,func=inline,ATTR=Cyber;ARRAY_1=array=RAM;LOOP_1=unroll_times=4;LOOP_2=unroll_times=0;FUNC_1=func=inline;100
849,14,336,330,141,0,1778,852,14,14,14.00,42,-,1.9201ns,-,-,-,-,18,-,-,-100,Cyber,array=RAM,unroll_times=4,unroll_times=3,func=inline,ATTR=Cyber;ARRAY_1=array=RAM;LOOP_1=unroll_times=4;LOOP_2=unroll_times=3;FUNC_1=func=inline;-100
849,14,336,330,141,0,1778,852,14,14,14.00,42,-,1.9201ns,-,-,-,-,18,-,-,-50,Cyber,array=RAM,unroll_times=4,unroll_times=3,func=inline,ATTR=Cyber;ARRAY_1=array=RAM;LOOP_1=unroll_times=4;LOOP_2=unroll_times=3;FUNC_1=func=inline;-50
849,14,336,330,141,0,1778,852,14,14,14.00,42,-,1.9201ns,-,-,-,-,18,-,-,0,Cyber,array=RAM,unroll_times=4,unroll_times=3,func=inline,ATTR=Cyber;ARRAY_1=array=RAM;LOOP_1=unroll_times=4;LOOP_2=unroll_times=3;FUNC_1=func=inline;0
1127,14,544,378,165,0,2353,1156,14,14,14.00,40,-,2.24ns,-,-,-,-,18,-,-,50,Cyber,array=RAM,unroll_times=4,unroll_times=3,func=inline,ATTR=Cyber;ARRAY_1=array=RAM;LOOP_1=unroll_times=4;LOOP_2=unroll_times=3;FUNC_1=func=inline;50
1295,14,752,378,125,0,2581,1317,14,14,14.00,40,-,1.77ns,-,-,-,-,18,-,-,100,Cyber,array=RAM,unroll_times=4,unroll_times=3,func=inline,ATTR=Cyber;ARRAY_1=array=RAM;LOOP_1=unroll_times=4;LOOP_2=unroll_times=3;FUNC_1=func=inline;100
669,10,114,348,185,0,1409,584,10,10,10.00,22,-,1.1225ns,-,-,-,-,10,-,-,-100,Cyber,array=RAM,unroll_times=4,unroll_times=4,func=inline,ATTR=Cyber;ARRAY_1=array=RAM;LOOP_1=unroll_times=4;LOOP_2=unroll_times=4;FUNC_1=func=inline;-100
750,10,174,384,172,0,1490,639,10,10,10.00,20,-,1.0475ns,-,-,-,-,10,-,-,-50,Cyber,array=RAM,unroll_times=4,unroll_times=4,func=inline,ATTR=Cyber;ARRAY_1=array=RAM;LOOP_1=unroll_times=4;LOOP_2=unroll_times=4;FUNC_1=func=inline;-50
750,10,174,384,172,0,1490,639,10,10,10.00,20,-,1.0475ns,-,-,-,-,10,-,-,0,Cyber,array=RAM,unroll_times=4,unroll_times=4,func=inline,ATTR=Cyber;ARRAY_1=array=RAM;LOOP_1=unroll_times=4;LOOP_2=unroll_times=4;FUNC_1=func=inline;0
727,10,274,324,111,0,1439,654,10,10,10.00,18,-,1.645ns,-,-,-,-,10,-,-,50,Cyber,array=RAM,unroll_times=4,unroll_times=4,func=inline,ATTR=Cyber;ARRAY_1=array=RAM;LOOP_1=unroll_times=4;LOOP_2=unroll_times=4;FUNC_1=func=inline;50
887,10,374,408,90,0,1630,768,10,10,10.00,15,-,1.405ns,-,-,-,-,10,-,-,100,Cyber,array=RAM,unroll_times=4,unroll_times=4,func=inline,ATTR=Cyber;ARRAY_1=array=RAM;LOOP_1=unroll_times=4;LOOP_2=unroll_times=4;FUNC_1=func=inline;100
669,10,114,348,185,0,1409,584,10,10,10.00,22,-,1.1225ns,-,-,-,-,10,-,-,-100,Cyber,array=RAM,unroll_times=4,unroll_times=all,func=inline,ATTR=Cyber;ARRAY_1=array=RAM;LOOP_1=unroll_times=4;LOOP_2=unroll_times=all;FUNC_1=func=inline;-100
750,10,174,384,172,0,1490,639,10,10,10.00,20,-,1.0475ns,-,-,-,-,10,-,-,-50,Cyber,array=RAM,unroll_times=4,unroll_times=all,func=inline,ATTR=Cyber;ARRAY_1=array=RAM;LOOP_1=unroll_times=4;LOOP_2=unroll_times=all;FUNC_1=func=inline;-50
750,10,174,384,172,0,1490,639,10,10,10.00,20,-,1.0475ns,-,-,-,-,10,-,-,0,Cyber,array=RAM,unroll_times=4,unroll_times=all,func=inline,ATTR=Cyber;ARRAY_1=array=RAM;LOOP_1=unroll_times=4;LOOP_2=unroll_times=all;FUNC_1=func=inline;0
727,10,274,324,111,0,1439,654,10,10,10.00,18,-,1.645ns,-,-,-,-,10,-,-,50,Cyber,array=RAM,unroll_times=4,unroll_times=all,func=inline,ATTR=Cyber;ARRAY_1=array=RAM;LOOP_1=unroll_times=4;LOOP_2=unroll_times=all;FUNC_1=func=inline;50
887,10,374,408,90,0,1630,768,10,10,10.00,15,-,1.405ns,-,-,-,-,10,-,-,100,Cyber,array=RAM,unroll_times=4,unroll_times=all,func=inline,ATTR=Cyber;ARRAY_1=array=RAM;LOOP_1=unroll_times=4;LOOP_2=unroll_times=all;FUNC_1=func=inline;100
747,11,262,330,108,0,1454,698,12,12,12.00,47,-,1.1501ns,-,-,-,-,18,-,-,-100,Cyber,array=RAM,unroll_times=4,folding=1,func=inline,ATTR=Cyber;ARRAY_1=array=RAM;LOOP_1=unroll_times=4;LOOP_2=folding=1;FUNC_1=func=inline;-100
747,11,262,330,108,0,1454,698,12,12,12.00,47,-,1.1501ns,-,-,-,-,18,-,-,-50,Cyber,array=RAM,unroll_times=4,folding=1,func=inline,ATTR=Cyber;ARRAY_1=array=RAM;LOOP_1=unroll_times=4;LOOP_2=folding=1;FUNC_1=func=inline;-50
747,11,262,330,108,0,1454,698,12,12,12.00,47,-,1.1501ns,-,-,-,-,18,-,-,0,Cyber,array=RAM,unroll_times=4,folding=1,func=inline,ATTR=Cyber;ARRAY_1=array=RAM;LOOP_1=unroll_times=4;LOOP_2=folding=1;FUNC_1=func=inline;0
747,11,262,330,108,0,1454,698,12,12,12.00,47,-,1.1501ns,-,-,-,-,18,-,-,50,Cyber,array=RAM,unroll_times=4,folding=1,func=inline,ATTR=Cyber;ARRAY_1=array=RAM;LOOP_1=unroll_times=4;LOOP_2=folding=1;FUNC_1=func=inline;50
747,11,262,330,108,0,1454,698,12,12,12.00,47,-,1.1501ns,-,-,-,-,18,-,-,100,Cyber,array=RAM,unroll_times=4,folding=1,func=inline,ATTR=Cyber;ARRAY_1=array=RAM;LOOP_1=unroll_times=4;LOOP_2=folding=1;FUNC_1=func=inline;100
717,11,262,312,112,0,1421,680,11,11,11.00,31,-,1.5501ns,-,-,-,-,23,-,-,-100,Cyber,array=RAM,unroll_times=all,unroll_times=0,func=inline,ATTR=Cyber;ARRAY_1=array=RAM;LOOP_1=unroll_times=all;LOOP_2=unroll_times=0;FUNC_1=func=inline;-100
717,11,262,312,112,0,1421,680,11,11,11.00,31,-,1.5501ns,-,-,-,-,23,-,-,-50,Cyber,array=RAM,unroll_times=all,unroll_times=0,func=inline,ATTR=Cyber;ARRAY_1=array=RAM;LOOP_1=unroll_times=all;LOOP_2=unroll_times=0;FUNC_1=func=inline;-50
717,11,262,312,112,0,1421,680,11,11,11.00,31,-,1.5501ns,-,-,-,-,23,-,-,0,Cyber,array=RAM,unroll_times=all,unroll_times=0,func=inline,ATTR=Cyber;ARRAY_1=array=RAM;LOOP_1=unroll_times=all;LOOP_2=unroll_times=0;FUNC_1=func=inline;0
717,11,262,312,112,0,1421,680,11,11,11.00,31,-,1.5501ns,-,-,-,-,23,-,-,50,Cyber,array=RAM,unroll_times=all,unroll_times=0,func=inline,ATTR=Cyber;ARRAY_1=array=RAM;LOOP_1=unroll_times=all;LOOP_2=unroll_times=0;FUNC_1=func=inline;50
717,11,262,312,112,0,1421,680,11,11,11.00,31,-,1.5501ns,-,-,-,-,23,-,-,100,Cyber,array=RAM,unroll_times=all,unroll_times=0,func=inline,ATTR=Cyber;ARRAY_1=array=RAM;LOOP_1=unroll_times=all;LOOP_2=unroll_times=0;FUNC_1=func=inline;100
849,14,336,330,141,0,1778,852,14,14,14.00,42,-,1.9201ns,-,-,-,-,18,-,-,-100,Cyber,array=RAM,unroll_times=all,unroll_times=3,func=inline,ATTR=Cyber;ARRAY_1=array=RAM;LOOP_1=unroll_times=all;LOOP_2=unroll_times=3;FUNC_1=func=inline;-100
849,14,336,330,141,0,1778,852,14,14,14.00,42,-,1.9201ns,-,-,-,-,18,-,-,-50,Cyber,array=RAM,unroll_times=all,unroll_times=3,func=inline,ATTR=Cyber;ARRAY_1=array=RAM;LOOP_1=unroll_times=all;LOOP_2=unroll_times=3;FUNC_1=func=inline;-50
849,14,336,330,141,0,1778,852,14,14,14.00,42,-,1.9201ns,-,-,-,-,18,-,-,0,Cyber,array=RAM,unroll_times=all,unroll_times=3,func=inline,ATTR=Cyber;ARRAY_1=array=RAM;LOOP_1=unroll_times=all;LOOP_2=unroll_times=3;FUNC_1=func=inline;0
1127,14,544,378,165,0,2353,1156,14,14,14.00,40,-,2.24ns,-,-,-,-,18,-,-,50,Cyber,array=RAM,unroll_times=all,unroll_times=3,func=inline,ATTR=Cyber;ARRAY_1=array=RAM;LOOP_1=unroll_times=all;LOOP_2=unroll_times=3;FUNC_1=func=inline;50
1295,14,752,378,125,0,2581,1317,14,14,14.00,40,-,1.77ns,-,-,-,-,18,-,-,100,Cyber,array=RAM,unroll_times=all,unroll_times=3,func=inline,ATTR=Cyber;ARRAY_1=array=RAM;LOOP_1=unroll_times=all;LOOP_2=unroll_times=3;FUNC_1=func=inline;100
669,10,114,348,185,0,1409,584,10,10,10.00,22,-,1.1225ns,-,-,-,-,10,-,-,-100,Cyber,array=RAM,unroll_times=all,unroll_times=4,func=inline,ATTR=Cyber;ARRAY_1=array=RAM;LOOP_1=unroll_times=all;LOOP_2=unroll_times=4;FUNC_1=func=inline;-100
750,10,174,384,172,0,1490,639,10,10,10.00,20,-,1.0475ns,-,-,-,-,10,-,-,-50,Cyber,array=RAM,unroll_times=all,unroll_times=4,func=inline,ATTR=Cyber;ARRAY_1=array=RAM;LOOP_1=unroll_times=all;LOOP_2=unroll_times=4;FUNC_1=func=inline;-50
750,10,174,384,172,0,1490,639,10,10,10.00,20,-,1.0475ns,-,-,-,-,10,-,-,0,Cyber,array=RAM,unroll_times=all,unroll_times=4,func=inline,ATTR=Cyber;ARRAY_1=array=RAM;LOOP_1=unroll_times=all;LOOP_2=unroll_times=4;FUNC_1=func=inline;0
727,10,274,324,111,0,1439,654,10,10,10.00,18,-,1.645ns,-,-,-,-,10,-,-,50,Cyber,array=RAM,unroll_times=all,unroll_times=4,func=inline,ATTR=Cyber;ARRAY_1=array=RAM;LOOP_1=unroll_times=all;LOOP_2=unroll_times=4;FUNC_1=func=inline;50
887,10,374,408,90,0,1630,768,10,10,10.00,15,-,1.405ns,-,-,-,-,10,-,-,100,Cyber,array=RAM,unroll_times=all,unroll_times=4,func=inline,ATTR=Cyber;ARRAY_1=array=RAM;LOOP_1=unroll_times=all;LOOP_2=unroll_times=4;FUNC_1=func=inline;100
669,10,114,348,185,0,1409,584,10,10,10.00,22,-,1.1225ns,-,-,-,-,10,-,-,-100,Cyber,array=RAM,unroll_times=all,unroll_times=all,func=inline,ATTR=Cyber;ARRAY_1=array=RAM;LOOP_1=unroll_times=all;LOOP_2=unroll_times=all;FUNC_1=func=inline;-100
750,10,174,384,172,0,1490,639,10,10,10.00,20,-,1.0475ns,-,-,-,-,10,-,-,-50,Cyber,array=RAM,unroll_times=all,unroll_times=all,func=inline,ATTR=Cyber;ARRAY_1=array=RAM;LOOP_1=unroll_times=all;LOOP_2=unroll_times=all;FUNC_1=func=inline;-50
750,10,174,384,172,0,1490,639,10,10,10.00,20,-,1.0475ns,-,-,-,-,10,-,-,0,Cyber,array=RAM,unroll_times=all,unroll_times=all,func=inline,ATTR=Cyber;ARRAY_1=array=RAM;LOOP_1=unroll_times=all;LOOP_2=unroll_times=all;FUNC_1=func=inline;0
727,10,274,324,111,0,1439,654,10,10,10.00,18,-,1.645ns,-,-,-,-,10,-,-,50,Cyber,array=RAM,unroll_times=all,unroll_times=all,func=inline,ATTR=Cyber;ARRAY_1=array=RAM;LOOP_1=unroll_times=all;LOOP_2=unroll_times=all;FUNC_1=func=inline;50
887,10,374,408,90,0,1630,768,10,10,10.00,15,-,1.405ns,-,-,-,-,10,-,-,100,Cyber,array=RAM,unroll_times=all,unroll_times=all,func=inline,ATTR=Cyber;ARRAY_1=array=RAM;LOOP_1=unroll_times=all;LOOP_2=unroll_times=all;FUNC_1=func=inline;100
747,11,262,330,108,0,1454,698,12,12,12.00,47,-,1.1501ns,-,-,-,-,18,-,-,-100,Cyber,array=RAM,unroll_times=all,folding=1,func=inline,ATTR=Cyber;ARRAY_1=array=RAM;LOOP_1=unroll_times=all;LOOP_2=folding=1;FUNC_1=func=inline;-100
747,11,262,330,108,0,1454,698,12,12,12.00,47,-,1.1501ns,-,-,-,-,18,-,-,-50,Cyber,array=RAM,unroll_times=all,folding=1,func=inline,ATTR=Cyber;ARRAY_1=array=RAM;LOOP_1=unroll_times=all;LOOP_2=folding=1;FUNC_1=func=inline;-50
747,11,262,330,108,0,1454,698,12,12,12.00,47,-,1.1501ns,-,-,-,-,18,-,-,0,Cyber,array=RAM,unroll_times=all,folding=1,func=inline,ATTR=Cyber;ARRAY_1=array=RAM;LOOP_1=unroll_times=all;LOOP_2=folding=1;FUNC_1=func=inline;0
747,11,262,330,108,0,1454,698,12,12,12.00,47,-,1.1501ns,-,-,-,-,18,-,-,50,Cyber,array=RAM,unroll_times=all,folding=1,func=inline,ATTR=Cyber;ARRAY_1=array=RAM;LOOP_1=unroll_times=all;LOOP_2=folding=1;FUNC_1=func=inline;50
747,11,262,330,108,0,1454,698,12,12,12.00,47,-,1.1501ns,-,-,-,-,18,-,-,100,Cyber,array=RAM,unroll_times=all,folding=1,func=inline,ATTR=Cyber;ARRAY_1=array=RAM;LOOP_1=unroll_times=all;LOOP_2=folding=1;FUNC_1=func=inline;100
699,5,273,312,85,0,1249,615,6,6,6.00,29,-,1.5501ns,-,-,-,-,24,-,-,-100,Cyber,array=RAM,folding=1,unroll_times=0,func=inline,ATTR=Cyber;ARRAY_1=array=RAM;LOOP_1=folding=1;LOOP_2=unroll_times=0;FUNC_1=func=inline;-100
699,5,273,312,85,0,1249,615,6,6,6.00,29,-,1.5501ns,-,-,-,-,24,-,-,-50,Cyber,array=RAM,folding=1,unroll_times=0,func=inline,ATTR=Cyber;ARRAY_1=array=RAM;LOOP_1=folding=1;LOOP_2=unroll_times=0;FUNC_1=func=inline;-50
699,5,273,312,85,0,1249,615,6,6,6.00,29,-,1.5501ns,-,-,-,-,24,-,-,0,Cyber,array=RAM,folding=1,unroll_times=0,func=inline,ATTR=Cyber;ARRAY_1=array=RAM;LOOP_1=folding=1;LOOP_2=unroll_times=0;FUNC_1=func=inline;0
699,5,273,312,85,0,1249,615,6,6,6.00,29,-,1.5501ns,-,-,-,-,24,-,-,50,Cyber,array=RAM,folding=1,unroll_times=0,func=inline,ATTR=Cyber;ARRAY_1=array=RAM;LOOP_1=folding=1;LOOP_2=unroll_times=0;FUNC_1=func=inline;50
699,5,273,312,85,0,1249,615,6,6,6.00,29,-,1.5501ns,-,-,-,-,24,-,-,100,Cyber,array=RAM,folding=1,unroll_times=0,func=inline,ATTR=Cyber;ARRAY_1=array=RAM;LOOP_1=folding=1;LOOP_2=unroll_times=0;FUNC_1=func=inline;100
838,8,337,342,119,0,1590,769,9,9,9.00,40,-,1.9201ns,-,-,-,-,19,-,-,-100,Cyber,array=RAM,folding=1,unroll_times=3,func=inline,ATTR=Cyber;ARRAY_1=array=RAM;LOOP_1=folding=1;LOOP_2=unroll_times=3;FUNC_1=func=inline;-100
838,8,337,342,119,0,1590,769,9,9,9.00,40,-,1.9201ns,-,-,-,-,19,-,-,-50,Cyber,array=RAM,folding=1,unroll_times=3,func=inline,ATTR=Cyber;ARRAY_1=array=RAM;LOOP_1=folding=1;LOOP_2=unroll_times=3;FUNC_1=func=inline;-50
838,8,337,342,119,0,1590,769,9,9,9.00,40,-,1.9201ns,-,-,-,-,19,-,-,0,Cyber,array=RAM,folding=1,unroll_times=3,func=inline,ATTR=Cyber;ARRAY_1=array=RAM;LOOP_1=folding=1;LOOP_2=unroll_times=3;FUNC_1=func=inline;0
1129,8,550,390,152,0,2208,1092,9,9,9.00,37,-,2.24ns,-,-,-,-,19,-,-,50,Cyber,array=RAM,folding=1,unroll_times=3,func=inline,ATTR=Cyber;ARRAY_1=array=RAM;LOOP_1=folding=1;LOOP_2=unroll_times=3;FUNC_1=func=inline;50
1297,8,758,390,112,0,2436,1253,9,9,9.00,37,-,1.77ns,-,-,-,-,19,-,-,100,Cyber,array=RAM,folding=1,unroll_times=3,func=inline,ATTR=Cyber;ARRAY_1=array=RAM;LOOP_1=folding=1;LOOP_2=unroll_times=3;FUNC_1=func=inline;100
734,12,124,360,198,0,1605,718,13,13,13.00,52,-,1.1175ns,-,-,-,-,19,-,-,-100,Cyber,array=RAM,folding=1,unroll_times=4,func=inline,ATTR=Cyber;ARRAY_1=array=RAM;LOOP_1=folding=1;LOOP_2=unroll_times=4;FUNC_1=func=inline;-100
764,11,184,354,177,0,1615,736,12,12,12.00,49,-,1.0475ns,-,-,-,-,18,-,-,-50,Cyber,array=RAM,folding=1,unroll_times=4,func=inline,ATTR=Cyber;ARRAY_1=array=RAM;LOOP_1=folding=1;LOOP_2=unroll_times=4;FUNC_1=func=inline;-50
770,10,237,342,148,0,1575,732,11,11,11.00,43,-,1.625ns,-,-,-,-,17,-,-,0,Cyber,array=RAM,folding=1,unroll_times=4,func=inline,ATTR=Cyber;ARRAY_1=array=RAM;LOOP_1=folding=1;LOOP_2=unroll_times=4;FUNC_1=func=inline;0
884,10,337,384,122,0,1714,823,11,11,11.00,41,-,1.575ns,-,-,-,-,17,-,-,50,Cyber,array=RAM,folding=1,unroll_times=4,func=inline,ATTR=Cyber;ARRAY_1=array=RAM;LOOP_1=folding=1;LOOP_2=unroll_times=4;FUNC_1=func=inline;50
954,10,384,426,104,0,1778,868,11,11,11.00,40,-,1.405ns,-,-,-,-,17,-,-,100,Cyber,array=RAM,folding=1,unroll_times=4,func=inline,ATTR=Cyber;ARRAY_1=array=RAM;LOOP_1=folding=1;LOOP_2=unroll_times=4;FUNC_1=func=inline;100
734,12,124,360,198,0,1605,718,13,13,13.00,52,-,1.1175ns,-,-,-,-,19,-,-,-100,Cyber,array=RAM,folding=1,unroll_times=all,func=inline,ATTR=Cyber;ARRAY_1=array=RAM;LOOP_1=folding=1;LOOP_2=unroll_times=all;FUNC_1=func=inline;-100
764,11,184,354,177,0,1615,736,12,12,12.00,49,-,1.0475ns,-,-,-,-,18,-,-,-50,Cyber,array=RAM,folding=1,unroll_times=all,func=inline,ATTR=Cyber;ARRAY_1=array=RAM;LOOP_1=folding=1;LOOP_2=unroll_times=all;FUNC_1=func=inline;-50
770,10,237,342,148,0,1575,732,11,11,11.00,43,-,1.625ns,-,-,-,-,17,-,-,0,Cyber,array=RAM,folding=1,unroll_times=all,func=inline,ATTR=Cyber;ARRAY_1=array=RAM;LOOP_1=folding=1;LOOP_2=unroll_times=all;FUNC_1=func=inline;0
884,10,337,384,122,0,1714,823,11,11,11.00,41,-,1.575ns,-,-,-,-,17,-,-,50,Cyber,array=RAM,folding=1,unroll_times=all,func=inline,ATTR=Cyber;ARRAY_1=array=RAM;LOOP_1=folding=1;LOOP_2=unroll_times=all;FUNC_1=func=inline;50
954,10,384,426,104,0,1778,868,11,11,11.00,40,-,1.405ns,-,-,-,-,17,-,-,100,Cyber,array=RAM,folding=1,unroll_times=all,func=inline,ATTR=Cyber;ARRAY_1=array=RAM;LOOP_1=folding=1;LOOP_2=unroll_times=all;FUNC_1=func=inline;100
735,5,273,330,85,0,1311,643,7,7,7.00,47,-,1.1501ns,-,-,-,-,19,-,-,-100,Cyber,array=RAM,folding=1,folding=1,func=inline,ATTR=Cyber;ARRAY_1=array=RAM;LOOP_1=folding=1;LOOP_2=folding=1;FUNC_1=func=inline;-100
735,5,273,330,85,0,1311,643,7,7,7.00,47,-,1.1501ns,-,-,-,-,19,-,-,-50,Cyber,array=RAM,folding=1,folding=1,func=inline,ATTR=Cyber;ARRAY_1=array=RAM;LOOP_1=folding=1;LOOP_2=folding=1;FUNC_1=func=inline;-50
735,5,273,330,85,0,1311,643,7,7,7.00,47,-,1.1501ns,-,-,-,-,19,-,-,0,Cyber,array=RAM,folding=1,folding=1,func=inline,ATTR=Cyber;ARRAY_1=array=RAM;LOOP_1=folding=1;LOOP_2=folding=1;FUNC_1=func=inline;0
735,5,273,330,85,0,1311,643,7,7,7.00,47,-,1.1501ns,-,-,-,-,19,-,-,50,Cyber,array=RAM,folding=1,folding=1,func=inline,ATTR=Cyber;ARRAY_1=array=RAM;LOOP_1=folding=1;LOOP_2=folding=1;FUNC_1=func=inline;50
735,5,273,330,85,0,1311,643,7,7,7.00,47,-,1.1501ns,-,-,-,-,19,-,-,100,Cyber,array=RAM,folding=1,folding=1,func=inline,ATTR=Cyber;ARRAY_1=array=RAM;LOOP_1=folding=1;LOOP_2=folding=1;FUNC_1=func=inline;100
1582,3,273,654,645,0,3141,1240,3,3,3.00,10,0,1.858ns,-,-,-,-,15,-,-,-100,Cyber,array=EXPAND+array_index=const,unroll_times=0,unroll_times=0,func=inline,ATTR=Cyber;ARRAY_1=array=EXPAND+array_index=const;LOOP_1=unroll_times=0;LOOP_2=unroll_times=0;FUNC_1=func=inline;-100
1582,3,273,654,645,0,3141,1240,3,3,3.00,10,0,1.858ns,-,-,-,-,15,-,-,-50,Cyber,array=EXPAND+array_index=const,unroll_times=0,unroll_times=0,func=inline,ATTR=Cyber;ARRAY_1=array=EXPAND+array_index=const;LOOP_1=unroll_times=0;LOOP_2=unroll_times=0;FUNC_1=func=inline;-50
1582,3,273,654,645,0,3141,1240,3,3,3.00,10,0,1.858ns,-,-,-,-,15,-,-,0,Cyber,array=EXPAND+array_index=const,unroll_times=0,unroll_times=0,func=inline,ATTR=Cyber;ARRAY_1=array=EXPAND+array_index=const;LOOP_1=unroll_times=0;LOOP_2=unroll_times=0;FUNC_1=func=inline;0
2397,3,897,654,832,0,4995,2143,3,3,3.00,14,0,2.07ns,-,-,-,-,15,-,-,50,Cyber,array=EXPAND+array_index=const,unroll_times=0,unroll_times=0,func=inline,ATTR=Cyber;ARRAY_1=array=EXPAND+array_index=const;LOOP_1=unroll_times=0;LOOP_2=unroll_times=0;FUNC_1=func=inline;50
2993,3,1521,654,808,0,6175,2826,3,3,3.00,10,0,1.89ns,-,-,-,-,15,-,-,100,Cyber,array=EXPAND+array_index=const,unroll_times=0,unroll_times=0,func=inline,ATTR=Cyber;ARRAY_1=array=EXPAND+array_index=const;LOOP_1=unroll_times=0;LOOP_2=unroll_times=0;FUNC_1=func=inline;100
2014,6,284,660,1055,0,4375,1617,6,6,6.00,15,0,2.372ns,-,-,-,-,15,-,-,-100,Cyber,array=EXPAND+array_index=const,unroll_times=0,unroll_times=3,func=inline,ATTR=Cyber;ARRAY_1=array=EXPAND+array_index=const;LOOP_1=unroll_times=0;LOOP_2=unroll_times=3;FUNC_1=func=inline;-100
2790,4,1127,654,985,0,5957,2555,4,4,4.00,24,0,2.98ns,-,-,-,-,11,-,-,-50,Cyber,array=EXPAND+array_index=const,unroll_times=0,unroll_times=3,func=inline,ATTR=Cyber;ARRAY_1=array=EXPAND+array_index=const;LOOP_1=unroll_times=0;LOOP_2=unroll_times=3;FUNC_1=func=inline;-50
3190,3,1543,654,976,0,6764,3015,3,3,3.00,17,0,3.935ns,-,-,-,-,10,-,-,0,Cyber,array=EXPAND+array_index=const,unroll_times=0,unroll_times=3,func=inline,ATTR=Cyber;ARRAY_1=array=EXPAND+array_index=const;LOOP_1=unroll_times=0;LOOP_2=unroll_times=3;FUNC_1=func=inline;0
5038,3,3207,654,1161,0,10699,5096,3,3,3.00,16,0,4.09ns,-,-,-,-,10,-,-,50,Cyber,array=EXPAND+array_index=const,unroll_times=0,unroll_times=3,func=inline,ATTR=Cyber;ARRAY_1=array=EXPAND+array_index=const;LOOP_1=unroll_times=0;LOOP_2=unroll_times=3;FUNC_1=func=inline;50
5634,3,3831,654,1137,0,11882,5782,3,3,3.00,12,0,4.09ns,-,-,-,-,10,-,-,100,Cyber,array=EXPAND+array_index=const,unroll_times=0,unroll_times=3,func=inline,ATTR=Cyber;ARRAY_1=array=EXPAND+array_index=const;LOOP_1=unroll_times=0;LOOP_2=unroll_times=3;FUNC_1=func=inline;100
1471,6,119,660,675,0,2985,1134,6,6,6.00,17,0,1.7085ns,-,-,-,-,18,-,-,-100,Cyber,array=EXPAND+array_index=const,unroll_times=0,unroll_times=4,func=inline,ATTR=Cyber;ARRAY_1=array=EXPAND+array_index=const;LOOP_1=unroll_times=0;LOOP_2=unroll_times=4;FUNC_1=func=inline;-100
1517,3,284,522,704,0,3233,1240,3,3,3.00,7,0,2.211ns,-,-,-,-,9,-,-,-50,Cyber,array=EXPAND+array_index=const,unroll_times=0,unroll_times=4,func=inline,ATTR=Cyber;ARRAY_1=array=EXPAND+array_index=const;LOOP_1=unroll_times=0;LOOP_2=unroll_times=4;FUNC_1=func=inline;-50
1431,2,384,504,541,0,2918,1178,2,2,2.00,2,0,2.141ns,-,-,-,-,8,-,-,0,Cyber,array=EXPAND+array_index=const,unroll_times=0,unroll_times=4,func=inline,ATTR=Cyber;ARRAY_1=array=EXPAND+array_index=const;LOOP_1=unroll_times=0;LOOP_2=unroll_times=4;FUNC_1=func=inline;0
1431,2,384,504,541,0,2918,1178,2,2,2.00,2,0,2.141ns,-,-,-,-,8,-,-,50,Cyber,array=EXPAND+array_index=const,unroll_times=0,unroll_times=4,func=inline,ATTR=Cyber;ARRAY_1=array=EXPAND+array_index=const;LOOP_1=unroll_times=0;LOOP_2=unroll_times=4;FUNC_1=func=inline;50
1431,2,384,504,541,0,2918,1178,2,2,2.00,2,0,2.141ns,-,-,-,-,8,-,-,100,Cyber,array=EXPAND+array_index=const,unroll_times=0,unroll_times=4,func=inline,ATTR=Cyber;ARRAY_1=array=EXPAND+array_index=const;LOOP_1=unroll_times=0;LOOP_2=unroll_times=4;FUNC_1=func=inline;100
1471,6,119,660,675,0,2985,1134,6,6,6.00,17,0,1.7085ns,-,-,-,-,18,-,-,-100,Cyber,array=EXPAND+array_index=const,unroll_times=0,unroll_times=all,func=inline,ATTR=Cyber;ARRAY_1=array=EXPAND+array_index=const;LOOP_1=unroll_times=0;LOOP_2=unroll_times=all;FUNC_1=func=inline;-100
1517,3,284,522,704,0,3233,1240,3,3,3.00,7,0,2.211ns,-,-,-,-,9,-,-,-50,Cyber,array=EXPAND+array_index=const,unroll_times=0,unroll_times=all,func=inline,ATTR=Cyber;ARRAY_1=array=EXPAND+array_index=const;LOOP_1=unroll_times=0;LOOP_2=unroll_times=all;FUNC_1=func=inline;-50
1431,2,384,504,541,0,2918,1178,2,2,2.00,2,0,2.141ns,-,-,-,-,8,-,-,0,Cyber,array=EXPAND+array_index=const,unroll_times=0,unroll_times=all,func=inline,ATTR=Cyber;ARRAY_1=array=EXPAND+array_index=const;LOOP_1=unroll_times=0;LOOP_2=unroll_times=all;FUNC_1=func=inline;0
1431,2,384,504,541,0,2918,1178,2,2,2.00,2,0,2.141ns,-,-,-,-,8,-,-,50,Cyber,array=EXPAND+array_index=const,unroll_times=0,unroll_times=all,func=inline,ATTR=Cyber;ARRAY_1=array=EXPAND+array_index=const;LOOP_1=unroll_times=0;LOOP_2=unroll_times=all;FUNC_1=func=inline;50
1431,2,384,504,541,0,2918,1178,2,2,2.00,2,0,2.141ns,-,-,-,-,8,-,-,100,Cyber,array=EXPAND+array_index=const,unroll_times=0,unroll_times=all,func=inline,ATTR=Cyber;ARRAY_1=array=EXPAND+array_index=const;LOOP_1=unroll_times=0;LOOP_2=unroll_times=all;FUNC_1=func=inline;100
1591,4,273,660,647,0,3138,1235,4,4,4.00,11,0,1.458ns,-,-,-,-,16,-,-,-100,Cyber,array=EXPAND+array_index=const,unroll_times=0,folding=1,func=inline,ATTR=Cyber;ARRAY_1=array=EXPAND+array_index=const;LOOP_1=unroll_times=0;LOOP_2=folding=1;FUNC_1=func=inline;-100
1591,4,273,660,647,0,3138,1235,4,4,4.00,11,0,1.458ns,-,-,-,-,16,-,-,-50,Cyber,array=EXPAND+array_index=const,unroll_times=0,folding=1,func=inline,ATTR=Cyber;ARRAY_1=array=EXPAND+array_index=const;LOOP_1=unroll_times=0;LOOP_2=folding=1;FUNC_1=func=inline;-50
1591,4,273,660,647,0,3138,1235,4,4,4.00,11,0,1.458ns,-,-,-,-,16,-,-,0,Cyber,array=EXPAND+array_index=const,unroll_times=0,folding=1,func=inline,ATTR=Cyber;ARRAY_1=array=EXPAND+array_index=const;LOOP_1=unroll_times=0;LOOP_2=folding=1;FUNC_1=func=inline;0
2636,4,1105,660,856,0,5484,2393,4,4,4.00,15,0,1.67ns,-,-,-,-,16,-,-,50,Cyber,array=EXPAND+array_index=const,unroll_times=0,folding=1,func=inline,ATTR=Cyber;ARRAY_1=array=EXPAND+array_index=const;LOOP_1=unroll_times=0;LOOP_2=folding=1;FUNC_1=func=inline;50
3232,4,1729,660,832,0,6667,3079,4,4,4.00,11,0,1.49ns,-,-,-,-,16,-,-,100,Cyber,array=EXPAND+array_index=const,unroll_times=0,folding=1,func=inline,ATTR=Cyber;ARRAY_1=array=EXPAND+array_index=const;LOOP_1=unroll_times=0;LOOP_2=folding=1;FUNC_1=func=inline;100
2289,4,315,690,1272,0,5030,1857,4,4,4.00,12,0,2.058ns,-,-,-,-,12,-,-,-100,Cyber,array=EXPAND+array_index=const,unroll_times=3,unroll_times=0,func=inline,ATTR=Cyber;ARRAY_1=array=EXPAND+array_index=const;LOOP_1=unroll_times=3;LOOP_2=unroll_times=0;FUNC_1=func=inline;-100
2261,3,331,654,1265,0,4995,1837,3,3,3.00,11,0,2.058ns,-,-,-,-,10,-,-,-50,Cyber,array=EXPAND+array_index=const,unroll_times=3,unroll_times=0,func=inline,ATTR=Cyber;ARRAY_1=array=EXPAND+array_index=const;LOOP_1=unroll_times=3;LOOP_2=unroll_times=0;FUNC_1=func=inline;-50
2261,3,331,654,1265,0,4995,1837,3,3,3.00,11,0,2.058ns,-,-,-,-,10,-,-,0,Cyber,array=EXPAND+array_index=const,unroll_times=3,unroll_times=0,func=inline,ATTR=Cyber;ARRAY_1=array=EXPAND+array_index=const;LOOP_1=unroll_times=3;LOOP_2=unroll_times=0;FUNC_1=func=inline;0
3076,3,955,654,1452,0,6849,2740,3,3,3.00,15,0,2.07ns,-,-,-,-,10,-,-,50,Cyber,array=EXPAND+array_index=const,unroll_times=3,unroll_times=0,func=inline,ATTR=Cyber;ARRAY_1=array=EXPAND+array_index=const;LOOP_1=unroll_times=3;LOOP_2=unroll_times=0;FUNC_1=func=inline;50
3672,3,1579,654,1428,0,8029,3423,3,3,3.00,11,0,2.058ns,-,-,-,-,10,-,-,100,Cyber,array=EXPAND+array_index=const,unroll_times=3,unroll_times=0,func=inline,ATTR=Cyber;ARRAY_1=array=EXPAND+array_index=const;LOOP_1=unroll_times=3;LOOP_2=unroll_times=0;FUNC_1=func=inline;100
2728,7,330,696,1679,0,6276,2247,7,7,7.00,23,0,2.068ns,-,-,-,-,12,-,-,-100,Cyber,array=EXPAND+array_index=const,unroll_times=3,unroll_times=3,func=inline,ATTR=Cyber;ARRAY_1=array=EXPAND+array_index=const;LOOP_1=unroll_times=3;LOOP_2=unroll_times=3;FUNC_1=func=inline;-100
3459,4,1177,654,1602,0,7839,3152,4,4,4.00,26,0,2.98ns,-,-,-,-,6,-,-,-50,Cyber,array=EXPAND+array_index=const,unroll_times=3,unroll_times=3,func=inline,ATTR=Cyber;ARRAY_1=array=EXPAND+array_index=const;LOOP_1=unroll_times=3;LOOP_2=unroll_times=3;FUNC_1=func=inline;-50
3859,3,1593,654,1593,0,8646,3612,3,3,3.00,19,0,3.935ns,-,-,-,-,5,-,-,0,Cyber,array=EXPAND+array_index=const,unroll_times=3,unroll_times=3,func=inline,ATTR=Cyber;ARRAY_1=array=EXPAND+array_index=const;LOOP_1=unroll_times=3;LOOP_2=unroll_times=3;FUNC_1=func=inline;0
5707,3,3257,654,1778,0,12581,5693,3,3,3.00,18,0,4.09ns,-,-,-,-,5,-,-,50,Cyber,array=EXPAND+array_index=const,unroll_times=3,unroll_times=3,func=inline,ATTR=Cyber;ARRAY_1=array=EXPAND+array_index=const;LOOP_1=unroll_times=3;LOOP_2=unroll_times=3;FUNC_1=func=inline;50
6303,3,3881,654,1754,0,13764,6379,3,3,3.00,14,0,4.09ns,-,-,-,-,5,-,-,100,Cyber,array=EXPAND+array_index=const,unroll_times=3,unroll_times=3,func=inline,ATTR=Cyber;ARRAY_1=array=EXPAND+array_index=const;LOOP_1=unroll_times=3;LOOP_2=unroll_times=3;FUNC_1=func=inline;100
2145,7,154,594,1377,0,5082,1807,7,7,7.00,20,0,2.6405ns,-,-,-,-,9,-,-,-100,Cyber,array=EXPAND+array_index=const,unroll_times=3,unroll_times=4,func=inline,ATTR=Cyber;ARRAY_1=array=EXPAND+array_index=const;LOOP_1=unroll_times=3;LOOP_2=unroll_times=4;FUNC_1=func=inline;-100
2159,3,332,522,1299,0,4981,1796,3,3,3.00,6,0,3.443ns,-,-,-,-,4,-,-,-50,Cyber,array=EXPAND+array_index=const,unroll_times=3,unroll_times=4,func=inline,ATTR=Cyber;ARRAY_1=array=EXPAND+array_index=const;LOOP_1=unroll_times=3;LOOP_2=unroll_times=4;FUNC_1=func=inline;-50
2100,2,432,504,1161,0,4754,1764,2,2,2.00,3,0,3.373ns,-,-,-,-,3,-,-,0,Cyber,array=EXPAND+array_index=const,unroll_times=3,unroll_times=4,func=inline,ATTR=Cyber;ARRAY_1=array=EXPAND+array_index=const;LOOP_1=unroll_times=3;LOOP_2=unroll_times=4;FUNC_1=func=inline;0
2100,2,432,504,1161,0,4754,1764,2,2,2.00,3,0,3.373ns,-,-,-,-,3,-,-,50,Cyber,array=EXPAND+array_index=const,unroll_times=3,unroll_times=4,func=inline,ATTR=Cyber;ARRAY_1=array=EXPAND+array_index=const;LOOP_1=unroll_times=3;LOOP_2=unroll_times=4;FUNC_1=func=inline;50
2100,2,432,504,1161,0,4754,1764,2,2,2.00,3,0,3.373ns,-,-,-,-,3,-,-,100,Cyber,array=EXPAND+array_index=const,unroll_times=3,unroll_times=4,func=inline,ATTR=Cyber;ARRAY_1=array=EXPAND+array_index=const;LOOP_1=unroll_times=3;LOOP_2=unroll_times=4;FUNC_1=func=inline;100
2145,7,154,594,1377,0,5082,1807,7,7,7.00,20,0,2.6405ns,-,-,-,-,9,-,-,-100,Cyber,array=EXPAND+array_index=const,unroll_times=3,unroll_times=all,func=inline,ATTR=Cyber;ARRAY_1=array=EXPAND+array_index=const;LOOP_1=unroll_times=3;LOOP_2=unroll_times=all;FUNC_1=func=inline;-100
2159,3,332,522,1299,0,4981,1796,3,3,3.00,6,0,3.443ns,-,-,-,-,4,-,-,-50,Cyber,array=EXPAND+array_index=const,unroll_times=3,unroll_times=all,func=inline,ATTR=Cyber;ARRAY_1=array=EXPAND+array_index=const;LOOP_1=unroll_times=3;LOOP_2=unroll_times=all;FUNC_1=func=inline;-50
2100,2,432,504,1161,0,4754,1764,2,2,2.00,3,0,3.373ns,-,-,-,-,3,-,-,0,Cyber,array=EXPAND+array_index=const,unroll_times=3,unroll_times=all,func=inline,ATTR=Cyber;ARRAY_1=array=EXPAND+array_index=const;LOOP_1=unroll_times=3;LOOP_2=unroll_times=all;FUNC_1=func=inline;0
2100,2,432,504,1161,0,4754,1764,2,2,2.00,3,0,3.373ns,-,-,-,-,3,-,-,50,Cyber,array=EXPAND+array_index=const,unroll_times=3,unroll_times=all,func=inline,ATTR=Cyber;ARRAY_1=array=EXPAND+array_index=const;LOOP_1=unroll_times=3;LOOP_2=unroll_times=all;FUNC_1=func=inline;50
2100,2,432,504,1161,0,4754,1764,2,2,2.00,3,0,3.373ns,-,-,-,-,3,-,-,100,Cyber,array=EXPAND+array_index=const,unroll_times=3,unroll_times=all,func=inline,ATTR=Cyber;ARRAY_1=array=EXPAND+array_index=const;LOOP_1=unroll_times=3;LOOP_2=unroll_times=all;FUNC_1=func=inline;100
2305,5,315,702,1275,0,5046,1863,5,5,5.00,13,0,2.058ns,-,-,-,-,13,-,-,-100,Cyber,array=EXPAND+array_index=const,unroll_times=3,folding=1,func=inline,ATTR=Cyber;ARRAY_1=array=EXPAND+array_index=const;LOOP_1=unroll_times=3;LOOP_2=folding=1;FUNC_1=func=inline;-100
2271,4,331,660,1268,0,4997,1835,4,4,4.00,12,0,2.058ns,-,-,-,-,11,-,-,-50,Cyber,array=EXPAND+array_index=const,unroll_times=3,folding=1,func=inline,ATTR=Cyber;ARRAY_1=array=EXPAND+array_index=const;LOOP_1=unroll_times=3;LOOP_2=folding=1;FUNC_1=func=inline;-50
2271,4,331,660,1268,0,4997,1835,4,4,4.00,12,0,2.058ns,-,-,-,-,11,-,-,0,Cyber,array=EXPAND+array_index=const,unroll_times=3,folding=1,func=inline,ATTR=Cyber;ARRAY_1=array=EXPAND+array_index=const;LOOP_1=unroll_times=3;LOOP_2=folding=1;FUNC_1=func=inline;0
3316,4,1163,660,1477,0,7343,2993,4,4,4.00,16,0,2.058ns,-,-,-,-,11,-,-,50,Cyber,array=EXPAND+array_index=const,unroll_times=3,folding=1,func=inline,ATTR=Cyber;ARRAY_1=array=EXPAND+array_index=const;LOOP_1=unroll_times=3;LOOP_2=folding=1;FUNC_1=func=inline;50
3912,4,1787,660,1453,0,8526,3679,4,4,4.00,12,0,2.058ns,-,-,-,-,11,-,-,100,Cyber,array=EXPAND+array_index=const,unroll_times=3,folding=1,func=inline,ATTR=Cyber;ARRAY_1=array=EXPAND+array_index=const;LOOP_1=unroll_times=3;LOOP_2=folding=1;FUNC_1=func=inline;100
1051,2,262,648,138,0,1560,730,2,2,2.00,3,0,1.858ns,-,-,-,-,8,-,-,-100,Cyber,array=EXPAND+array_index=const,unroll_times=4,unroll_times=0,func=inline,ATTR=Cyber;ARRAY_1=array=EXPAND+array_index=const;LOOP_1=unroll_times=4;LOOP_2=unroll_times=0;FUNC_1=func=inline;-100
1051,2,262,648,138,0,1560,730,2,2,2.00,3,0,1.858ns,-,-,-,-,8,-,-,-50,Cyber,array=EXPAND+array_index=const,unroll_times=4,unroll_times=0,func=inline,ATTR=Cyber;ARRAY_1=array=EXPAND+array_index=const;LOOP_1=unroll_times=4;LOOP_2=unroll_times=0;FUNC_1=func=inline;-50
1051,2,262,648,138,0,1560,730,2,2,2.00,3,0,1.858ns,-,-,-,-,8,-,-,0,Cyber,array=EXPAND+array_index=const,unroll_times=4,unroll_times=0,func=inline,ATTR=Cyber;ARRAY_1=array=EXPAND+array_index=const;LOOP_1=unroll_times=4;LOOP_2=unroll_times=0;FUNC_1=func=inline;0
1866,2,886,648,325,0,3414,1633,2,2,2.00,7,0,2.07ns,-,-,-,-,8,-,-,50,Cyber,array=EXPAND+array_index=const,unroll_times=4,unroll_times=0,func=inline,ATTR=Cyber;ARRAY_1=array=EXPAND+array_index=const;LOOP_1=unroll_times=4;LOOP_2=unroll_times=0;FUNC_1=func=inline;50
2462,2,1510,648,301,0,4594,2316,2,2,2.00,3,0,1.89ns,-,-,-,-,8,-,-,100,Cyber,array=EXPAND+array_index=const,unroll_times=4,unroll_times=0,func=inline,ATTR=Cyber;ARRAY_1=array=EXPAND+array_index=const;LOOP_1=unroll_times=4;LOOP_2=unroll_times=0;FUNC_1=func=inline;100
1313,5,289,660,355,0,2338,997,5,5,5.00,9,0,2.122ns,-,-,-,-,8,-,-,-100,Cyber,array=EXPAND+array_index=const,unroll_times=4,unroll_times=3,func=inline,ATTR=Cyber;ARRAY_1=array=EXPAND+array_index=const;LOOP_1=unroll_times=4;LOOP_2=unroll_times=3;FUNC_1=func=inline;-100
2246,3,1121,654,455,0,4321,2038,3,3,3.00,16,0,2.95ns,-,-,-,-,4,-,-,-50,Cyber,array=EXPAND+array_index=const,unroll_times=4,unroll_times=3,func=inline,ATTR=Cyber;ARRAY_1=array=EXPAND+array_index=const;LOOP_1=unroll_times=4;LOOP_2=unroll_times=3;FUNC_1=func=inline;-50
2639,2,1537,648,446,0,5099,2490,2,2,2.00,8,0,3.93ns,-,-,-,-,3,-,-,0,Cyber,array=EXPAND+array_index=const,unroll_times=4,unroll_times=3,func=inline,ATTR=Cyber;ARRAY_1=array=EXPAND+array_index=const;LOOP_1=unroll_times=4;LOOP_2=unroll_times=3;FUNC_1=func=inline;0
4479,2,3201,648,623,0,9026,4563,2,2,2.00,7,0,4.09ns,-,-,-,-,3,-,-,50,Cyber,array=EXPAND+array_index=const,unroll_times=4,unroll_times=3,func=inline,ATTR=Cyber;ARRAY_1=array=EXPAND+array_index=const;LOOP_1=unroll_times=4;LOOP_2=unroll_times=3;FUNC_1=func=inline;50
4876,2,3617,648,607,0,9811,5020,2,2,2.00,4,0,4.09ns,-,-,-,-,3,-,-,100,Cyber,array=EXPAND+array_index=const,unroll_times=4,unroll_times=3,func=inline,ATTR=Cyber;ARRAY_1=array=EXPAND+array_index=const;LOOP_1=unroll_times=4;LOOP_2=unroll_times=3;FUNC_1=func=inline;100
750,5,114,480,144,0,1262,556,5,5,5.00,12,0,1.0725ns,-,-,-,-,5,-,-,-100,Cyber,array=EXPAND+array_index=const,unroll_times=4,unroll_times=4,func=inline,ATTR=Cyber;ARRAY_1=array=EXPAND+array_index=const;LOOP_1=unroll_times=4;LOOP_2=unroll_times=4;FUNC_1=func=inline;-100
775,2,274,402,99,0,1343,628,2,2,2.00,0,0,1.475ns,-,-,-,-,2,-,-,-50,Cyber,array=EXPAND+array_index=const,unroll_times=4,unroll_times=4,func=inline,ATTR=Cyber;ARRAY_1=array=EXPAND+array_index=const;LOOP_1=unroll_times=4;LOOP_2=unroll_times=4;FUNC_1=func=inline;-50
758,1,374,384,0,0,1077,548,1,1,1.00,0,0,1.335ns,-,-,-,-,1,-,-,0,Cyber,array=EXPAND+array_index=const,unroll_times=4,unroll_times=4,func=inline,ATTR=Cyber;ARRAY_1=array=EXPAND+array_index=const;LOOP_1=unroll_times=4;LOOP_2=unroll_times=4;FUNC_1=func=inline;0
758,1,374,384,0,0,1077,548,1,1,1.00,0,0,1.335ns,-,-,-,-,1,-,-,50,Cyber,array=EXPAND+array_index=const,unroll_times=4,unroll_times=4,func=inline,ATTR=Cyber;ARRAY_1=array=EXPAND+array_index=const;LOOP_1=unroll_times=4;LOOP_2=unroll_times=4;FUNC_1=func=inline;50
758,1,374,384,0,0,1077,548,1,1,1.00,0,0,1.335ns,-,-,-,-,1,-,-,100,Cyber,array=EXPAND+array_index=const,unroll_times=4,unroll_times=4,func=inline,ATTR=Cyber;ARRAY_1=array=EXPAND+array_index=const;LOOP_1=unroll_times=4;LOOP_2=unroll_times=4;FUNC_1=func=inline;100
750,5,114,480,144,0,1262,556,5,5,5.00,12,0,1.0725ns,-,-,-,-,5,-,-,-100,Cyber,array=EXPAND+array_index=const,unroll_times=4,unroll_times=all,func=inline,ATTR=Cyber;ARRAY_1=array=EXPAND+array_index=const;LOOP_1=unroll_times=4;LOOP_2=unroll_times=all;FUNC_1=func=inline;-100
775,2,274,402,99,0,1343,628,2,2,2.00,0,0,1.475ns,-,-,-,-,2,-,-,-50,Cyber,array=EXPAND+array_index=const,unroll_times=4,unroll_times=all,func=inline,ATTR=Cyber;ARRAY_1=array=EXPAND+array_index=const;LOOP_1=unroll_times=4;LOOP_2=unroll_times=all;FUNC_1=func=inline;-50
758,1,374,384,0,0,1077,548,1,1,1.00,0,0,1.335ns,-,-,-,-,1,-,-,0,Cyber,array=EXPAND+array_index=const,unroll_times=4,unroll_times=all,func=inline,ATTR=Cyber;ARRAY_1=array=EXPAND+array_index=const;LOOP_1=unroll_times=4;LOOP_2=unroll_times=all;FUNC_1=func=inline;0
758,1,374,384,0,0,1077,548,1,1,1.00,0,0,1.335ns,-,-,-,-,1,-,-,50,Cyber,array=EXPAND+array_index=const,unroll_times=4,unroll_times=all,func=inline,ATTR=Cyber;ARRAY_1=array=EXPAND+array_index=const;LOOP_1=unroll_times=4;LOOP_2=unroll_times=all;FUNC_1=func=inline;50
758,1,374,384,0,0,1077,548,1,1,1.00,0,0,1.335ns,-,-,-,-,1,-,-,100,Cyber,array=EXPAND+array_index=const,unroll_times=4,unroll_times=all,func=inline,ATTR=Cyber;ARRAY_1=array=EXPAND+array_index=const;LOOP_1=unroll_times=4;LOOP_2=unroll_times=all;FUNC_1=func=inline;100
1109,3,262,660,181,0,1752,803,3,3,3.00,6,0,1.458ns,-,-,-,-,9,-,-,-100,Cyber,array=EXPAND+array_index=const,unroll_times=4,folding=1,func=inline,ATTR=Cyber;ARRAY_1=array=EXPAND+array_index=const;LOOP_1=unroll_times=4;LOOP_2=folding=1;FUNC_1=func=inline;-100
1109,3,262,660,181,0,1752,803,3,3,3.00,6,0,1.458ns,-,-,-,-,9,-,-,-50,Cyber,array=EXPAND+array_index=const,unroll_times=4,folding=1,func=inline,ATTR=Cyber;ARRAY_1=array=EXPAND+array_index=const;LOOP_1=unroll_times=4;LOOP_2=folding=1;FUNC_1=func=inline;-50
1109,3,262,660,181,0,1752,803,3,3,3.00,6,0,1.458ns,-,-,-,-,9,-,-,0,Cyber,array=EXPAND+array_index=const,unroll_times=4,folding=1,func=inline,ATTR=Cyber;ARRAY_1=array=EXPAND+array_index=const;LOOP_1=unroll_times=4;LOOP_2=folding=1;FUNC_1=func=inline;0
2154,3,1094,660,390,0,4098,1961,3,3,3.00,10,0,1.67ns,-,-,-,-,9,-,-,50,Cyber,array=EXPAND+array_index=const,unroll_times=4,folding=1,func=inline,ATTR=Cyber;ARRAY_1=array=EXPAND+array_index=const;LOOP_1=unroll_times=4;LOOP_2=folding=1;FUNC_1=func=inline;50
2750,3,1718,660,366,0,5281,2647,3,3,3.00,6,0,1.49ns,-,-,-,-,9,-,-,100,Cyber,array=EXPAND+array_index=const,unroll_times=4,folding=1,func=inline,ATTR=Cyber;ARRAY_1=array=EXPAND+array_index=const;LOOP_1=unroll_times=4;LOOP_2=folding=1;FUNC_1=func=inline;100
1051,2,262,648,138,0,1560,730,2,2,2.00,3,0,1.858ns,-,-,-,-,8,-,-,-100,Cyber,array=EXPAND+array_index=const,unroll_times=all,unroll_times=0,func=inline,ATTR=Cyber;ARRAY_1=array=EXPAND+array_index=const;LOOP_1=unroll_times=all;LOOP_2=unroll_times=0;FUNC_1=func=inline;-100
1051,2,262,648,138,0,1560,730,2,2,2.00,3,0,1.858ns,-,-,-,-,8,-,-,-50,Cyber,array=EXPAND+array_index=const,unroll_times=all,unroll_times=0,func=inline,ATTR=Cyber;ARRAY_1=array=EXPAND+array_index=const;LOOP_1=unroll_times=all;LOOP_2=unroll_times=0;FUNC_1=func=inline;-50
1051,2,262,648,138,0,1560,730,2,2,2.00,3,0,1.858ns,-,-,-,-,8,-,-,0,Cyber,array=EXPAND+array_index=const,unroll_times=all,unroll_times=0,func=inline,ATTR=Cyber;ARRAY_1=array=EXPAND+array_index=const;LOOP_1=unroll_times=all;LOOP_2=unroll_times=0;FUNC_1=func=inline;0
1866,2,886,648,325,0,3414,1633,2,2,2.00,7,0,2.07ns,-,-,-,-,8,-,-,50,Cyber,array=EXPAND+array_index=const,unroll_times=all,unroll_times=0,func=inline,ATTR=Cyber;ARRAY_1=array=EXPAND+array_index=const;LOOP_1=unroll_times=all;LOOP_2=unroll_times=0;FUNC_1=func=inline;50
2462,2,1510,648,301,0,4594,2316,2,2,2.00,3,0,1.89ns,-,-,-,-,8,-,-,100,Cyber,array=EXPAND+array_index=const,unroll_times=all,unroll_times=0,func=inline,ATTR=Cyber;ARRAY_1=array=EXPAND+array_index=const;LOOP_1=unroll_times=all;LOOP_2=unroll_times=0;FUNC_1=func=inline;100
1313,5,289,660,355,0,2338,997,5,5,5.00,9,0,2.122ns,-,-,-,-,8,-,-,-100,Cyber,array=EXPAND+array_index=const,unroll_times=all,unroll_times=3,func=inline,ATTR=Cyber;ARRAY_1=array=EXPAND+array_index=const;LOOP_1=unroll_times=all;LOOP_2=unroll_times=3;FUNC_1=func=inline;-100
2246,3,1121,654,455,0,4321,2038,3,3,3.00,16,0,2.95ns,-,-,-,-,4,-,-,-50,Cyber,array=EXPAND+array_index=const,unroll_times=all,unroll_times=3,func=inline,ATTR=Cyber;ARRAY_1=array=EXPAND+array_index=const;LOOP_1=unroll_times=all;LOOP_2=unroll_times=3;FUNC_1=func=inline;-50
2639,2,1537,648,446,0,5099,2490,2,2,2.00,8,0,3.93ns,-,-,-,-,3,-,-,0,Cyber,array=EXPAND+array_index=const,unroll_times=all,unroll_times=3,func=inline,ATTR=Cyber;ARRAY_1=array=EXPAND+array_index=const;LOOP_1=unroll_times=all;LOOP_2=unroll_times=3;FUNC_1=func=inline;0
4479,2,3201,648,623,0,9026,4563,2,2,2.00,7,0,4.09ns,-,-,-,-,3,-,-,50,Cyber,array=EXPAND+array_index=const,unroll_times=all,unroll_times=3,func=inline,ATTR=Cyber;ARRAY_1=array=EXPAND+array_index=const;LOOP_1=unroll_times=all;LOOP_2=unroll_times=3;FUNC_1=func=inline;50
4876,2,3617,648,607,0,9811,5020,2,2,2.00,4,0,4.09ns,-,-,-,-,3,-,-,100,Cyber,array=EXPAND+array_index=const,unroll_times=all,unroll_times=3,func=inline,ATTR=Cyber;ARRAY_1=array=EXPAND+array_index=const;LOOP_1=unroll_times=all;LOOP_2=unroll_times=3;FUNC_1=func=inline;100
750,5,114,480,144,0,1262,556,5,5,5.00,12,0,1.0725ns,-,-,-,-,5,-,-,-100,Cyber,array=EXPAND+array_index=const,unroll_times=all,unroll_times=4,func=inline,ATTR=Cyber;ARRAY_1=array=EXPAND+array_index=const;LOOP_1=unroll_times=all;LOOP_2=unroll_times=4;FUNC_1=func=inline;-100
775,2,274,402,99,0,1343,628,2,2,2.00,0,0,1.475ns,-,-,-,-,2,-,-,-50,Cyber,array=EXPAND+array_index=const,unroll_times=all,unroll_times=4,func=inline,ATTR=Cyber;ARRAY_1=array=EXPAND+array_index=const;LOOP_1=unroll_times=all;LOOP_2=unroll_times=4;FUNC_1=func=inline;-50
758,1,374,384,0,0,1077,548,1,1,1.00,0,0,1.335ns,-,-,-,-,1,-,-,0,Cyber,array=EXPAND+array_index=const,unroll_times=all,unroll_times=4,func=inline,ATTR=Cyber;ARRAY_1=array=EXPAND+array_index=const;LOOP_1=unroll_times=all;LOOP_2=unroll_times=4;FUNC_1=func=inline;0
758,1,374,384,0,0,1077,548,1,1,1.00,0,0,1.335ns,-,-,-,-,1,-,-,50,Cyber,array=EXPAND+array_index=const,unroll_times=all,unroll_times=4,func=inline,ATTR=Cyber;ARRAY_1=array=EXPAND+array_index=const;LOOP_1=unroll_times=all;LOOP_2=unroll_times=4;FUNC_1=func=inline;50
758,1,374,384,0,0,1077,548,1,1,1.00,0,0,1.335ns,-,-,-,-,1,-,-,100,Cyber,array=EXPAND+array_index=const,unroll_times=all,unroll_times=4,func=inline,ATTR=Cyber;ARRAY_1=array=EXPAND+array_index=const;LOOP_1=unroll_times=all;LOOP_2=unroll_times=4;FUNC_1=func=inline;100
750,5,114,480,144,0,1262,556,5,5,5.00,12,0,1.0725ns,-,-,-,-,5,-,-,-100,Cyber,array=EXPAND+array_index=const,unroll_times=all,unroll_times=all,func=inline,ATTR=Cyber;ARRAY_1=array=EXPAND+array_index=const;LOOP_1=unroll_times=all;LOOP_2=unroll_times=all;FUNC_1=func=inline;-100
775,2,274,402,99,0,1343,628,2,2,2.00,0,0,1.475ns,-,-,-,-,2,-,-,-50,Cyber,array=EXPAND+array_index=const,unroll_times=all,unroll_times=all,func=inline,ATTR=Cyber;ARRAY_1=array=EXPAND+array_index=const;LOOP_1=unroll_times=all;LOOP_2=unroll_times=all;FUNC_1=func=inline;-50
758,1,374,384,0,0,1077,548,1,1,1.00,0,0,1.335ns,-,-,-,-,1,-,-,0,Cyber,array=EXPAND+array_index=const,unroll_times=all,unroll_times=all,func=inline,ATTR=Cyber;ARRAY_1=array=EXPAND+array_index=const;LOOP_1=unroll_times=all;LOOP_2=unroll_times=all;FUNC_1=func=inline;0
758,1,374,384,0,0,1077,548,1,1,1.00,0,0,1.335ns,-,-,-,-,1,-,-,50,Cyber,array=EXPAND+array_index=const,unroll_times=all,unroll_times=all,func=inline,ATTR=Cyber;ARRAY_1=array=EXPAND+array_index=const;LOOP_1=unroll_times=all;LOOP_2=unroll_times=all;FUNC_1=func=inline;50
758,1,374,384,0,0,1077,548,1,1,1.00,0,0,1.335ns,-,-,-,-,1,-,-,100,Cyber,array=EXPAND+array_index=const,unroll_times=all,unroll_times=all,func=inline,ATTR=Cyber;ARRAY_1=array=EXPAND+array_index=const;LOOP_1=unroll_times=all;LOOP_2=unroll_times=all;FUNC_1=func=inline;100
1109,3,262,660,181,0,1752,803,3,3,3.00,6,0,1.458ns,-,-,-,-,9,-,-,-100,Cyber,array=EXPAND+array_index=const,unroll_times=all,folding=1,func=inline,ATTR=Cyber;ARRAY_1=array=EXPAND+array_index=const;LOOP_1=unroll_times=all;LOOP_2=folding=1;FUNC_1=func=inline;-100
1109,3,262,660,181,0,1752,803,3,3,3.00,6,0,1.458ns,-,-,-,-,9,-,-,-50,Cyber,array=EXPAND+array_index=const,unroll_times=all,folding=1,func=inline,ATTR=Cyber;ARRAY_1=array=EXPAND+array_index=const;LOOP_1=unroll_times=all;LOOP_2=folding=1;FUNC_1=func=inline;-50
1109,3,262,660,181,0,1752,803,3,3,3.00,6,0,1.458ns,-,-,-,-,9,-,-,0,Cyber,array=EXPAND+array_index=const,unroll_times=all,folding=1,func=inline,ATTR=Cyber;ARRAY_1=array=EXPAND+array_index=const;LOOP_1=unroll_times=all;LOOP_2=folding=1;FUNC_1=func=inline;0
2154,3,1094,660,390,0,4098,1961,3,3,3.00,10,0,1.67ns,-,-,-,-,9,-,-,50,Cyber,array=EXPAND+array_index=const,unroll_times=all,folding=1,func=inline,ATTR=Cyber;ARRAY_1=array=EXPAND+array_index=const;LOOP_1=unroll_times=all;LOOP_2=folding=1;FUNC_1=func=inline;50
2750,3,1718,660,366,0,5281,2647,3,3,3.00,6,0,1.49ns,-,-,-,-,9,-,-,100,Cyber,array=EXPAND+array_index=const,unroll_times=all,folding=1,func=inline,ATTR=Cyber;ARRAY_1=array=EXPAND+array_index=const;LOOP_1=unroll_times=all;LOOP_2=folding=1;FUNC_1=func=inline;100
1543,4,273,654,606,0,2970,1179,4,4,4.00,10,0,1.858ns,-,-,-,-,16,-,-,-100,Cyber,array=EXPAND+array_index=const,folding=1,unroll_times=0,func=inline,ATTR=Cyber;ARRAY_1=array=EXPAND+array_index=const;LOOP_1=folding=1;LOOP_2=unroll_times=0;FUNC_1=func=inline;-100
1543,4,273,654,606,0,2970,1179,4,4,4.00,10,0,1.858ns,-,-,-,-,16,-,-,-50,Cyber,array=EXPAND+array_index=const,folding=1,unroll_times=0,func=inline,ATTR=Cyber;ARRAY_1=array=EXPAND+array_index=const;LOOP_1=folding=1;LOOP_2=unroll_times=0;FUNC_1=func=inline;-50
1543,4,273,654,606,0,2970,1179,4,4,4.00,10,0,1.858ns,-,-,-,-,16,-,-,0,Cyber,array=EXPAND+array_index=const,folding=1,unroll_times=0,func=inline,ATTR=Cyber;ARRAY_1=array=EXPAND+array_index=const;LOOP_1=folding=1;LOOP_2=unroll_times=0;FUNC_1=func=inline;0
2358,4,897,654,793,0,4824,2082,4,4,4.00,14,0,2.07ns,-,-,-,-,16,-,-,50,Cyber,array=EXPAND+array_index=const,folding=1,unroll_times=0,func=inline,ATTR=Cyber;ARRAY_1=array=EXPAND+array_index=const;LOOP_1=folding=1;LOOP_2=unroll_times=0;FUNC_1=func=inline;50
2954,4,1521,654,769,0,6004,2765,4,4,4.00,10,0,1.89ns,-,-,-,-,16,-,-,100,Cyber,array=EXPAND+array_index=const,folding=1,unroll_times=0,func=inline,ATTR=Cyber;ARRAY_1=array=EXPAND+array_index=const;LOOP_1=folding=1;LOOP_2=unroll_times=0;FUNC_1=func=inline;100
1758,7,284,660,798,0,3651,1411,7,7,7.00,16,0,2.372ns,-,-,-,-,16,-,-,-100,Cyber,array=EXPAND+array_index=const,folding=1,unroll_times=3,func=inline,ATTR=Cyber;ARRAY_1=array=EXPAND+array_index=const;LOOP_1=folding=1;LOOP_2=unroll_times=3;FUNC_1=func=inline;-100
2758,5,1127,660,947,0,5805,2504,5,5,5.00,24,0,2.96ns,-,-,-,-,12,-,-,-50,Cyber,array=EXPAND+array_index=const,folding=1,unroll_times=3,func=inline,ATTR=Cyber;ARRAY_1=array=EXPAND+array_index=const;LOOP_1=folding=1;LOOP_2=unroll_times=3;FUNC_1=func=inline;-50
3151,4,1543,654,937,0,6593,2954,4,4,4.00,17,0,3.935ns,-,-,-,-,11,-,-,0,Cyber,array=EXPAND+array_index=const,folding=1,unroll_times=3,func=inline,ATTR=Cyber;ARRAY_1=array=EXPAND+array_index=const;LOOP_1=folding=1;LOOP_2=unroll_times=3;FUNC_1=func=inline;0
4999,4,3207,654,1122,0,10528,5035,4,4,4.00,16,0,4.09ns,-,-,-,-,11,-,-,50,Cyber,array=EXPAND+array_index=const,folding=1,unroll_times=3,func=inline,ATTR=Cyber;ARRAY_1=array=EXPAND+array_index=const;LOOP_1=folding=1;LOOP_2=unroll_times=3;FUNC_1=func=inline;50
5595,4,3831,654,1098,0,11711,5721,4,4,4.00,12,0,4.09ns,-,-,-,-,11,-,-,100,Cyber,array=EXPAND+array_index=const,folding=1,unroll_times=3,func=inline,ATTR=Cyber;ARRAY_1=array=EXPAND+array_index=const;LOOP_1=folding=1;LOOP_2=unroll_times=3;FUNC_1=func=inline;100
1346,7,124,546,657,0,2944,1130,7,7,7.00,19,0,1.0725ns,-,-,-,-,13,-,-,-100,Cyber,array=EXPAND+array_index=const,folding=1,unroll_times=4,func=inline,ATTR=Cyber;ARRAY_1=array=EXPAND+array_index=const;LOOP_1=folding=1;LOOP_2=unroll_times=4;FUNC_1=func=inline;-100
1345,4,284,474,580,0,2863,1131,4,4,4.00,7,0,1.525ns,-,-,-,-,10,-,-,-50,Cyber,array=EXPAND+array_index=const,folding=1,unroll_times=4,func=inline,ATTR=Cyber;ARRAY_1=array=EXPAND+array_index=const;LOOP_1=folding=1;LOOP_2=unroll_times=4;FUNC_1=func=inline;-50
1385,3,384,462,534,0,2870,1159,3,3,3.00,5,0,1.405ns,-,-,-,-,9,-,-,0,Cyber,array=EXPAND+array_index=const,folding=1,unroll_times=4,func=inline,ATTR=Cyber;ARRAY_1=array=EXPAND+array_index=const;LOOP_1=folding=1;LOOP_2=unroll_times=4;FUNC_1=func=inline;0
1385,3,384,462,534,0,2870,1159,3,3,3.00,5,0,1.405ns,-,-,-,-,9,-,-,50,Cyber,array=EXPAND+array_index=const,folding=1,unroll_times=4,func=inline,ATTR=Cyber;ARRAY_1=array=EXPAND+array_index=const;LOOP_1=folding=1;LOOP_2=unroll_times=4;FUNC_1=func=inline;50
1385,3,384,462,534,0,2870,1159,3,3,3.00,5,0,1.405ns,-,-,-,-,9,-,-,100,Cyber,array=EXPAND+array_index=const,folding=1,unroll_times=4,func=inline,ATTR=Cyber;ARRAY_1=array=EXPAND+array_index=const;LOOP_1=folding=1;LOOP_2=unroll_times=4;FUNC_1=func=inline;100
1346,7,124,546,657,0,2944,1130,7,7,7.00,19,0,1.0725ns,-,-,-,-,13,-,-,-100,Cyber,array=EXPAND+array_index=const,folding=1,unroll_times=all,func=inline,ATTR=Cyber;ARRAY_1=array=EXPAND+array_index=const;LOOP_1=folding=1;LOOP_2=unroll_times=all;FUNC_1=func=inline;-100
1345,4,284,474,580,0,2863,1131,4,4,4.00,7,0,1.525ns,-,-,-,-,10,-,-,-50,Cyber,array=EXPAND+array_index=const,folding=1,unroll_times=all,func=inline,ATTR=Cyber;ARRAY_1=array=EXPAND+array_index=const;LOOP_1=folding=1;LOOP_2=unroll_times=all;FUNC_1=func=inline;-50
1385,3,384,462,534,0,2870,1159,3,3,3.00,5,0,1.405ns,-,-,-,-,9,-,-,0,Cyber,array=EXPAND+array_index=const,folding=1,unroll_times=all,func=inline,ATTR=Cyber;ARRAY_1=array=EXPAND+array_index=const;LOOP_1=folding=1;LOOP_2=unroll_times=all;FUNC_1=func=inline;0
1385,3,384,462,534,0,2870,1159,3,3,3.00,5,0,1.405ns,-,-,-,-,9,-,-,50,Cyber,array=EXPAND+array_index=const,folding=1,unroll_times=all,func=inline,ATTR=Cyber;ARRAY_1=array=EXPAND+array_index=const;LOOP_1=folding=1;LOOP_2=unroll_times=all;FUNC_1=func=inline;50
1385,3,384,462,534,0,2870,1159,3,3,3.00,5,0,1.405ns,-,-,-,-,9,-,-,100,Cyber,array=EXPAND+array_index=const,folding=1,unroll_times=all,func=inline,ATTR=Cyber;ARRAY_1=array=EXPAND+array_index=const;LOOP_1=folding=1;LOOP_2=unroll_times=all;FUNC_1=func=inline;100
1601,5,273,666,650,0,3174,1257,5,5,5.00,12,0,1.458ns,-,-,-,-,17,-,-,-100,Cyber,array=EXPAND+array_index=const,folding=1,folding=1,func=inline,ATTR=Cyber;ARRAY_1=array=EXPAND+array_index=const;LOOP_1=folding=1;LOOP_2=folding=1;FUNC_1=func=inline;-100
1601,5,273,666,650,0,3174,1257,5,5,5.00,12,0,1.458ns,-,-,-,-,17,-,-,-50,Cyber,array=EXPAND+array_index=const,folding=1,folding=1,func=inline,ATTR=Cyber;ARRAY_1=array=EXPAND+array_index=const;LOOP_1=folding=1;LOOP_2=folding=1;FUNC_1=func=inline;-50
1601,5,273,666,650,0,3174,1257,5,5,5.00,12,0,1.458ns,-,-,-,-,17,-,-,0,Cyber,array=EXPAND+array_index=const,folding=1,folding=1,func=inline,ATTR=Cyber;ARRAY_1=array=EXPAND+array_index=const;LOOP_1=folding=1;LOOP_2=folding=1;FUNC_1=func=inline;0
2646,5,1105,666,859,0,5520,2415,5,5,5.00,16,0,1.67ns,-,-,-,-,17,-,-,50,Cyber,array=EXPAND+array_index=const,folding=1,folding=1,func=inline,ATTR=Cyber;ARRAY_1=array=EXPAND+array_index=const;LOOP_1=folding=1;LOOP_2=folding=1;FUNC_1=func=inline;50
3242,5,1729,666,835,0,6703,3101,5,5,5.00,12,0,1.49ns,-,-,-,-,17,-,-,100,Cyber,array=EXPAND+array_index=const,folding=1,folding=1,func=inline,ATTR=Cyber;ARRAY_1=array=EXPAND+array_index=const;LOOP_1=folding=1;LOOP_2=folding=1;FUNC_1=func=inline;100
