AREA,Latency,FU,REG,MUX,DEC,Pin_Pair,Net,MISC,CP_delay,BlockMemoryBit,DSP,FU_ratio,ARRAY_1,ARRAY_2,ARRAY_3,LOOP_1,LOOP_2,FUNC_1,Attributes
1128,18,421,227,653,18,3156,1068,36,14.35,720,0,0,array=REG,array=REG,array=REG,unroll_times=0,unroll_times=0,func=inline,ARRAY_1~array=REG;ARRAY_2~array=REG;ARRAY_3~array=REG;LOOP_1~unroll_times=0;LOOP_2~unroll_times=0;FUNC_1~func=inline
1128,18,421,227,653,18,3156,1068,36,14.35,720,0,-50,array=REG,array=REG,array=REG,unroll_times=0,unroll_times=0,func=inline,ARRAY_1~array=REG;ARRAY_2~array=REG;ARRAY_3~array=REG;LOOP_1~unroll_times=0;LOOP_2~unroll_times=0;FUNC_1~func=inline
1164,19,355,259,752,19,3303,1105,38,12.91,720,0,-100,array=REG,array=REG,array=REG,unroll_times=0,unroll_times=0,func=inline,ARRAY_1~array=REG;ARRAY_2~array=REG;ARRAY_3~array=REG;LOOP_1~unroll_times=0;LOOP_2~unroll_times=0;FUNC_1~func=inline
1121,27,355,228,688,29,3187,1109,49,11.21,720,0,0,array=REG,array=REG,array=REG,unroll_times=0,folding=1,func=inline,ARRAY_1~array=REG;ARRAY_2~array=REG;ARRAY_3~array=REG;LOOP_1~unroll_times=0;LOOP_2~folding=1;FUNC_1~func=inline
1121,27,355,228,688,29,3187,1109,49,11.21,720,0,-50,array=REG,array=REG,array=REG,unroll_times=0,folding=1,func=inline,ARRAY_1~array=REG;ARRAY_2~array=REG;ARRAY_3~array=REG;LOOP_1~unroll_times=0;LOOP_2~folding=1;FUNC_1~func=inline
1121,27,355,228,688,29,3187,1109,49,11.21,720,0,-100,array=REG,array=REG,array=REG,unroll_times=0,folding=1,func=inline,ARRAY_1~array=REG;ARRAY_2~array=REG;ARRAY_3~array=REG;LOOP_1~unroll_times=0;LOOP_2~folding=1;FUNC_1~func=inline
1130,27,386,229,663,29,3271,1085,52,13.33,720,0,0,array=REG,array=REG,array=REG,folding=1,unroll_times=0,func=inline,ARRAY_1~array=REG;ARRAY_2~array=REG;ARRAY_3~array=REG;LOOP_1~folding=1;LOOP_2~unroll_times=0;FUNC_1~func=inline
1130,27,386,229,663,29,3271,1085,52,13.33,720,0,-50,array=REG,array=REG,array=REG,folding=1,unroll_times=0,func=inline,ARRAY_1~array=REG;ARRAY_2~array=REG;ARRAY_3~array=REG;LOOP_1~folding=1;LOOP_2~unroll_times=0;FUNC_1~func=inline
1055,28,386,259,591,31,2921,1013,47,10.13,720,0,-100,array=REG,array=REG,array=REG,folding=1,unroll_times=0,func=inline,ARRAY_1~array=REG;ARRAY_2~array=REG;ARRAY_3~array=REG;LOOP_1~folding=1;LOOP_2~unroll_times=0;FUNC_1~func=inline
1246,29,419,227,746,32,3524,1114,49,10.41,720,0,0,array=REG,array=REG,array=REG,folding=1,folding=1,func=inline,ARRAY_1~array=REG;ARRAY_2~array=REG;ARRAY_3~array=REG;LOOP_1~folding=1;LOOP_2~folding=1;FUNC_1~func=inline
1246,29,419,227,746,32,3524,1114,49,10.41,720,0,-50,array=REG,array=REG,array=REG,folding=1,folding=1,func=inline,ARRAY_1~array=REG;ARRAY_2~array=REG;ARRAY_3~array=REG;LOOP_1~folding=1;LOOP_2~folding=1;FUNC_1~func=inline
1246,29,419,227,746,32,3524,1114,49,10.41,720,0,-100,array=REG,array=REG,array=REG,folding=1,folding=1,func=inline,ARRAY_1~array=REG;ARRAY_2~array=REG;ARRAY_3~array=REG;LOOP_1~folding=1;LOOP_2~folding=1;FUNC_1~func=inline
1264,18,355,227,848,18,3692,1079,43,14.35,720,0,0,array=REG,array=RAM,array=REG,unroll_times=0,unroll_times=0,func=inline,ARRAY_1~array=REG;ARRAY_2~array=RAM;ARRAY_3~array=REG;LOOP_1~unroll_times=0;LOOP_2~unroll_times=0;FUNC_1~func=inline
1264,18,355,227,848,18,3692,1079,43,14.35,720,0,-50,array=REG,array=RAM,array=REG,unroll_times=0,unroll_times=0,func=inline,ARRAY_1~array=REG;ARRAY_2~array=RAM;ARRAY_3~array=REG;LOOP_1~unroll_times=0;LOOP_2~unroll_times=0;FUNC_1~func=inline
1167,19,322,227,784,19,3312,1016,42,12.91,720,0,-100,array=REG,array=RAM,array=REG,unroll_times=0,unroll_times=0,func=inline,ARRAY_1~array=REG;ARRAY_2~array=RAM;ARRAY_3~array=REG;LOOP_1~unroll_times=0;LOOP_2~unroll_times=0;FUNC_1~func=inline
1314,27,388,228,846,29,3692,1112,51,11.4,720,0,0,array=REG,array=RAM,array=REG,unroll_times=0,folding=1,func=inline,ARRAY_1~array=REG;ARRAY_2~array=RAM;ARRAY_3~array=REG;LOOP_1~unroll_times=0;LOOP_2~folding=1;FUNC_1~func=inline
1314,27,388,228,846,29,3692,1112,51,11.4,720,0,-50,array=REG,array=RAM,array=REG,unroll_times=0,folding=1,func=inline,ARRAY_1~array=REG;ARRAY_2~array=RAM;ARRAY_3~array=REG;LOOP_1~unroll_times=0;LOOP_2~folding=1;FUNC_1~func=inline
1314,27,388,228,846,29,3692,1112,51,11.4,720,0,-100,array=REG,array=RAM,array=REG,unroll_times=0,folding=1,func=inline,ARRAY_1~array=REG;ARRAY_2~array=RAM;ARRAY_3~array=REG;LOOP_1~unroll_times=0;LOOP_2~folding=1;FUNC_1~func=inline
1325,27,419,229,824,29,3698,1122,53,15.12,720,0,0,array=REG,array=RAM,array=REG,folding=1,unroll_times=0,func=inline,ARRAY_1~array=REG;ARRAY_2~array=RAM;ARRAY_3~array=REG;LOOP_1~folding=1;LOOP_2~unroll_times=0;FUNC_1~func=inline
1325,27,419,229,824,29,3698,1122,53,15.12,720,0,-50,array=REG,array=RAM,array=REG,folding=1,unroll_times=0,func=inline,ARRAY_1~array=REG;ARRAY_2~array=RAM;ARRAY_3~array=REG;LOOP_1~folding=1;LOOP_2~unroll_times=0;FUNC_1~func=inline
1255,28,386,228,788,31,3487,1085,50,10.28,720,0,-100,array=REG,array=RAM,array=REG,folding=1,unroll_times=0,func=inline,ARRAY_1~array=REG;ARRAY_2~array=RAM;ARRAY_3~array=REG;LOOP_1~folding=1;LOOP_2~unroll_times=0;FUNC_1~func=inline
915,29,287,228,545,32,2578,925,51,10.07,720,0,0,array=REG,array=RAM,array=REG,folding=1,folding=1,func=inline,ARRAY_1~array=REG;ARRAY_2~array=RAM;ARRAY_3~array=REG;LOOP_1~folding=1;LOOP_2~folding=1;FUNC_1~func=inline
915,29,287,228,545,32,2578,925,51,10.07,720,0,-50,array=REG,array=RAM,array=REG,folding=1,folding=1,func=inline,ARRAY_1~array=REG;ARRAY_2~array=RAM;ARRAY_3~array=REG;LOOP_1~folding=1;LOOP_2~folding=1;FUNC_1~func=inline
915,29,287,228,545,32,2578,925,51,10.07,720,0,-100,array=REG,array=RAM,array=REG,folding=1,folding=1,func=inline,ARRAY_1~array=REG;ARRAY_2~array=RAM;ARRAY_3~array=REG;LOOP_1~folding=1;LOOP_2~folding=1;FUNC_1~func=inline
7894,19,421,556,7343,19,18965,3099,111,17.13,400,0,0,array=REG,array=EXPAND+array_index=const,array=REG,unroll_times=0,unroll_times=0,func=inline,ARRAY_1~array=REG;ARRAY_2~array=EXPAND+array_index=const;ARRAY_3~array=REG;LOOP_1~unroll_times=0;LOOP_2~unroll_times=0;FUNC_1~func=inline
7894,19,421,556,7343,19,18965,3099,111,17.13,400,0,-50,array=REG,array=EXPAND+array_index=const,array=REG,unroll_times=0,unroll_times=0,func=inline,ARRAY_1~array=REG;ARRAY_2~array=EXPAND+array_index=const;ARRAY_3~array=REG;LOOP_1~unroll_times=0;LOOP_2~unroll_times=0;FUNC_1~func=inline
5829,20,223,553,5491,21,14066,2366,94,10.04,400,0,-100,array=REG,array=EXPAND+array_index=const,array=REG,unroll_times=0,unroll_times=0,func=inline,ARRAY_1~array=REG;ARRAY_2~array=EXPAND+array_index=const;ARRAY_3~array=REG;LOOP_1~unroll_times=0;LOOP_2~unroll_times=0;FUNC_1~func=inline
7959,28,355,529,7451,31,19191,3064,122,15.725,400,0,0,array=REG,array=EXPAND+array_index=const,array=REG,unroll_times=0,folding=1,func=inline,ARRAY_1~array=REG;ARRAY_2~array=EXPAND+array_index=const;ARRAY_3~array=REG;LOOP_1~unroll_times=0;LOOP_2~folding=1;FUNC_1~func=inline
7959,28,355,529,7451,31,19191,3064,122,15.725,400,0,-50,array=REG,array=EXPAND+array_index=const,array=REG,unroll_times=0,folding=1,func=inline,ARRAY_1~array=REG;ARRAY_2~array=EXPAND+array_index=const;ARRAY_3~array=REG;LOOP_1~unroll_times=0;LOOP_2~folding=1;FUNC_1~func=inline
7631,28,322,496,7155,31,18147,2837,123,14.72,400,0,-100,array=REG,array=EXPAND+array_index=const,array=REG,unroll_times=0,folding=1,func=inline,ARRAY_1~array=REG;ARRAY_2~array=EXPAND+array_index=const;ARRAY_3~array=REG;LOOP_1~unroll_times=0;LOOP_2~folding=1;FUNC_1~func=inline
7910,28,419,556,7343,31,19090,3084,117,14.765,400,0,0,array=REG,array=EXPAND+array_index=const,array=REG,folding=1,unroll_times=0,func=inline,ARRAY_1~array=REG;ARRAY_2~array=EXPAND+array_index=const;ARRAY_3~array=REG;LOOP_1~folding=1;LOOP_2~unroll_times=0;FUNC_1~func=inline
7910,28,419,556,7343,31,19090,3084,117,14.765,400,0,-50,array=REG,array=EXPAND+array_index=const,array=REG,folding=1,unroll_times=0,func=inline,ARRAY_1~array=REG;ARRAY_2~array=EXPAND+array_index=const;ARRAY_3~array=REG;LOOP_1~folding=1;LOOP_2~unroll_times=0;FUNC_1~func=inline
5750,29,255,553,5363,32,13746,2396,100,9.1823,400,0,-100,array=REG,array=EXPAND+array_index=const,array=REG,folding=1,unroll_times=0,func=inline,ARRAY_1~array=REG;ARRAY_2~array=EXPAND+array_index=const;ARRAY_3~array=REG;LOOP_1~folding=1;LOOP_2~unroll_times=0;FUNC_1~func=inline
8420,26,320,590,7924,40,20743,3171,136,14.765,400,0,0,array=REG,array=EXPAND+array_index=const,array=REG,folding=1,folding=1,func=inline,ARRAY_1~array=REG;ARRAY_2~array=EXPAND+array_index=const;ARRAY_3~array=REG;LOOP_1~folding=1;LOOP_2~folding=1;FUNC_1~func=inline
8420,26,320,590,7924,40,20743,3171,136,14.765,400,0,-50,array=REG,array=EXPAND+array_index=const,array=REG,folding=1,folding=1,func=inline,ARRAY_1~array=REG;ARRAY_2~array=EXPAND+array_index=const;ARRAY_3~array=REG;LOOP_1~folding=1;LOOP_2~folding=1;FUNC_1~func=inline
8317,26,320,589,7826,40,20208,3037,131,13.8823,400,0,-100,array=REG,array=EXPAND+array_index=const,array=REG,folding=1,folding=1,func=inline,ARRAY_1~array=REG;ARRAY_2~array=EXPAND+array_index=const;ARRAY_3~array=REG;LOOP_1~folding=1;LOOP_2~folding=1;FUNC_1~func=inline
1114,21,388,293,661,22,3096,1083,43,9.58,720,0,0,array=RAM,array=REG,array=REG,unroll_times=0,unroll_times=0,func=inline,ARRAY_1~array=RAM;ARRAY_2~array=REG;ARRAY_3~array=REG;LOOP_1~unroll_times=0;LOOP_2~unroll_times=0;FUNC_1~func=inline
1114,21,388,293,661,22,3096,1083,43,9.58,720,0,-50,array=RAM,array=REG,array=REG,unroll_times=0,unroll_times=0,func=inline,ARRAY_1~array=RAM;ARRAY_2~array=REG;ARRAY_3~array=REG;LOOP_1~unroll_times=0;LOOP_2~unroll_times=0;FUNC_1~func=inline
1114,21,388,293,661,22,3096,1083,43,9.58,720,0,-100,array=RAM,array=REG,array=REG,unroll_times=0,unroll_times=0,func=inline,ARRAY_1~array=RAM;ARRAY_2~array=REG;ARRAY_3~array=REG;LOOP_1~unroll_times=0;LOOP_2~unroll_times=0;FUNC_1~func=inline
1250,30,322,359,830,32,3666,1184,66,14.98,720,0,0,array=RAM,array=REG,array=REG,unroll_times=0,folding=1,func=inline,ARRAY_1~array=RAM;ARRAY_2~array=REG;ARRAY_3~array=REG;LOOP_1~unroll_times=0;LOOP_2~folding=1;FUNC_1~func=inline
1250,30,322,359,830,32,3666,1184,66,14.98,720,0,-50,array=RAM,array=REG,array=REG,unroll_times=0,folding=1,func=inline,ARRAY_1~array=RAM;ARRAY_2~array=REG;ARRAY_3~array=REG;LOOP_1~unroll_times=0;LOOP_2~folding=1;FUNC_1~func=inline
1250,30,322,359,830,32,3666,1184,66,14.98,720,0,-100,array=RAM,array=REG,array=REG,unroll_times=0,folding=1,func=inline,ARRAY_1~array=RAM;ARRAY_2~array=REG;ARRAY_3~array=REG;LOOP_1~unroll_times=0;LOOP_2~folding=1;FUNC_1~func=inline
1284,30,320,359,868,32,3823,1249,64,10.58,720,0,0,array=RAM,array=REG,array=REG,folding=1,unroll_times=0,func=inline,ARRAY_1~array=RAM;ARRAY_2~array=REG;ARRAY_3~array=REG;LOOP_1~folding=1;LOOP_2~unroll_times=0;FUNC_1~func=inline
1284,30,320,359,868,32,3823,1249,64,10.58,720,0,-50,array=RAM,array=REG,array=REG,folding=1,unroll_times=0,func=inline,ARRAY_1~array=RAM;ARRAY_2~array=REG;ARRAY_3~array=REG;LOOP_1~folding=1;LOOP_2~unroll_times=0;FUNC_1~func=inline
1284,30,320,359,868,32,3823,1249,64,10.58,720,0,-100,array=RAM,array=REG,array=REG,folding=1,unroll_times=0,func=inline,ARRAY_1~array=RAM;ARRAY_2~array=REG;ARRAY_3~array=REG;LOOP_1~folding=1;LOOP_2~unroll_times=0;FUNC_1~func=inline
1294,32,287,360,895,33,3987,1262,79,14.53,720,0,0,array=RAM,array=REG,array=REG,folding=1,folding=1,func=inline,ARRAY_1~array=RAM;ARRAY_2~array=REG;ARRAY_3~array=REG;LOOP_1~folding=1;LOOP_2~folding=1;FUNC_1~func=inline
1294,32,287,360,895,33,3987,1262,79,14.53,720,0,-50,array=RAM,array=REG,array=REG,folding=1,folding=1,func=inline,ARRAY_1~array=RAM;ARRAY_2~array=REG;ARRAY_3~array=REG;LOOP_1~folding=1;LOOP_2~folding=1;FUNC_1~func=inline
1294,32,287,360,895,33,3987,1262,79,14.53,720,0,-100,array=RAM,array=REG,array=REG,folding=1,folding=1,func=inline,ARRAY_1~array=RAM;ARRAY_2~array=REG;ARRAY_3~array=REG;LOOP_1~folding=1;LOOP_2~folding=1;FUNC_1~func=inline
1152,21,355,293,731,22,3458,1056,44,10.13,720,0,0,array=RAM,array=RAM,array=REG,unroll_times=0,unroll_times=0,func=inline,ARRAY_1~array=RAM;ARRAY_2~array=RAM;ARRAY_3~array=REG;LOOP_1~unroll_times=0;LOOP_2~unroll_times=0;FUNC_1~func=inline
1152,21,355,293,731,22,3458,1056,44,10.13,720,0,-50,array=RAM,array=RAM,array=REG,unroll_times=0,unroll_times=0,func=inline,ARRAY_1~array=RAM;ARRAY_2~array=RAM;ARRAY_3~array=REG;LOOP_1~unroll_times=0;LOOP_2~unroll_times=0;FUNC_1~func=inline
1152,21,355,293,731,22,3458,1056,44,10.13,720,0,-100,array=RAM,array=RAM,array=REG,unroll_times=0,unroll_times=0,func=inline,ARRAY_1~array=RAM;ARRAY_2~array=RAM;ARRAY_3~array=REG;LOOP_1~unroll_times=0;LOOP_2~unroll_times=0;FUNC_1~func=inline
1254,30,289,327,865,32,3614,1093,68,15.25,720,0,0,array=RAM,array=RAM,array=REG,unroll_times=0,folding=1,func=inline,ARRAY_1~array=RAM;ARRAY_2~array=RAM;ARRAY_3~array=REG;LOOP_1~unroll_times=0;LOOP_2~folding=1;FUNC_1~func=inline
1254,30,289,327,865,32,3614,1093,68,15.25,720,0,-50,array=RAM,array=RAM,array=REG,unroll_times=0,folding=1,func=inline,ARRAY_1~array=RAM;ARRAY_2~array=RAM;ARRAY_3~array=REG;LOOP_1~unroll_times=0;LOOP_2~folding=1;FUNC_1~func=inline
1254,30,289,327,865,32,3614,1093,68,15.25,720,0,-100,array=RAM,array=RAM,array=REG,unroll_times=0,folding=1,func=inline,ARRAY_1~array=RAM;ARRAY_2~array=RAM;ARRAY_3~array=REG;LOOP_1~unroll_times=0;LOOP_2~folding=1;FUNC_1~func=inline
1312,30,320,327,898,32,3801,1186,62,10.63,720,0,0,array=RAM,array=RAM,array=REG,folding=1,unroll_times=0,func=inline,ARRAY_1~array=RAM;ARRAY_2~array=RAM;ARRAY_3~array=REG;LOOP_1~folding=1;LOOP_2~unroll_times=0;FUNC_1~func=inline
1312,30,320,327,898,32,3801,1186,62,10.63,720,0,-50,array=RAM,array=RAM,array=REG,folding=1,unroll_times=0,func=inline,ARRAY_1~array=RAM;ARRAY_2~array=RAM;ARRAY_3~array=REG;LOOP_1~folding=1;LOOP_2~unroll_times=0;FUNC_1~func=inline
1312,30,320,327,898,32,3801,1186,62,10.63,720,0,-100,array=RAM,array=RAM,array=REG,folding=1,unroll_times=0,func=inline,ARRAY_1~array=RAM;ARRAY_2~array=RAM;ARRAY_3~array=REG;LOOP_1~folding=1;LOOP_2~unroll_times=0;FUNC_1~func=inline
1394,32,287,296,992,33,4053,1172,82,10.54,720,0,0,array=RAM,array=RAM,array=REG,folding=1,folding=1,func=inline,ARRAY_1~array=RAM;ARRAY_2~array=RAM;ARRAY_3~array=REG;LOOP_1~folding=1;LOOP_2~folding=1;FUNC_1~func=inline
1394,32,287,296,992,33,4053,1172,82,10.54,720,0,-50,array=RAM,array=RAM,array=REG,folding=1,folding=1,func=inline,ARRAY_1~array=RAM;ARRAY_2~array=RAM;ARRAY_3~array=REG;LOOP_1~folding=1;LOOP_2~folding=1;FUNC_1~func=inline
1394,32,287,296,992,33,4053,1172,82,10.54,720,0,-100,array=RAM,array=RAM,array=REG,folding=1,folding=1,func=inline,ARRAY_1~array=RAM;ARRAY_2~array=RAM;ARRAY_3~array=REG;LOOP_1~folding=1;LOOP_2~folding=1;FUNC_1~func=inline
7804,22,355,594,7328,23,18707,2956,98,13.85,400,0,0,array=RAM,array=EXPAND+array_index=const,array=REG,unroll_times=0,unroll_times=0,func=inline,ARRAY_1~array=RAM;ARRAY_2~array=EXPAND+array_index=const;ARRAY_3~array=REG;LOOP_1~unroll_times=0;LOOP_2~unroll_times=0;FUNC_1~func=inline
7804,22,355,594,7328,23,18707,2956,98,13.85,400,0,-50,array=RAM,array=EXPAND+array_index=const,array=REG,unroll_times=0,unroll_times=0,func=inline,ARRAY_1~array=RAM;ARRAY_2~array=EXPAND+array_index=const;ARRAY_3~array=REG;LOOP_1~unroll_times=0;LOOP_2~unroll_times=0;FUNC_1~func=inline
7478,22,355,561,6991,23,17822,2773,109,13.85,400,0,-100,array=RAM,array=EXPAND+array_index=const,array=REG,unroll_times=0,unroll_times=0,func=inline,ARRAY_1~array=RAM;ARRAY_2~array=EXPAND+array_index=const;ARRAY_3~array=REG;LOOP_1~unroll_times=0;LOOP_2~unroll_times=0;FUNC_1~func=inline
8017,31,322,660,7528,33,19531,3198,134,15.725,400,0,0,array=RAM,array=EXPAND+array_index=const,array=REG,unroll_times=0,folding=1,func=inline,ARRAY_1~array=RAM;ARRAY_2~array=EXPAND+array_index=const;ARRAY_3~array=REG;LOOP_1~unroll_times=0;LOOP_2~folding=1;FUNC_1~func=inline
8017,31,322,660,7528,33,19531,3198,134,15.725,400,0,-50,array=RAM,array=EXPAND+array_index=const,array=REG,unroll_times=0,folding=1,func=inline,ARRAY_1~array=RAM;ARRAY_2~array=EXPAND+array_index=const;ARRAY_3~array=REG;LOOP_1~unroll_times=0;LOOP_2~folding=1;FUNC_1~func=inline
7684,31,322,627,7194,33,18500,2961,135,14.91,400,0,-100,array=RAM,array=EXPAND+array_index=const,array=REG,unroll_times=0,folding=1,func=inline,ARRAY_1~array=RAM;ARRAY_2~array=EXPAND+array_index=const;ARRAY_3~array=REG;LOOP_1~unroll_times=0;LOOP_2~folding=1;FUNC_1~func=inline
7915,28,287,656,7480,33,19093,3072,115,14.7,400,0,0,array=RAM,array=EXPAND+array_index=const,array=REG,folding=1,unroll_times=0,func=inline,ARRAY_1~array=RAM;ARRAY_2~array=EXPAND+array_index=const;ARRAY_3~array=REG;LOOP_1~folding=1;LOOP_2~unroll_times=0;FUNC_1~func=inline
7915,28,287,656,7480,33,19093,3072,115,14.7,400,0,-50,array=RAM,array=EXPAND+array_index=const,array=REG,folding=1,unroll_times=0,func=inline,ARRAY_1~array=RAM;ARRAY_2~array=EXPAND+array_index=const;ARRAY_3~array=REG;LOOP_1~folding=1;LOOP_2~unroll_times=0;FUNC_1~func=inline
7850,28,287,623,7415,33,18666,2939,115,14.7,400,0,-100,array=RAM,array=EXPAND+array_index=const,array=REG,folding=1,unroll_times=0,func=inline,ARRAY_1~array=RAM;ARRAY_2~array=EXPAND+array_index=const;ARRAY_3~array=REG;LOOP_1~folding=1;LOOP_2~unroll_times=0;FUNC_1~func=inline
8563,28,320,722,8027,42,21174,3380,174,15.725,400,0,0,array=RAM,array=EXPAND+array_index=const,array=REG,folding=1,folding=1,func=inline,ARRAY_1~array=RAM;ARRAY_2~array=EXPAND+array_index=const;ARRAY_3~array=REG;LOOP_1~folding=1;LOOP_2~folding=1;FUNC_1~func=inline
8563,28,320,722,8027,42,21174,3380,174,15.725,400,0,-50,array=RAM,array=EXPAND+array_index=const,array=REG,folding=1,folding=1,func=inline,ARRAY_1~array=RAM;ARRAY_2~array=EXPAND+array_index=const;ARRAY_3~array=REG;LOOP_1~folding=1;LOOP_2~folding=1;FUNC_1~func=inline
6586,31,254,653,6137,42,16557,2547,153,14.0125,400,0,-100,array=RAM,array=EXPAND+array_index=const,array=REG,folding=1,folding=1,func=inline,ARRAY_1~array=RAM;ARRAY_2~array=EXPAND+array_index=const;ARRAY_3~array=REG;LOOP_1~folding=1;LOOP_2~folding=1;FUNC_1~func=inline
2209,9,421,302,1699,9,6342,1521,80,14.293,640,0,0,array=EXPAND+array_index=const,array=REG,array=REG,unroll_times=0,unroll_times=0,func=inline,ARRAY_1~array=EXPAND+array_index=const;ARRAY_2~array=REG;ARRAY_3~array=REG;LOOP_1~unroll_times=0;LOOP_2~unroll_times=0;FUNC_1~func=inline
2378,10,388,367,1877,10,7126,1753,103,13.573,640,0,-50,array=EXPAND+array_index=const,array=REG,array=REG,unroll_times=0,unroll_times=0,func=inline,ARRAY_1~array=EXPAND+array_index=const;ARRAY_2~array=REG;ARRAY_3~array=REG;LOOP_1~unroll_times=0;LOOP_2~unroll_times=0;FUNC_1~func=inline
2058,12,388,303,1585,12,5789,1410,73,9.548,640,0,-100,array=EXPAND+array_index=const,array=REG,array=REG,unroll_times=0,unroll_times=0,func=inline,ARRAY_1~array=EXPAND+array_index=const;ARRAY_2~array=REG;ARRAY_3~array=REG;LOOP_1~unroll_times=0;LOOP_2~unroll_times=0;FUNC_1~func=inline
2276,18,388,304,1786,18,6627,1605,84,17.86,640,0,0,array=EXPAND+array_index=const,array=REG,array=REG,unroll_times=0,folding=1,func=inline,ARRAY_1~array=EXPAND+array_index=const;ARRAY_2~array=REG;ARRAY_3~array=REG;LOOP_1~unroll_times=0;LOOP_2~folding=1;FUNC_1~func=inline
2276,18,388,304,1786,18,6627,1605,84,17.86,640,0,-50,array=EXPAND+array_index=const,array=REG,array=REG,unroll_times=0,folding=1,func=inline,ARRAY_1~array=EXPAND+array_index=const;ARRAY_2~array=REG;ARRAY_3~array=REG;LOOP_1~unroll_times=0;LOOP_2~folding=1;FUNC_1~func=inline
2123,20,322,304,1699,21,6106,1486,81,13.753,640,0,-100,array=EXPAND+array_index=const,array=REG,array=REG,unroll_times=0,folding=1,func=inline,ARRAY_1~array=EXPAND+array_index=const;ARRAY_2~array=REG;ARRAY_3~array=REG;LOOP_1~unroll_times=0;LOOP_2~folding=1;FUNC_1~func=inline
2258,18,419,365,1737,18,6683,1663,84,14.22,640,0,0,array=EXPAND+array_index=const,array=REG,array=REG,folding=1,unroll_times=0,func=inline,ARRAY_1~array=EXPAND+array_index=const;ARRAY_2~array=REG;ARRAY_3~array=REG;LOOP_1~folding=1;LOOP_2~unroll_times=0;FUNC_1~func=inline
2340,19,452,428,1775,19,6819,1782,94,13.273,640,0,-50,array=EXPAND+array_index=const,array=REG,array=REG,folding=1,unroll_times=0,func=inline,ARRAY_1~array=EXPAND+array_index=const;ARRAY_2~array=REG;ARRAY_3~array=REG;LOOP_1~folding=1;LOOP_2~unroll_times=0;FUNC_1~func=inline
2110,20,386,364,1618,21,5889,1544,85,12.143,640,0,-100,array=EXPAND+array_index=const,array=REG,array=REG,folding=1,unroll_times=0,func=inline,ARRAY_1~array=EXPAND+array_index=const;ARRAY_2~array=REG;ARRAY_3~array=REG;LOOP_1~folding=1;LOOP_2~unroll_times=0;FUNC_1~func=inline
2077,16,419,428,1493,27,6244,1777,138,13.223,640,0,0,array=EXPAND+array_index=const,array=REG,array=REG,folding=1,folding=1,func=inline,ARRAY_1~array=EXPAND+array_index=const;ARRAY_2~array=REG;ARRAY_3~array=REG;LOOP_1~folding=1;LOOP_2~folding=1;FUNC_1~func=inline
2077,16,419,428,1493,27,6244,1777,138,13.223,640,0,-50,array=EXPAND+array_index=const,array=REG,array=REG,folding=1,folding=1,func=inline,ARRAY_1~array=EXPAND+array_index=const;ARRAY_2~array=REG;ARRAY_3~array=REG;LOOP_1~folding=1;LOOP_2~folding=1;FUNC_1~func=inline
2077,16,419,428,1493,27,6244,1777,138,13.223,640,0,-100,array=EXPAND+array_index=const,array=REG,array=REG,folding=1,folding=1,func=inline,ARRAY_1~array=EXPAND+array_index=const;ARRAY_2~array=REG;ARRAY_3~array=REG;LOOP_1~folding=1;LOOP_2~folding=1;FUNC_1~func=inline
2425,9,388,302,1924,9,7113,1615,104,16.503,640,0,0,array=EXPAND+array_index=const,array=RAM,array=REG,unroll_times=0,unroll_times=0,func=inline,ARRAY_1~array=EXPAND+array_index=const;ARRAY_2~array=RAM;ARRAY_3~array=REG;LOOP_1~unroll_times=0;LOOP_2~unroll_times=0;FUNC_1~func=inline
2442,10,355,303,1969,10,7096,1632,108,14.303,640,0,-50,array=EXPAND+array_index=const,array=RAM,array=REG,unroll_times=0,unroll_times=0,func=inline,ARRAY_1~array=EXPAND+array_index=const;ARRAY_2~array=RAM;ARRAY_3~array=REG;LOOP_1~unroll_times=0;LOOP_2~unroll_times=0;FUNC_1~func=inline
2146,12,322,303,1713,12,6266,1497,99,15.74,640,0,-100,array=EXPAND+array_index=const,array=RAM,array=REG,unroll_times=0,unroll_times=0,func=inline,ARRAY_1~array=EXPAND+array_index=const;ARRAY_2~array=RAM;ARRAY_3~array=REG;LOOP_1~unroll_times=0;LOOP_2~unroll_times=0;FUNC_1~func=inline
2483,18,355,304,2011,18,7316,1658,99,22.753,640,0,0,array=EXPAND+array_index=const,array=RAM,array=REG,unroll_times=0,folding=1,func=inline,ARRAY_1~array=EXPAND+array_index=const;ARRAY_2~array=RAM;ARRAY_3~array=REG;LOOP_1~unroll_times=0;LOOP_2~folding=1;FUNC_1~func=inline
2483,18,355,304,2011,18,7316,1658,99,22.753,640,0,-50,array=EXPAND+array_index=const,array=RAM,array=REG,unroll_times=0,folding=1,func=inline,ARRAY_1~array=EXPAND+array_index=const;ARRAY_2~array=RAM;ARRAY_3~array=REG;LOOP_1~unroll_times=0;LOOP_2~folding=1;FUNC_1~func=inline
2413,20,355,304,1925,21,7013,1650,112,16.803,640,0,-100,array=EXPAND+array_index=const,array=RAM,array=REG,unroll_times=0,folding=1,func=inline,ARRAY_1~array=EXPAND+array_index=const;ARRAY_2~array=RAM;ARRAY_3~array=REG;LOOP_1~unroll_times=0;LOOP_2~folding=1;FUNC_1~func=inline
2386,18,452,333,1834,18,6733,1636,82,15.823,640,0,0,array=EXPAND+array_index=const,array=RAM,array=REG,folding=1,unroll_times=0,func=inline,ARRAY_1~array=EXPAND+array_index=const;ARRAY_2~array=RAM;ARRAY_3~array=REG;LOOP_1~folding=1;LOOP_2~unroll_times=0;FUNC_1~func=inline
2334,19,452,332,1775,19,6636,1613,88,14.003,640,0,-50,array=EXPAND+array_index=const,array=RAM,array=REG,folding=1,unroll_times=0,func=inline,ARRAY_1~array=EXPAND+array_index=const;ARRAY_2~array=RAM;ARRAY_3~array=REG;LOOP_1~folding=1;LOOP_2~unroll_times=0;FUNC_1~func=inline
2099,20,386,332,1615,21,5962,1475,77,13.273,640,0,-100,array=EXPAND+array_index=const,array=RAM,array=REG,folding=1,unroll_times=0,func=inline,ARRAY_1~array=EXPAND+array_index=const;ARRAY_2~array=RAM;ARRAY_3~array=REG;LOOP_1~folding=1;LOOP_2~unroll_times=0;FUNC_1~func=inline
2171,16,419,396,1585,27,6470,1782,140,16.033,640,0,0,array=EXPAND+array_index=const,array=RAM,array=REG,folding=1,folding=1,func=inline,ARRAY_1~array=EXPAND+array_index=const;ARRAY_2~array=RAM;ARRAY_3~array=REG;LOOP_1~folding=1;LOOP_2~folding=1;FUNC_1~func=inline
2171,16,419,396,1585,27,6470,1782,140,16.033,640,0,-50,array=EXPAND+array_index=const,array=RAM,array=REG,folding=1,folding=1,func=inline,ARRAY_1~array=EXPAND+array_index=const;ARRAY_2~array=RAM;ARRAY_3~array=REG;LOOP_1~folding=1;LOOP_2~folding=1;FUNC_1~func=inline
2171,16,419,396,1585,27,6470,1782,140,16.033,640,0,-100,array=EXPAND+array_index=const,array=RAM,array=REG,folding=1,folding=1,func=inline,ARRAY_1~array=EXPAND+array_index=const;ARRAY_2~array=RAM;ARRAY_3~array=REG;LOOP_1~folding=1;LOOP_2~folding=1;FUNC_1~func=inline
9012,10,454,627,8389,10,22295,3617,159,15.65,320,0,0,array=EXPAND+array_index=const,array=EXPAND+array_index=const,array=REG,unroll_times=0,unroll_times=0,func=inline,ARRAY_1~array=EXPAND+array_index=const;ARRAY_2~array=EXPAND+array_index=const;ARRAY_3~array=REG;LOOP_1~unroll_times=0;LOOP_2~unroll_times=0;FUNC_1~func=inline
8876,11,355,660,8377,11,21838,3614,133,17.523,320,0,-50,array=EXPAND+array_index=const,array=EXPAND+array_index=const,array=REG,unroll_times=0,unroll_times=0,func=inline,ARRAY_1~array=EXPAND+array_index=const;ARRAY_2~array=EXPAND+array_index=const;ARRAY_3~array=REG;LOOP_1~unroll_times=0;LOOP_2~unroll_times=0;FUNC_1~func=inline
6958,13,256,628,6550,13,17431,2895,139,11.683,320,0,-100,array=EXPAND+array_index=const,array=EXPAND+array_index=const,array=REG,unroll_times=0,unroll_times=0,func=inline,ARRAY_1~array=EXPAND+array_index=const;ARRAY_2~array=EXPAND+array_index=const;ARRAY_3~array=REG;LOOP_1~unroll_times=0;LOOP_2~unroll_times=0;FUNC_1~func=inline
9168,19,388,633,8615,19,22717,3612,146,18.33,320,0,0,array=EXPAND+array_index=const,array=EXPAND+array_index=const,array=REG,unroll_times=0,folding=1,func=inline,ARRAY_1~array=EXPAND+array_index=const;ARRAY_2~array=EXPAND+array_index=const;ARRAY_3~array=REG;LOOP_1~unroll_times=0;LOOP_2~folding=1;FUNC_1~func=inline
9168,19,388,633,8615,19,22717,3612,146,18.33,320,0,-50,array=EXPAND+array_index=const,array=EXPAND+array_index=const,array=REG,unroll_times=0,folding=1,func=inline,ARRAY_1~array=EXPAND+array_index=const;ARRAY_2~array=EXPAND+array_index=const;ARRAY_3~array=REG;LOOP_1~unroll_times=0;LOOP_2~folding=1;FUNC_1~func=inline
6969,21,223,629,6596,22,17461,2897,128,10.268,320,0,-100,array=EXPAND+array_index=const,array=EXPAND+array_index=const,array=REG,unroll_times=0,folding=1,func=inline,ARRAY_1~array=EXPAND+array_index=const;ARRAY_2~array=EXPAND+array_index=const;ARRAY_3~array=REG;LOOP_1~unroll_times=0;LOOP_2~folding=1;FUNC_1~func=inline
9178,19,452,693,8545,19,22820,3780,162,15.823,320,0,0,array=EXPAND+array_index=const,array=EXPAND+array_index=const,array=REG,folding=1,unroll_times=0,func=inline,ARRAY_1~array=EXPAND+array_index=const;ARRAY_2~array=EXPAND+array_index=const;ARRAY_3~array=REG;LOOP_1~folding=1;LOOP_2~unroll_times=0;FUNC_1~func=inline
8851,20,419,689,8287,21,21628,3578,124,16.383,320,0,-50,array=EXPAND+array_index=const,array=EXPAND+array_index=const,array=REG,folding=1,unroll_times=0,func=inline,ARRAY_1~array=EXPAND+array_index=const;ARRAY_2~array=EXPAND+array_index=const;ARRAY_3~array=REG;LOOP_1~folding=1;LOOP_2~unroll_times=0;FUNC_1~func=inline
6758,21,288,625,6318,22,16599,2822,130,9.458,320,0,-100,array=EXPAND+array_index=const,array=EXPAND+array_index=const,array=REG,folding=1,unroll_times=0,func=inline,ARRAY_1~array=EXPAND+array_index=const;ARRAY_2~array=EXPAND+array_index=const;ARRAY_3~array=REG;LOOP_1~folding=1;LOOP_2~unroll_times=0;FUNC_1~func=inline
9190,17,386,693,8608,27,23257,3634,169,16.383,320,0,0,array=EXPAND+array_index=const,array=EXPAND+array_index=const,array=REG,folding=1,folding=1,func=inline,ARRAY_1~array=EXPAND+array_index=const;ARRAY_2~array=EXPAND+array_index=const;ARRAY_3~array=REG;LOOP_1~folding=1;LOOP_2~folding=1;FUNC_1~func=inline
9190,17,386,693,8608,27,23257,3634,169,16.383,320,0,-50,array=EXPAND+array_index=const,array=EXPAND+array_index=const,array=REG,folding=1,folding=1,func=inline,ARRAY_1~array=EXPAND+array_index=const;ARRAY_2~array=EXPAND+array_index=const;ARRAY_3~array=REG;LOOP_1~folding=1;LOOP_2~folding=1;FUNC_1~func=inline
8888,17,386,660,8305,27,22282,3430,170,16.383,320,0,-100,array=EXPAND+array_index=const,array=EXPAND+array_index=const,array=REG,folding=1,folding=1,func=inline,ARRAY_1~array=EXPAND+array_index=const;ARRAY_2~array=EXPAND+array_index=const;ARRAY_3~array=REG;LOOP_1~folding=1;LOOP_2~folding=1;FUNC_1~func=inline
1212,21,388,196,761,22,3454,1061,41,13.35,720,0,0,array=REG,array=REG,array=RAM,unroll_times=0,unroll_times=0,func=inline,ARRAY_1~array=REG;ARRAY_2~array=REG;ARRAY_3~array=RAM;LOOP_1~unroll_times=0;LOOP_2~unroll_times=0;FUNC_1~func=inline
1212,21,388,196,761,22,3454,1061,41,13.35,720,0,-50,array=REG,array=REG,array=RAM,unroll_times=0,unroll_times=0,func=inline,ARRAY_1~array=REG;ARRAY_2~array=REG;ARRAY_3~array=RAM;LOOP_1~unroll_times=0;LOOP_2~unroll_times=0;FUNC_1~func=inline
948,21,322,226,564,22,2775,863,40,13.78,720,0,-100,array=REG,array=REG,array=RAM,unroll_times=0,unroll_times=0,func=inline,ARRAY_1~array=REG;ARRAY_2~array=REG;ARRAY_3~array=RAM;LOOP_1~unroll_times=0;LOOP_2~unroll_times=0;FUNC_1~func=inline
1328,30,388,232,856,33,3914,1158,51,13.63,720,0,0,array=REG,array=REG,array=RAM,unroll_times=0,folding=1,func=inline,ARRAY_1~array=REG;ARRAY_2~array=REG;ARRAY_3~array=RAM;LOOP_1~unroll_times=0;LOOP_2~folding=1;FUNC_1~func=inline
1328,30,388,232,856,33,3914,1158,51,13.63,720,0,-50,array=REG,array=REG,array=RAM,unroll_times=0,folding=1,func=inline,ARRAY_1~array=REG;ARRAY_2~array=REG;ARRAY_3~array=RAM;LOOP_1~unroll_times=0;LOOP_2~folding=1;FUNC_1~func=inline
1328,30,388,232,856,33,3914,1158,51,13.63,720,0,-100,array=REG,array=REG,array=RAM,unroll_times=0,folding=1,func=inline,ARRAY_1~array=REG;ARRAY_2~array=REG;ARRAY_3~array=RAM;LOOP_1~unroll_times=0;LOOP_2~folding=1;FUNC_1~func=inline
1068,30,386,195,600,33,3080,997,49,12.93,720,0,0,array=REG,array=REG,array=RAM,folding=1,unroll_times=0,func=inline,ARRAY_1~array=REG;ARRAY_2~array=REG;ARRAY_3~array=RAM;LOOP_1~folding=1;LOOP_2~unroll_times=0;FUNC_1~func=inline
1068,30,386,195,600,33,3080,997,49,12.93,720,0,-50,array=REG,array=REG,array=RAM,folding=1,unroll_times=0,func=inline,ARRAY_1~array=REG;ARRAY_2~array=REG;ARRAY_3~array=RAM;LOOP_1~folding=1;LOOP_2~unroll_times=0;FUNC_1~func=inline
1107,30,386,260,638,33,3188,1032,50,13.78,720,0,-100,array=REG,array=REG,array=RAM,folding=1,unroll_times=0,func=inline,ARRAY_1~array=REG;ARRAY_2~array=REG;ARRAY_3~array=RAM;LOOP_1~folding=1;LOOP_2~unroll_times=0;FUNC_1~func=inline
940,31,320,195,536,34,2730,947,50,13.81,720,0,0,array=REG,array=REG,array=RAM,folding=1,folding=1,func=inline,ARRAY_1~array=REG;ARRAY_2~array=REG;ARRAY_3~array=RAM;LOOP_1~folding=1;LOOP_2~folding=1;FUNC_1~func=inline
940,31,320,195,536,34,2730,947,50,13.81,720,0,-50,array=REG,array=REG,array=RAM,folding=1,folding=1,func=inline,ARRAY_1~array=REG;ARRAY_2~array=REG;ARRAY_3~array=RAM;LOOP_1~folding=1;LOOP_2~folding=1;FUNC_1~func=inline
940,31,320,195,536,34,2730,947,50,13.81,720,0,-100,array=REG,array=REG,array=RAM,folding=1,folding=1,func=inline,ARRAY_1~array=REG;ARRAY_2~array=REG;ARRAY_3~array=RAM;LOOP_1~folding=1;LOOP_2~folding=1;FUNC_1~func=inline
1221,21,355,196,802,22,3640,1002,42,13.12,720,0,0,array=REG,array=RAM,array=RAM,unroll_times=0,unroll_times=0,func=inline,ARRAY_1~array=REG;ARRAY_2~array=RAM;ARRAY_3~array=RAM;LOOP_1~unroll_times=0;LOOP_2~unroll_times=0;FUNC_1~func=inline
1221,21,355,196,802,22,3640,1002,42,13.12,720,0,-50,array=REG,array=RAM,array=RAM,unroll_times=0,unroll_times=0,func=inline,ARRAY_1~array=REG;ARRAY_2~array=RAM;ARRAY_3~array=RAM;LOOP_1~unroll_times=0;LOOP_2~unroll_times=0;FUNC_1~func=inline
1083,21,322,195,699,22,3110,931,40,12.64,720,0,-100,array=REG,array=RAM,array=RAM,unroll_times=0,unroll_times=0,func=inline,ARRAY_1~array=REG;ARRAY_2~array=RAM;ARRAY_3~array=RAM;LOOP_1~unroll_times=0;LOOP_2~unroll_times=0;FUNC_1~func=inline
1201,30,388,228,729,33,3535,1065,51,12.55,720,0,0,array=REG,array=RAM,array=RAM,unroll_times=0,folding=1,func=inline,ARRAY_1~array=REG;ARRAY_2~array=RAM;ARRAY_3~array=RAM;LOOP_1~unroll_times=0;LOOP_2~folding=1;FUNC_1~func=inline
1201,30,388,228,729,33,3535,1065,51,12.55,720,0,-50,array=REG,array=RAM,array=RAM,unroll_times=0,folding=1,func=inline,ARRAY_1~array=REG;ARRAY_2~array=RAM;ARRAY_3~array=RAM;LOOP_1~unroll_times=0;LOOP_2~folding=1;FUNC_1~func=inline
1201,30,388,228,729,33,3535,1065,51,12.55,720,0,-100,array=REG,array=RAM,array=RAM,unroll_times=0,folding=1,func=inline,ARRAY_1~array=REG;ARRAY_2~array=RAM;ARRAY_3~array=RAM;LOOP_1~unroll_times=0;LOOP_2~folding=1;FUNC_1~func=inline
1137,30,320,196,735,33,3226,1001,49,12.93,720,0,0,array=REG,array=RAM,array=RAM,folding=1,unroll_times=0,func=inline,ARRAY_1~array=REG;ARRAY_2~array=RAM;ARRAY_3~array=RAM;LOOP_1~folding=1;LOOP_2~unroll_times=0;FUNC_1~func=inline
1137,30,320,196,735,33,3226,1001,49,12.93,720,0,-50,array=REG,array=RAM,array=RAM,folding=1,unroll_times=0,func=inline,ARRAY_1~array=REG;ARRAY_2~array=RAM;ARRAY_3~array=RAM;LOOP_1~folding=1;LOOP_2~unroll_times=0;FUNC_1~func=inline
1239,30,353,228,800,33,3619,1101,53,12.64,720,0,-100,array=REG,array=RAM,array=RAM,folding=1,unroll_times=0,func=inline,ARRAY_1~array=REG;ARRAY_2~array=RAM;ARRAY_3~array=RAM;LOOP_1~folding=1;LOOP_2~unroll_times=0;FUNC_1~func=inline
995,31,287,196,625,34,2874,939,49,13.26,720,0,0,array=REG,array=RAM,array=RAM,folding=1,folding=1,func=inline,ARRAY_1~array=REG;ARRAY_2~array=RAM;ARRAY_3~array=RAM;LOOP_1~folding=1;LOOP_2~folding=1;FUNC_1~func=inline
995,31,287,196,625,34,2874,939,49,13.26,720,0,-50,array=REG,array=RAM,array=RAM,folding=1,folding=1,func=inline,ARRAY_1~array=REG;ARRAY_2~array=RAM;ARRAY_3~array=RAM;LOOP_1~folding=1;LOOP_2~folding=1;FUNC_1~func=inline
995,31,287,196,625,34,2874,939,49,13.26,720,0,-100,array=REG,array=RAM,array=RAM,folding=1,folding=1,func=inline,ARRAY_1~array=REG;ARRAY_2~array=RAM;ARRAY_3~array=RAM;LOOP_1~folding=1;LOOP_2~folding=1;FUNC_1~func=inline
7630,23,388,492,7117,24,18011,2751,101,14.84,400,0,0,array=REG,array=EXPAND+array_index=const,array=RAM,unroll_times=0,unroll_times=0,func=inline,ARRAY_1~array=REG;ARRAY_2~array=EXPAND+array_index=const;ARRAY_3~array=RAM;LOOP_1~unroll_times=0;LOOP_2~unroll_times=0;FUNC_1~func=inline
7630,23,388,492,7117,24,18011,2751,101,14.84,400,0,-50,array=REG,array=EXPAND+array_index=const,array=RAM,unroll_times=0,unroll_times=0,func=inline,ARRAY_1~array=REG;ARRAY_2~array=EXPAND+array_index=const;ARRAY_3~array=RAM;LOOP_1~unroll_times=0;LOOP_2~unroll_times=0;FUNC_1~func=inline
7705,23,355,496,7223,24,18367,2793,103,14.04,400,0,-100,array=REG,array=EXPAND+array_index=const,array=RAM,unroll_times=0,unroll_times=0,func=inline,ARRAY_1~array=REG;ARRAY_2~array=EXPAND+array_index=const;ARRAY_3~array=RAM;LOOP_1~unroll_times=0;LOOP_2~unroll_times=0;FUNC_1~func=inline
7712,32,388,497,7176,36,18266,2782,112,14.0255,400,0,0,array=REG,array=EXPAND+array_index=const,array=RAM,unroll_times=0,folding=1,func=inline,ARRAY_1~array=REG;ARRAY_2~array=EXPAND+array_index=const;ARRAY_3~array=RAM;LOOP_1~unroll_times=0;LOOP_2~folding=1;FUNC_1~func=inline
7712,32,388,497,7176,36,18266,2782,112,14.0255,400,0,-50,array=REG,array=EXPAND+array_index=const,array=RAM,unroll_times=0,folding=1,func=inline,ARRAY_1~array=REG;ARRAY_2~array=EXPAND+array_index=const;ARRAY_3~array=RAM;LOOP_1~unroll_times=0;LOOP_2~folding=1;FUNC_1~func=inline
7712,32,388,497,7176,36,18266,2782,112,14.0255,400,0,-100,array=REG,array=EXPAND+array_index=const,array=RAM,unroll_times=0,folding=1,func=inline,ARRAY_1~array=REG;ARRAY_2~array=EXPAND+array_index=const;ARRAY_3~array=RAM;LOOP_1~unroll_times=0;LOOP_2~folding=1;FUNC_1~func=inline
7670,32,419,525,7103,36,18113,2805,112,14.5255,400,0,0,array=REG,array=EXPAND+array_index=const,array=RAM,folding=1,unroll_times=0,func=inline,ARRAY_1~array=REG;ARRAY_2~array=EXPAND+array_index=const;ARRAY_3~array=RAM;LOOP_1~folding=1;LOOP_2~unroll_times=0;FUNC_1~func=inline
7670,32,419,525,7103,36,18113,2805,112,14.5255,400,0,-50,array=REG,array=EXPAND+array_index=const,array=RAM,folding=1,unroll_times=0,func=inline,ARRAY_1~array=REG;ARRAY_2~array=EXPAND+array_index=const;ARRAY_3~array=RAM;LOOP_1~folding=1;LOOP_2~unroll_times=0;FUNC_1~func=inline
7700,32,386,525,7167,36,18300,2866,111,14.5255,400,0,-100,array=REG,array=EXPAND+array_index=const,array=RAM,folding=1,unroll_times=0,func=inline,ARRAY_1~array=REG;ARRAY_2~array=EXPAND+array_index=const;ARRAY_3~array=RAM;LOOP_1~folding=1;LOOP_2~unroll_times=0;FUNC_1~func=inline
6332,31,254,559,5887,40,16078,2471,151,12.5825,400,0,0,array=REG,array=EXPAND+array_index=const,array=RAM,folding=1,folding=1,func=inline,ARRAY_1~array=REG;ARRAY_2~array=EXPAND+array_index=const;ARRAY_3~array=RAM;LOOP_1~folding=1;LOOP_2~folding=1;FUNC_1~func=inline
6332,31,254,559,5887,40,16078,2471,151,12.5825,400,0,-50,array=REG,array=EXPAND+array_index=const,array=RAM,folding=1,folding=1,func=inline,ARRAY_1~array=REG;ARRAY_2~array=EXPAND+array_index=const;ARRAY_3~array=RAM;LOOP_1~folding=1;LOOP_2~folding=1;FUNC_1~func=inline
6332,31,254,559,5887,40,16078,2471,151,12.5825,400,0,-100,array=REG,array=EXPAND+array_index=const,array=RAM,folding=1,folding=1,func=inline,ARRAY_1~array=REG;ARRAY_2~array=EXPAND+array_index=const;ARRAY_3~array=RAM;LOOP_1~folding=1;LOOP_2~folding=1;FUNC_1~func=inline
1121,23,289,229,762,24,3305,1032,46,9.8701,720,0,0,array=RAM,array=REG,array=RAM,unroll_times=0,unroll_times=0,func=inline,ARRAY_1~array=RAM;ARRAY_2~array=REG;ARRAY_3~array=RAM;LOOP_1~unroll_times=0;LOOP_2~unroll_times=0;FUNC_1~func=inline
1121,23,289,229,762,24,3305,1032,46,9.8701,720,0,-50,array=RAM,array=REG,array=RAM,unroll_times=0,unroll_times=0,func=inline,ARRAY_1~array=RAM;ARRAY_2~array=REG;ARRAY_3~array=RAM;LOOP_1~unroll_times=0;LOOP_2~unroll_times=0;FUNC_1~func=inline
1121,23,289,229,762,24,3305,1032,46,9.8701,720,0,-100,array=RAM,array=REG,array=RAM,unroll_times=0,unroll_times=0,func=inline,ARRAY_1~array=RAM;ARRAY_2~array=REG;ARRAY_3~array=RAM;LOOP_1~unroll_times=0;LOOP_2~unroll_times=0;FUNC_1~func=inline
1132,33,289,332,737,36,3379,1079,70,17.71,720,0,0,array=RAM,array=REG,array=RAM,unroll_times=0,folding=1,func=inline,ARRAY_1~array=RAM;ARRAY_2~array=REG;ARRAY_3~array=RAM;LOOP_1~unroll_times=0;LOOP_2~folding=1;FUNC_1~func=inline
1132,33,289,332,737,36,3379,1079,70,17.71,720,0,-50,array=RAM,array=REG,array=RAM,unroll_times=0,folding=1,func=inline,ARRAY_1~array=RAM;ARRAY_2~array=REG;ARRAY_3~array=RAM;LOOP_1~unroll_times=0;LOOP_2~folding=1;FUNC_1~func=inline
1132,33,289,332,737,36,3379,1079,70,17.71,720,0,-100,array=RAM,array=REG,array=RAM,unroll_times=0,folding=1,func=inline,ARRAY_1~array=RAM;ARRAY_2~array=REG;ARRAY_3~array=RAM;LOOP_1~unroll_times=0;LOOP_2~folding=1;FUNC_1~func=inline
1249,32,287,295,864,34,3636,1163,64,12.94,720,0,0,array=RAM,array=REG,array=RAM,folding=1,unroll_times=0,func=inline,ARRAY_1~array=RAM;ARRAY_2~array=REG;ARRAY_3~array=RAM;LOOP_1~folding=1;LOOP_2~unroll_times=0;FUNC_1~func=inline
1249,32,287,295,864,34,3636,1163,64,12.94,720,0,-50,array=RAM,array=REG,array=RAM,folding=1,unroll_times=0,func=inline,ARRAY_1~array=RAM;ARRAY_2~array=REG;ARRAY_3~array=RAM;LOOP_1~folding=1;LOOP_2~unroll_times=0;FUNC_1~func=inline
1249,32,287,295,864,34,3636,1163,64,12.94,720,0,-100,array=RAM,array=REG,array=RAM,folding=1,unroll_times=0,func=inline,ARRAY_1~array=RAM;ARRAY_2~array=REG;ARRAY_3~array=RAM;LOOP_1~folding=1;LOOP_2~unroll_times=0;FUNC_1~func=inline
1276,34,320,297,839,36,3754,1186,81,11.59,720,0,0,array=RAM,array=REG,array=RAM,folding=1,folding=1,func=inline,ARRAY_1~array=RAM;ARRAY_2~array=REG;ARRAY_3~array=RAM;LOOP_1~folding=1;LOOP_2~folding=1;FUNC_1~func=inline
1276,34,320,297,839,36,3754,1186,81,11.59,720,0,-50,array=RAM,array=REG,array=RAM,folding=1,folding=1,func=inline,ARRAY_1~array=RAM;ARRAY_2~array=REG;ARRAY_3~array=RAM;LOOP_1~folding=1;LOOP_2~folding=1;FUNC_1~func=inline
1276,34,320,297,839,36,3754,1186,81,11.59,720,0,-100,array=RAM,array=REG,array=RAM,folding=1,folding=1,func=inline,ARRAY_1~array=RAM;ARRAY_2~array=REG;ARRAY_3~array=RAM;LOOP_1~folding=1;LOOP_2~folding=1;FUNC_1~func=inline
1057,23,256,229,733,24,3193,969,44,11.4975,720,0,0,array=RAM,array=RAM,array=RAM,unroll_times=0,unroll_times=0,func=inline,ARRAY_1~array=RAM;ARRAY_2~array=RAM;ARRAY_3~array=RAM;LOOP_1~unroll_times=0;LOOP_2~unroll_times=0;FUNC_1~func=inline
1057,23,256,229,733,24,3193,969,44,11.4975,720,0,-50,array=RAM,array=RAM,array=RAM,unroll_times=0,unroll_times=0,func=inline,ARRAY_1~array=RAM;ARRAY_2~array=RAM;ARRAY_3~array=RAM;LOOP_1~unroll_times=0;LOOP_2~unroll_times=0;FUNC_1~func=inline
1057,23,256,229,733,24,3193,969,44,11.4975,720,0,-100,array=RAM,array=RAM,array=RAM,unroll_times=0,unroll_times=0,func=inline,ARRAY_1~array=RAM;ARRAY_2~array=RAM;ARRAY_3~array=RAM;LOOP_1~unroll_times=0;LOOP_2~unroll_times=0;FUNC_1~func=inline
1170,33,289,296,777,36,3551,1015,68,13.81,720,0,0,array=RAM,array=RAM,array=RAM,unroll_times=0,folding=1,func=inline,ARRAY_1~array=RAM;ARRAY_2~array=RAM;ARRAY_3~array=RAM;LOOP_1~unroll_times=0;LOOP_2~folding=1;FUNC_1~func=inline
1170,33,289,296,777,36,3551,1015,68,13.81,720,0,-50,array=RAM,array=RAM,array=RAM,unroll_times=0,folding=1,func=inline,ARRAY_1~array=RAM;ARRAY_2~array=RAM;ARRAY_3~array=RAM;LOOP_1~unroll_times=0;LOOP_2~folding=1;FUNC_1~func=inline
1170,33,289,296,777,36,3551,1015,68,13.81,720,0,-100,array=RAM,array=RAM,array=RAM,unroll_times=0,folding=1,func=inline,ARRAY_1~array=RAM;ARRAY_2~array=RAM;ARRAY_3~array=RAM;LOOP_1~unroll_times=0;LOOP_2~folding=1;FUNC_1~func=inline
1257,32,254,263,905,34,3692,1101,64,12.94,720,0,0,array=RAM,array=RAM,array=RAM,folding=1,unroll_times=0,func=inline,ARRAY_1~array=RAM;ARRAY_2~array=RAM;ARRAY_3~array=RAM;LOOP_1~folding=1;LOOP_2~unroll_times=0;FUNC_1~func=inline
1257,32,254,263,905,34,3692,1101,64,12.94,720,0,-50,array=RAM,array=RAM,array=RAM,folding=1,unroll_times=0,func=inline,ARRAY_1~array=RAM;ARRAY_2~array=RAM;ARRAY_3~array=RAM;LOOP_1~folding=1;LOOP_2~unroll_times=0;FUNC_1~func=inline
1257,32,254,263,905,34,3692,1101,64,12.94,720,0,-100,array=RAM,array=RAM,array=RAM,folding=1,unroll_times=0,func=inline,ARRAY_1~array=RAM;ARRAY_2~array=RAM;ARRAY_3~array=RAM;LOOP_1~folding=1;LOOP_2~unroll_times=0;FUNC_1~func=inline
1342,34,254,265,969,36,3928,1123,83,13.23,720,0,0,array=RAM,array=RAM,array=RAM,folding=1,folding=1,func=inline,ARRAY_1~array=RAM;ARRAY_2~array=RAM;ARRAY_3~array=RAM;LOOP_1~folding=1;LOOP_2~folding=1;FUNC_1~func=inline
1342,34,254,265,969,36,3928,1123,83,13.23,720,0,-50,array=RAM,array=RAM,array=RAM,folding=1,folding=1,func=inline,ARRAY_1~array=RAM;ARRAY_2~array=RAM;ARRAY_3~array=RAM;LOOP_1~folding=1;LOOP_2~folding=1;FUNC_1~func=inline
1342,34,254,265,969,36,3928,1123,83,13.23,720,0,-100,array=RAM,array=RAM,array=RAM,folding=1,folding=1,func=inline,ARRAY_1~array=RAM;ARRAY_2~array=RAM;ARRAY_3~array=RAM;LOOP_1~folding=1;LOOP_2~folding=1;FUNC_1~func=inline
7694,26,355,529,7205,28,18313,2771,106,13.5755,400,0,0,array=RAM,array=EXPAND+array_index=const,array=RAM,unroll_times=0,unroll_times=0,func=inline,ARRAY_1~array=RAM;ARRAY_2~array=EXPAND+array_index=const;ARRAY_3~array=RAM;LOOP_1~unroll_times=0;LOOP_2~unroll_times=0;FUNC_1~func=inline
7694,26,355,529,7205,28,18313,2771,106,13.5755,400,0,-50,array=RAM,array=EXPAND+array_index=const,array=RAM,unroll_times=0,unroll_times=0,func=inline,ARRAY_1~array=RAM;ARRAY_2~array=EXPAND+array_index=const;ARRAY_3~array=RAM;LOOP_1~unroll_times=0;LOOP_2~unroll_times=0;FUNC_1~func=inline
7694,26,355,529,7205,28,18313,2771,106,13.5755,400,0,-100,array=RAM,array=EXPAND+array_index=const,array=RAM,unroll_times=0,unroll_times=0,func=inline,ARRAY_1~array=RAM;ARRAY_2~array=EXPAND+array_index=const;ARRAY_3~array=RAM;LOOP_1~unroll_times=0;LOOP_2~unroll_times=0;FUNC_1~func=inline
7792,35,355,628,7272,38,18607,2967,127,14.2555,400,0,0,array=RAM,array=EXPAND+array_index=const,array=RAM,unroll_times=0,folding=1,func=inline,ARRAY_1~array=RAM;ARRAY_2~array=EXPAND+array_index=const;ARRAY_3~array=RAM;LOOP_1~unroll_times=0;LOOP_2~folding=1;FUNC_1~func=inline
7792,35,355,628,7272,38,18607,2967,127,14.2555,400,0,-50,array=RAM,array=EXPAND+array_index=const,array=RAM,unroll_times=0,folding=1,func=inline,ARRAY_1~array=RAM;ARRAY_2~array=EXPAND+array_index=const;ARRAY_3~array=RAM;LOOP_1~unroll_times=0;LOOP_2~folding=1;FUNC_1~func=inline
7792,35,355,628,7272,38,18607,2967,127,14.2555,400,0,-100,array=RAM,array=EXPAND+array_index=const,array=RAM,unroll_times=0,folding=1,func=inline,ARRAY_1~array=RAM;ARRAY_2~array=EXPAND+array_index=const;ARRAY_3~array=RAM;LOOP_1~unroll_times=0;LOOP_2~folding=1;FUNC_1~func=inline
7755,32,287,624,7323,38,18485,2830,107,14.5255,400,0,0,array=RAM,array=EXPAND+array_index=const,array=RAM,folding=1,unroll_times=0,func=inline,ARRAY_1~array=RAM;ARRAY_2~array=EXPAND+array_index=const;ARRAY_3~array=RAM;LOOP_1~folding=1;LOOP_2~unroll_times=0;FUNC_1~func=inline
7755,32,287,624,7323,38,18485,2830,107,14.5255,400,0,-50,array=RAM,array=EXPAND+array_index=const,array=RAM,folding=1,unroll_times=0,func=inline,ARRAY_1~array=RAM;ARRAY_2~array=EXPAND+array_index=const;ARRAY_3~array=RAM;LOOP_1~folding=1;LOOP_2~unroll_times=0;FUNC_1~func=inline
7755,32,287,624,7323,38,18485,2830,107,14.5255,400,0,-100,array=RAM,array=EXPAND+array_index=const,array=RAM,folding=1,unroll_times=0,func=inline,ARRAY_1~array=RAM;ARRAY_2~array=EXPAND+array_index=const;ARRAY_3~array=RAM;LOOP_1~folding=1;LOOP_2~unroll_times=0;FUNC_1~func=inline
6579,32,254,626,6084,42,16888,2626,199,13.4625,400,0,0,array=RAM,array=EXPAND+array_index=const,array=RAM,folding=1,folding=1,func=inline,ARRAY_1~array=RAM;ARRAY_2~array=EXPAND+array_index=const;ARRAY_3~array=RAM;LOOP_1~folding=1;LOOP_2~folding=1;FUNC_1~func=inline
6579,32,254,626,6084,42,16888,2626,199,13.4625,400,0,-50,array=RAM,array=EXPAND+array_index=const,array=RAM,folding=1,folding=1,func=inline,ARRAY_1~array=RAM;ARRAY_2~array=EXPAND+array_index=const;ARRAY_3~array=RAM;LOOP_1~folding=1;LOOP_2~folding=1;FUNC_1~func=inline
6579,32,254,626,6084,42,16888,2626,199,13.4625,400,0,-100,array=RAM,array=EXPAND+array_index=const,array=RAM,folding=1,folding=1,func=inline,ARRAY_1~array=RAM;ARRAY_2~array=EXPAND+array_index=const;ARRAY_3~array=RAM;LOOP_1~folding=1;LOOP_2~folding=1;FUNC_1~func=inline
2251,12,388,303,1775,12,6700,1547,76,13.36,640,0,0,array=EXPAND+array_index=const,array=REG,array=RAM,unroll_times=0,unroll_times=0,func=inline,ARRAY_1~array=EXPAND+array_index=const;ARRAY_2~array=REG;ARRAY_3~array=RAM;LOOP_1~unroll_times=0;LOOP_2~unroll_times=0;FUNC_1~func=inline
2399,12,388,367,1908,12,7136,1684,91,16.533,640,0,-50,array=EXPAND+array_index=const,array=REG,array=RAM,unroll_times=0,unroll_times=0,func=inline,ARRAY_1~array=EXPAND+array_index=const;ARRAY_2~array=REG;ARRAY_3~array=RAM;LOOP_1~unroll_times=0;LOOP_2~unroll_times=0;FUNC_1~func=inline
2248,14,355,335,1780,14,6495,1503,99,15.993,640,0,-100,array=EXPAND+array_index=const,array=REG,array=RAM,unroll_times=0,unroll_times=0,func=inline,ARRAY_1~array=EXPAND+array_index=const;ARRAY_2~array=REG;ARRAY_3~array=RAM;LOOP_1~unroll_times=0;LOOP_2~unroll_times=0;FUNC_1~func=inline
2433,21,355,304,1957,22,7342,1703,99,17.97,640,0,0,array=EXPAND+array_index=const,array=REG,array=RAM,unroll_times=0,folding=1,func=inline,ARRAY_1~array=EXPAND+array_index=const;ARRAY_2~array=REG;ARRAY_3~array=RAM;LOOP_1~unroll_times=0;LOOP_2~folding=1;FUNC_1~func=inline
2433,21,355,304,1957,22,7342,1703,99,17.97,640,0,-50,array=EXPAND+array_index=const,array=REG,array=RAM,unroll_times=0,folding=1,func=inline,ARRAY_1~array=EXPAND+array_index=const;ARRAY_2~array=REG;ARRAY_3~array=RAM;LOOP_1~unroll_times=0;LOOP_2~folding=1;FUNC_1~func=inline
2379,22,322,308,1928,23,6990,1691,106,18.413,640,0,-100,array=EXPAND+array_index=const,array=REG,array=RAM,unroll_times=0,folding=1,func=inline,ARRAY_1~array=EXPAND+array_index=const;ARRAY_2~array=REG;ARRAY_3~array=RAM;LOOP_1~unroll_times=0;LOOP_2~folding=1;FUNC_1~func=inline
1861,21,353,268,1418,22,5205,1249,68,10.148,640,0,0,array=EXPAND+array_index=const,array=REG,array=RAM,folding=1,unroll_times=0,func=inline,ARRAY_1~array=EXPAND+array_index=const;ARRAY_2~array=REG;ARRAY_3~array=RAM;LOOP_1~folding=1;LOOP_2~unroll_times=0;FUNC_1~func=inline
2203,21,419,364,1678,22,6309,1612,84,14.22,640,0,-50,array=EXPAND+array_index=const,array=REG,array=RAM,folding=1,unroll_times=0,func=inline,ARRAY_1~array=EXPAND+array_index=const;ARRAY_2~array=REG;ARRAY_3~array=RAM;LOOP_1~folding=1;LOOP_2~unroll_times=0;FUNC_1~func=inline
2144,22,386,364,1646,23,5960,1459,89,12.223,640,0,-100,array=EXPAND+array_index=const,array=REG,array=RAM,folding=1,unroll_times=0,func=inline,ARRAY_1~array=EXPAND+array_index=const;ARRAY_2~array=REG;ARRAY_3~array=RAM;LOOP_1~folding=1;LOOP_2~unroll_times=0;FUNC_1~func=inline
2215,19,386,463,1688,27,6709,1786,114,13.813,640,0,0,array=EXPAND+array_index=const,array=REG,array=RAM,folding=1,folding=1,func=inline,ARRAY_1~array=EXPAND+array_index=const;ARRAY_2~array=REG;ARRAY_3~array=RAM;LOOP_1~folding=1;LOOP_2~folding=1;FUNC_1~func=inline
2215,19,386,463,1688,27,6709,1786,114,13.813,640,0,-50,array=EXPAND+array_index=const,array=REG,array=RAM,folding=1,folding=1,func=inline,ARRAY_1~array=EXPAND+array_index=const;ARRAY_2~array=REG;ARRAY_3~array=RAM;LOOP_1~folding=1;LOOP_2~folding=1;FUNC_1~func=inline
2215,19,386,463,1688,27,6709,1786,114,13.813,640,0,-100,array=EXPAND+array_index=const,array=REG,array=RAM,folding=1,folding=1,func=inline,ARRAY_1~array=EXPAND+array_index=const;ARRAY_2~array=REG;ARRAY_3~array=RAM;LOOP_1~folding=1;LOOP_2~folding=1;FUNC_1~func=inline
2406,12,388,271,1911,12,7054,1562,95,13.453,640,0,0,array=EXPAND+array_index=const,array=RAM,array=RAM,unroll_times=0,unroll_times=0,func=inline,ARRAY_1~array=EXPAND+array_index=const;ARRAY_2~array=RAM;ARRAY_3~array=RAM;LOOP_1~unroll_times=0;LOOP_2~unroll_times=0;FUNC_1~func=inline
2408,12,322,271,1976,12,6997,1530,98,14.003,640,0,-50,array=EXPAND+array_index=const,array=RAM,array=RAM,unroll_times=0,unroll_times=0,func=inline,ARRAY_1~array=EXPAND+array_index=const;ARRAY_2~array=RAM;ARRAY_3~array=RAM;LOOP_1~unroll_times=0;LOOP_2~unroll_times=0;FUNC_1~func=inline
2174,14,322,271,1754,14,6419,1457,84,14.89,640,0,-100,array=EXPAND+array_index=const,array=RAM,array=RAM,unroll_times=0,unroll_times=0,func=inline,ARRAY_1~array=EXPAND+array_index=const;ARRAY_2~array=RAM;ARRAY_3~array=RAM;LOOP_1~unroll_times=0;LOOP_2~unroll_times=0;FUNC_1~func=inline
2435,21,355,272,1960,22,7195,1609,98,16.34,640,0,0,array=EXPAND+array_index=const,array=RAM,array=RAM,unroll_times=0,folding=1,func=inline,ARRAY_1~array=EXPAND+array_index=const;ARRAY_2~array=RAM;ARRAY_3~array=RAM;LOOP_1~unroll_times=0;LOOP_2~folding=1;FUNC_1~func=inline
2435,21,355,272,1960,22,7195,1609,98,16.34,640,0,-50,array=EXPAND+array_index=const,array=RAM,array=RAM,unroll_times=0,folding=1,func=inline,ARRAY_1~array=EXPAND+array_index=const;ARRAY_2~array=RAM;ARRAY_3~array=RAM;LOOP_1~unroll_times=0;LOOP_2~folding=1;FUNC_1~func=inline
2376,22,355,272,1900,23,7044,1610,98,16.383,640,0,-100,array=EXPAND+array_index=const,array=RAM,array=RAM,unroll_times=0,folding=1,func=inline,ARRAY_1~array=EXPAND+array_index=const;ARRAY_2~array=RAM;ARRAY_3~array=RAM;LOOP_1~unroll_times=0;LOOP_2~folding=1;FUNC_1~func=inline
1895,21,320,268,1485,22,5284,1220,68,11.4975,640,0,0,array=EXPAND+array_index=const,array=RAM,array=RAM,folding=1,unroll_times=0,func=inline,ARRAY_1~array=EXPAND+array_index=const;ARRAY_2~array=RAM;ARRAY_3~array=RAM;LOOP_1~folding=1;LOOP_2~unroll_times=0;FUNC_1~func=inline
2379,21,386,332,1871,22,6978,1697,100,14.003,640,0,-50,array=EXPAND+array_index=const,array=RAM,array=RAM,folding=1,unroll_times=0,func=inline,ARRAY_1~array=EXPAND+array_index=const;ARRAY_2~array=RAM;ARRAY_3~array=RAM;LOOP_1~folding=1;LOOP_2~unroll_times=0;FUNC_1~func=inline
2040,22,353,300,1587,23,5751,1383,77,13.273,640,0,-100,array=EXPAND+array_index=const,array=RAM,array=RAM,folding=1,unroll_times=0,func=inline,ARRAY_1~array=EXPAND+array_index=const;ARRAY_2~array=RAM;ARRAY_3~array=RAM;LOOP_1~folding=1;LOOP_2~unroll_times=0;FUNC_1~func=inline
2121,19,386,431,1591,27,6498,1728,117,16.653,640,0,0,array=EXPAND+array_index=const,array=RAM,array=RAM,folding=1,folding=1,func=inline,ARRAY_1~array=EXPAND+array_index=const;ARRAY_2~array=RAM;ARRAY_3~array=RAM;LOOP_1~folding=1;LOOP_2~folding=1;FUNC_1~func=inline
2121,19,386,431,1591,27,6498,1728,117,16.653,640,0,-50,array=EXPAND+array_index=const,array=RAM,array=RAM,folding=1,folding=1,func=inline,ARRAY_1~array=EXPAND+array_index=const;ARRAY_2~array=RAM;ARRAY_3~array=RAM;LOOP_1~folding=1;LOOP_2~folding=1;FUNC_1~func=inline
2121,19,386,431,1591,27,6498,1728,117,16.653,640,0,-100,array=EXPAND+array_index=const,array=RAM,array=RAM,folding=1,folding=1,func=inline,ARRAY_1~array=EXPAND+array_index=const;ARRAY_2~array=RAM;ARRAY_3~array=RAM;LOOP_1~folding=1;LOOP_2~folding=1;FUNC_1~func=inline
8950,14,421,595,8358,14,22102,3443,157,20.943,320,0,0,array=EXPAND+array_index=const,array=EXPAND+array_index=const,array=RAM,unroll_times=0,unroll_times=0,func=inline,ARRAY_1~array=EXPAND+array_index=const;ARRAY_2~array=EXPAND+array_index=const;ARRAY_3~array=RAM;LOOP_1~unroll_times=0;LOOP_2~unroll_times=0;FUNC_1~func=inline
8944,14,355,595,8418,14,22094,3439,157,20.943,320,0,-50,array=EXPAND+array_index=const,array=EXPAND+array_index=const,array=RAM,unroll_times=0,unroll_times=0,func=inline,ARRAY_1~array=EXPAND+array_index=const;ARRAY_2~array=EXPAND+array_index=const;ARRAY_3~array=RAM;LOOP_1~unroll_times=0;LOOP_2~unroll_times=0;FUNC_1~func=inline
8669,16,355,600,8131,16,21293,3238,167,15.158,320,0,-100,array=EXPAND+array_index=const,array=EXPAND+array_index=const,array=RAM,unroll_times=0,unroll_times=0,func=inline,ARRAY_1~array=EXPAND+array_index=const;ARRAY_2~array=EXPAND+array_index=const;ARRAY_3~array=RAM;LOOP_1~unroll_times=0;LOOP_2~unroll_times=0;FUNC_1~func=inline
9067,23,388,600,8516,24,22262,3379,139,15.64,320,0,0,array=EXPAND+array_index=const,array=EXPAND+array_index=const,array=RAM,unroll_times=0,folding=1,func=inline,ARRAY_1~array=EXPAND+array_index=const;ARRAY_2~array=EXPAND+array_index=const;ARRAY_3~array=RAM;LOOP_1~unroll_times=0;LOOP_2~folding=1;FUNC_1~func=inline
9067,23,388,600,8516,24,22262,3379,139,15.64,320,0,-50,array=EXPAND+array_index=const,array=EXPAND+array_index=const,array=RAM,unroll_times=0,folding=1,func=inline,ARRAY_1~array=EXPAND+array_index=const;ARRAY_2~array=EXPAND+array_index=const;ARRAY_3~array=RAM;LOOP_1~unroll_times=0;LOOP_2~folding=1;FUNC_1~func=inline
9032,24,355,600,8513,26,22255,3410,138,16.503,320,0,-100,array=EXPAND+array_index=const,array=EXPAND+array_index=const,array=RAM,unroll_times=0,folding=1,func=inline,ARRAY_1~array=EXPAND+array_index=const;ARRAY_2~array=EXPAND+array_index=const;ARRAY_3~array=RAM;LOOP_1~unroll_times=0;LOOP_2~folding=1;FUNC_1~func=inline
8831,23,419,596,8225,24,21567,3452,163,16.503,320,0,0,array=EXPAND+array_index=const,array=EXPAND+array_index=const,array=RAM,folding=1,unroll_times=0,func=inline,ARRAY_1~array=EXPAND+array_index=const;ARRAY_2~array=EXPAND+array_index=const;ARRAY_3~array=RAM;LOOP_1~folding=1;LOOP_2~unroll_times=0;FUNC_1~func=inline
8857,23,419,596,8254,24,21681,3479,160,16.503,320,0,-50,array=EXPAND+array_index=const,array=EXPAND+array_index=const,array=RAM,folding=1,unroll_times=0,func=inline,ARRAY_1~array=EXPAND+array_index=const;ARRAY_2~array=EXPAND+array_index=const;ARRAY_3~array=RAM;LOOP_1~folding=1;LOOP_2~unroll_times=0;FUNC_1~func=inline
8619,24,353,629,8081,26,21242,3400,159,16.383,320,0,-100,array=EXPAND+array_index=const,array=EXPAND+array_index=const,array=RAM,folding=1,unroll_times=0,func=inline,ARRAY_1~array=EXPAND+array_index=const;ARRAY_2~array=EXPAND+array_index=const;ARRAY_3~array=RAM;LOOP_1~folding=1;LOOP_2~unroll_times=0;FUNC_1~func=inline
7012,22,254,657,6551,28,18179,2770,179,13.143,320,0,0,array=EXPAND+array_index=const,array=EXPAND+array_index=const,array=RAM,folding=1,folding=1,func=inline,ARRAY_1~array=EXPAND+array_index=const;ARRAY_2~array=EXPAND+array_index=const;ARRAY_3~array=RAM;LOOP_1~folding=1;LOOP_2~folding=1;FUNC_1~func=inline
7012,22,254,657,6551,28,18179,2770,179,13.143,320,0,-50,array=EXPAND+array_index=const,array=EXPAND+array_index=const,array=RAM,folding=1,folding=1,func=inline,ARRAY_1~array=EXPAND+array_index=const;ARRAY_2~array=EXPAND+array_index=const;ARRAY_3~array=RAM;LOOP_1~folding=1;LOOP_2~folding=1;FUNC_1~func=inline
7012,22,254,657,6551,28,18179,2770,179,13.143,320,0,-100,array=EXPAND+array_index=const,array=EXPAND+array_index=const,array=RAM,folding=1,folding=1,func=inline,ARRAY_1~array=EXPAND+array_index=const;ARRAY_2~array=EXPAND+array_index=const;ARRAY_3~array=RAM;LOOP_1~folding=1;LOOP_2~folding=1;FUNC_1~func=inline
9482,18,421,520,8961,18,21636,3159,82,13.4798,400,0,0,array=REG,array=REG,array=EXPAND+array_index=const,unroll_times=0,unroll_times=0,func=inline,ARRAY_1~array=REG;ARRAY_2~array=REG;ARRAY_3~array=EXPAND+array_index=const;LOOP_1~unroll_times=0;LOOP_2~unroll_times=0;FUNC_1~func=inline
9453,19,388,521,8961,18,21617,3132,86,13.4798,400,0,-50,array=REG,array=REG,array=EXPAND+array_index=const,unroll_times=0,unroll_times=0,func=inline,ARRAY_1~array=REG;ARRAY_2~array=REG;ARRAY_3~array=EXPAND+array_index=const;LOOP_1~unroll_times=0;LOOP_2~unroll_times=0;FUNC_1~func=inline
9571,19,223,581,9227,19,21852,3064,102,10.29,400,0,-100,array=REG,array=REG,array=EXPAND+array_index=const,unroll_times=0,unroll_times=0,func=inline,ARRAY_1~array=REG;ARRAY_2~array=REG;ARRAY_3~array=EXPAND+array_index=const;LOOP_1~unroll_times=0;LOOP_2~unroll_times=0;FUNC_1~func=inline
9442,27,322,521,8997,29,21642,3169,94,17.5198,400,0,0,array=REG,array=REG,array=EXPAND+array_index=const,unroll_times=0,folding=1,func=inline,ARRAY_1~array=REG;ARRAY_2~array=REG;ARRAY_3~array=EXPAND+array_index=const;LOOP_1~unroll_times=0;LOOP_2~folding=1;FUNC_1~func=inline
9442,27,322,521,8997,29,21642,3169,94,17.5198,400,0,-50,array=REG,array=REG,array=EXPAND+array_index=const,unroll_times=0,folding=1,func=inline,ARRAY_1~array=REG;ARRAY_2~array=REG;ARRAY_3~array=EXPAND+array_index=const;LOOP_1~unroll_times=0;LOOP_2~folding=1;FUNC_1~func=inline
9373,27,322,488,8927,29,21346,3136,95,16.9698,400,0,-100,array=REG,array=REG,array=EXPAND+array_index=const,unroll_times=0,folding=1,func=inline,ARRAY_1~array=REG;ARRAY_2~array=REG;ARRAY_3~array=EXPAND+array_index=const;LOOP_1~unroll_times=0;LOOP_2~folding=1;FUNC_1~func=inline
9470,27,419,520,8933,29,21586,3129,89,15.0098,400,0,0,array=REG,array=REG,array=EXPAND+array_index=const,folding=1,unroll_times=0,func=inline,ARRAY_1~array=REG;ARRAY_2~array=REG;ARRAY_3~array=EXPAND+array_index=const;LOOP_1~folding=1;LOOP_2~unroll_times=0;FUNC_1~func=inline
9470,27,419,520,8933,29,21586,3129,89,15.0098,400,0,-50,array=REG,array=REG,array=EXPAND+array_index=const,folding=1,unroll_times=0,func=inline,ARRAY_1~array=REG;ARRAY_2~array=REG;ARRAY_3~array=EXPAND+array_index=const;LOOP_1~folding=1;LOOP_2~unroll_times=0;FUNC_1~func=inline
9523,28,254,549,9129,31,21559,3032,109,9.9698,400,0,-100,array=REG,array=REG,array=EXPAND+array_index=const,folding=1,unroll_times=0,func=inline,ARRAY_1~array=REG;ARRAY_2~array=REG;ARRAY_3~array=EXPAND+array_index=const;LOOP_1~folding=1;LOOP_2~unroll_times=0;FUNC_1~func=inline
10326,25,386,938,9772,40,25189,4012,128,16.6298,400,0,0,array=REG,array=REG,array=EXPAND+array_index=const,folding=1,folding=1,func=inline,ARRAY_1~array=REG;ARRAY_2~array=REG;ARRAY_3~array=EXPAND+array_index=const;LOOP_1~folding=1;LOOP_2~folding=1;FUNC_1~func=inline
10326,25,386,938,9772,40,25189,4012,128,16.6298,400,0,-50,array=REG,array=REG,array=EXPAND+array_index=const,folding=1,folding=1,func=inline,ARRAY_1~array=REG;ARRAY_2~array=REG;ARRAY_3~array=EXPAND+array_index=const;LOOP_1~folding=1;LOOP_2~folding=1;FUNC_1~func=inline
9767,26,254,586,9329,40,23331,3255,144,11.19,400,0,-100,array=REG,array=REG,array=EXPAND+array_index=const,folding=1,folding=1,func=inline,ARRAY_1~array=REG;ARRAY_2~array=REG;ARRAY_3~array=EXPAND+array_index=const;LOOP_1~folding=1;LOOP_2~folding=1;FUNC_1~func=inline
9475,20,388,487,8960,21,21702,3143,106,15.158,400,0,0,array=REG,array=RAM,array=EXPAND+array_index=const,unroll_times=0,unroll_times=0,func=inline,ARRAY_1~array=REG;ARRAY_2~array=RAM;ARRAY_3~array=EXPAND+array_index=const;LOOP_1~unroll_times=0;LOOP_2~unroll_times=0;FUNC_1~func=inline
9444,21,355,488,8960,21,21677,3114,108,15.158,400,0,-50,array=REG,array=RAM,array=EXPAND+array_index=const,unroll_times=0,unroll_times=0,func=inline,ARRAY_1~array=REG;ARRAY_2~array=RAM;ARRAY_3~array=EXPAND+array_index=const;LOOP_1~unroll_times=0;LOOP_2~unroll_times=0;FUNC_1~func=inline
9286,21,289,516,8888,22,21205,3050,87,15.158,400,0,-100,array=REG,array=RAM,array=EXPAND+array_index=const,unroll_times=0,unroll_times=0,func=inline,ARRAY_1~array=REG;ARRAY_2~array=RAM;ARRAY_3~array=EXPAND+array_index=const;LOOP_1~unroll_times=0;LOOP_2~unroll_times=0;FUNC_1~func=inline
9561,29,355,520,9056,32,21982,3248,118,15.168,400,0,0,array=REG,array=RAM,array=EXPAND+array_index=const,unroll_times=0,folding=1,func=inline,ARRAY_1~array=REG;ARRAY_2~array=RAM;ARRAY_3~array=EXPAND+array_index=const;LOOP_1~unroll_times=0;LOOP_2~folding=1;FUNC_1~func=inline
9561,29,355,520,9056,32,21982,3248,118,15.168,400,0,-50,array=REG,array=RAM,array=EXPAND+array_index=const,unroll_times=0,folding=1,func=inline,ARRAY_1~array=REG;ARRAY_2~array=RAM;ARRAY_3~array=EXPAND+array_index=const;LOOP_1~unroll_times=0;LOOP_2~folding=1;FUNC_1~func=inline
9563,29,355,520,9056,32,22051,3250,120,15.168,400,0,-100,array=REG,array=RAM,array=EXPAND+array_index=const,unroll_times=0,folding=1,func=inline,ARRAY_1~array=REG;ARRAY_2~array=RAM;ARRAY_3~array=EXPAND+array_index=const;LOOP_1~unroll_times=0;LOOP_2~folding=1;FUNC_1~func=inline
9441,29,353,488,8935,32,21588,3157,121,14.638,400,0,0,array=REG,array=RAM,array=EXPAND+array_index=const,folding=1,unroll_times=0,func=inline,ARRAY_1~array=REG;ARRAY_2~array=RAM;ARRAY_3~array=EXPAND+array_index=const;LOOP_1~folding=1;LOOP_2~unroll_times=0;FUNC_1~func=inline
9441,29,353,488,8935,32,21588,3157,121,14.638,400,0,-50,array=REG,array=RAM,array=EXPAND+array_index=const,folding=1,unroll_times=0,func=inline,ARRAY_1~array=REG;ARRAY_2~array=RAM;ARRAY_3~array=EXPAND+array_index=const;LOOP_1~folding=1;LOOP_2~unroll_times=0;FUNC_1~func=inline
9320,30,320,488,8865,33,21234,3064,102,14.898,400,0,-100,array=REG,array=RAM,array=EXPAND+array_index=const,folding=1,unroll_times=0,func=inline,ARRAY_1~array=REG;ARRAY_2~array=RAM;ARRAY_3~array=EXPAND+array_index=const;LOOP_1~folding=1;LOOP_2~unroll_times=0;FUNC_1~func=inline
9907,29,254,914,9475,40,23825,3495,138,11.25,400,0,0,array=REG,array=RAM,array=EXPAND+array_index=const,folding=1,folding=1,func=inline,ARRAY_1~array=REG;ARRAY_2~array=RAM;ARRAY_3~array=EXPAND+array_index=const;LOOP_1~folding=1;LOOP_2~folding=1;FUNC_1~func=inline
9907,29,254,914,9475,40,23825,3495,138,11.25,400,0,-50,array=REG,array=RAM,array=EXPAND+array_index=const,folding=1,folding=1,func=inline,ARRAY_1~array=REG;ARRAY_2~array=RAM;ARRAY_3~array=EXPAND+array_index=const;LOOP_1~folding=1;LOOP_2~folding=1;FUNC_1~func=inline
9907,29,254,914,9475,40,23825,3495,138,11.25,400,0,-100,array=REG,array=RAM,array=EXPAND+array_index=const,folding=1,folding=1,func=inline,ARRAY_1~array=REG;ARRAY_2~array=RAM;ARRAY_3~array=EXPAND+array_index=const;LOOP_1~folding=1;LOOP_2~folding=1;FUNC_1~func=inline
16409,16,718,1346,15611,16,37530,5756,64,15.5555,80,0,0,array=REG,array=EXPAND+array_index=const,array=EXPAND+array_index=const,unroll_times=0,unroll_times=0,func=inline,ARRAY_1~array=REG;ARRAY_2~array=EXPAND+array_index=const;ARRAY_3~array=EXPAND+array_index=const;LOOP_1~unroll_times=0;LOOP_2~unroll_times=0;FUNC_1~func=inline
15634,17,388,840,15168,16,34705,4753,62,12.8875,80,0,-50,array=REG,array=EXPAND+array_index=const,array=EXPAND+array_index=const,unroll_times=0,unroll_times=0,func=inline,ARRAY_1~array=REG;ARRAY_2~array=EXPAND+array_index=const;ARRAY_3~array=EXPAND+array_index=const;LOOP_1~unroll_times=0;LOOP_2~unroll_times=0;FUNC_1~func=inline
16086,18,355,2092,15657,18,37826,6195,56,12.77,80,0,-100,array=REG,array=EXPAND+array_index=const,array=EXPAND+array_index=const,unroll_times=0,unroll_times=0,func=inline,ARRAY_1~array=REG;ARRAY_2~array=EXPAND+array_index=const;ARRAY_3~array=EXPAND+array_index=const;LOOP_1~unroll_times=0;LOOP_2~unroll_times=0;FUNC_1~func=inline
16400,25,685,1347,15614,27,37487,5762,74,15.5555,80,0,0,array=REG,array=EXPAND+array_index=const,array=EXPAND+array_index=const,unroll_times=0,folding=1,func=inline,ARRAY_1~array=REG;ARRAY_2~array=EXPAND+array_index=const;ARRAY_3~array=EXPAND+array_index=const;LOOP_1~unroll_times=0;LOOP_2~folding=1;FUNC_1~func=inline
15629,25,388,840,15141,27,34707,4794,73,13.5775,80,0,-50,array=REG,array=EXPAND+array_index=const,array=EXPAND+array_index=const,unroll_times=0,folding=1,func=inline,ARRAY_1~array=REG;ARRAY_2~array=EXPAND+array_index=const;ARRAY_3~array=EXPAND+array_index=const;LOOP_1~unroll_times=0;LOOP_2~folding=1;FUNC_1~func=inline
16187,26,355,1380,15726,28,37619,5579,78,12.72,80,0,-100,array=REG,array=EXPAND+array_index=const,array=EXPAND+array_index=const,unroll_times=0,folding=1,func=inline,ARRAY_1~array=REG;ARRAY_2~array=EXPAND+array_index=const;ARRAY_3~array=EXPAND+array_index=const;LOOP_1~unroll_times=0;LOOP_2~folding=1;FUNC_1~func=inline
16461,25,716,1346,15649,27,37740,5803,69,16.3798,80,0,0,array=REG,array=EXPAND+array_index=const,array=EXPAND+array_index=const,folding=1,unroll_times=0,func=inline,ARRAY_1~array=REG;ARRAY_2~array=EXPAND+array_index=const;ARRAY_3~array=EXPAND+array_index=const;LOOP_1~folding=1;LOOP_2~unroll_times=0;FUNC_1~func=inline
15737,26,353,840,15287,27,35151,4834,70,15.8198,80,0,-50,array=REG,array=EXPAND+array_index=const,array=EXPAND+array_index=const,folding=1,unroll_times=0,func=inline,ARRAY_1~array=REG;ARRAY_2~array=EXPAND+array_index=const;ARRAY_3~array=EXPAND+array_index=const;LOOP_1~folding=1;LOOP_2~unroll_times=0;FUNC_1~func=inline
15960,27,353,1381,15504,29,36924,5434,74,15.8198,80,0,-100,array=REG,array=EXPAND+array_index=const,array=EXPAND+array_index=const,folding=1,unroll_times=0,func=inline,ARRAY_1~array=REG;ARRAY_2~array=EXPAND+array_index=const;ARRAY_3~array=EXPAND+array_index=const;LOOP_1~folding=1;LOOP_2~unroll_times=0;FUNC_1~func=inline
18098,25,419,835,17541,40,43435,5496,98,17.3223,80,0,0,array=REG,array=EXPAND+array_index=const,array=EXPAND+array_index=const,folding=1,folding=1,func=inline,ARRAY_1~array=REG;ARRAY_2~array=EXPAND+array_index=const;ARRAY_3~array=EXPAND+array_index=const;LOOP_1~folding=1;LOOP_2~folding=1;FUNC_1~func=inline
17655,25,452,1233,17030,40,41692,5976,133,17.1198,80,0,-50,array=REG,array=EXPAND+array_index=const,array=EXPAND+array_index=const,folding=1,folding=1,func=inline,ARRAY_1~array=REG;ARRAY_2~array=EXPAND+array_index=const;ARRAY_3~array=EXPAND+array_index=const;LOOP_1~folding=1;LOOP_2~folding=1;FUNC_1~func=inline
16826,27,254,1261,16381,40,39621,5775,151,11.4346,80,0,-100,array=REG,array=EXPAND+array_index=const,array=EXPAND+array_index=const,folding=1,folding=1,func=inline,ARRAY_1~array=REG;ARRAY_2~array=EXPAND+array_index=const;ARRAY_3~array=EXPAND+array_index=const;LOOP_1~folding=1;LOOP_2~folding=1;FUNC_1~func=inline
9956,20,355,745,9501,21,23156,3698,79,13.3173,400,0,0,array=RAM,array=REG,array=EXPAND+array_index=const,unroll_times=0,unroll_times=0,func=inline,ARRAY_1~array=RAM;ARRAY_2~array=REG;ARRAY_3~array=EXPAND+array_index=const;LOOP_1~unroll_times=0;LOOP_2~unroll_times=0;FUNC_1~func=inline
9956,20,355,745,9501,21,23156,3698,79,13.3173,400,0,-50,array=RAM,array=REG,array=EXPAND+array_index=const,unroll_times=0,unroll_times=0,func=inline,ARRAY_1~array=RAM;ARRAY_2~array=REG;ARRAY_3~array=EXPAND+array_index=const;LOOP_1~unroll_times=0;LOOP_2~unroll_times=0;FUNC_1~func=inline
9679,21,355,905,9226,21,22506,3509,77,13.3173,400,0,-100,array=RAM,array=REG,array=EXPAND+array_index=const,unroll_times=0,unroll_times=0,func=inline,ARRAY_1~array=RAM;ARRAY_2~array=REG;ARRAY_3~array=EXPAND+array_index=const;LOOP_1~unroll_times=0;LOOP_2~unroll_times=0;FUNC_1~func=inline
9581,30,355,619,9083,32,22096,3281,111,15.6275,400,0,0,array=RAM,array=REG,array=EXPAND+array_index=const,unroll_times=0,folding=1,func=inline,ARRAY_1~array=RAM;ARRAY_2~array=REG;ARRAY_3~array=EXPAND+array_index=const;LOOP_1~unroll_times=0;LOOP_2~folding=1;FUNC_1~func=inline
9581,30,355,619,9083,32,22096,3281,111,15.6275,400,0,-50,array=RAM,array=REG,array=EXPAND+array_index=const,unroll_times=0,folding=1,func=inline,ARRAY_1~array=RAM;ARRAY_2~array=REG;ARRAY_3~array=EXPAND+array_index=const;LOOP_1~unroll_times=0;LOOP_2~folding=1;FUNC_1~func=inline
9640,30,322,586,9176,32,22179,3341,110,19.9498,400,0,-100,array=RAM,array=REG,array=EXPAND+array_index=const,unroll_times=0,folding=1,func=inline,ARRAY_1~array=RAM;ARRAY_2~array=REG;ARRAY_3~array=EXPAND+array_index=const;LOOP_1~unroll_times=0;LOOP_2~folding=1;FUNC_1~func=inline
9999,27,320,810,9538,32,23341,3745,109,14.4623,400,0,0,array=RAM,array=REG,array=EXPAND+array_index=const,folding=1,unroll_times=0,func=inline,ARRAY_1~array=RAM;ARRAY_2~array=REG;ARRAY_3~array=EXPAND+array_index=const;LOOP_1~folding=1;LOOP_2~unroll_times=0;FUNC_1~func=inline
9999,27,320,810,9538,32,23341,3745,109,14.4623,400,0,-50,array=RAM,array=REG,array=EXPAND+array_index=const,folding=1,unroll_times=0,func=inline,ARRAY_1~array=RAM;ARRAY_2~array=REG;ARRAY_3~array=EXPAND+array_index=const;LOOP_1~folding=1;LOOP_2~unroll_times=0;FUNC_1~func=inline
9744,27,254,648,9334,32,22418,3230,124,10,400,0,-100,array=RAM,array=REG,array=EXPAND+array_index=const,folding=1,unroll_times=0,func=inline,ARRAY_1~array=RAM;ARRAY_2~array=REG;ARRAY_3~array=EXPAND+array_index=const;LOOP_1~folding=1;LOOP_2~unroll_times=0;FUNC_1~func=inline
10402,28,320,1006,9875,42,25393,3963,165,17.6623,400,0,0,array=RAM,array=REG,array=EXPAND+array_index=const,folding=1,folding=1,func=inline,ARRAY_1~array=RAM;ARRAY_2~array=REG;ARRAY_3~array=EXPAND+array_index=const;LOOP_1~folding=1;LOOP_2~folding=1;FUNC_1~func=inline
10402,28,320,1006,9875,42,25393,3963,165,17.6623,400,0,-50,array=RAM,array=REG,array=EXPAND+array_index=const,folding=1,folding=1,func=inline,ARRAY_1~array=RAM;ARRAY_2~array=REG;ARRAY_3~array=EXPAND+array_index=const;LOOP_1~folding=1;LOOP_2~folding=1;FUNC_1~func=inline
10019,31,254,653,9538,42,23957,3223,185,11.51,400,0,-100,array=RAM,array=REG,array=EXPAND+array_index=const,folding=1,folding=1,func=inline,ARRAY_1~array=RAM;ARRAY_2~array=REG;ARRAY_3~array=EXPAND+array_index=const;LOOP_1~folding=1;LOOP_2~folding=1;FUNC_1~func=inline
9636,24,289,905,9232,24,22414,3423,91,15.158,400,0,0,array=RAM,array=RAM,array=EXPAND+array_index=const,unroll_times=0,unroll_times=0,func=inline,ARRAY_1~array=RAM;ARRAY_2~array=RAM;ARRAY_3~array=EXPAND+array_index=const;LOOP_1~unroll_times=0;LOOP_2~unroll_times=0;FUNC_1~func=inline
9636,24,289,905,9232,24,22414,3423,91,15.158,400,0,-50,array=RAM,array=RAM,array=EXPAND+array_index=const,unroll_times=0,unroll_times=0,func=inline,ARRAY_1~array=RAM;ARRAY_2~array=RAM;ARRAY_3~array=EXPAND+array_index=const;LOOP_1~unroll_times=0;LOOP_2~unroll_times=0;FUNC_1~func=inline
9636,24,289,905,9232,24,22414,3423,91,15.158,400,0,-100,array=RAM,array=RAM,array=EXPAND+array_index=const,unroll_times=0,unroll_times=0,func=inline,ARRAY_1~array=RAM;ARRAY_2~array=RAM;ARRAY_3~array=EXPAND+array_index=const;LOOP_1~unroll_times=0;LOOP_2~unroll_times=0;FUNC_1~func=inline
9560,32,322,586,9073,34,22010,3251,131,15.4598,400,0,0,array=RAM,array=RAM,array=EXPAND+array_index=const,unroll_times=0,folding=1,func=inline,ARRAY_1~array=RAM;ARRAY_2~array=RAM;ARRAY_3~array=EXPAND+array_index=const;LOOP_1~unroll_times=0;LOOP_2~folding=1;FUNC_1~func=inline
9560,32,322,586,9073,34,22010,3251,131,15.4598,400,0,-50,array=RAM,array=RAM,array=EXPAND+array_index=const,unroll_times=0,folding=1,func=inline,ARRAY_1~array=RAM;ARRAY_2~array=RAM;ARRAY_3~array=EXPAND+array_index=const;LOOP_1~unroll_times=0;LOOP_2~folding=1;FUNC_1~func=inline
9560,32,322,586,9073,34,22010,3251,131,15.4598,400,0,-100,array=RAM,array=RAM,array=EXPAND+array_index=const,unroll_times=0,folding=1,func=inline,ARRAY_1~array=RAM;ARRAY_2~array=RAM;ARRAY_3~array=EXPAND+array_index=const;LOOP_1~unroll_times=0;LOOP_2~folding=1;FUNC_1~func=inline
9813,29,287,939,9371,34,22866,3501,121,15.158,400,0,0,array=RAM,array=RAM,array=EXPAND+array_index=const,folding=1,unroll_times=0,func=inline,ARRAY_1~array=RAM;ARRAY_2~array=RAM;ARRAY_3~array=EXPAND+array_index=const;LOOP_1~folding=1;LOOP_2~unroll_times=0;FUNC_1~func=inline
9813,29,287,939,9371,34,22866,3501,121,15.158,400,0,-50,array=RAM,array=RAM,array=EXPAND+array_index=const,folding=1,unroll_times=0,func=inline,ARRAY_1~array=RAM;ARRAY_2~array=RAM;ARRAY_3~array=EXPAND+array_index=const;LOOP_1~folding=1;LOOP_2~unroll_times=0;FUNC_1~func=inline
9813,29,287,939,9371,34,22866,3501,121,15.158,400,0,-100,array=RAM,array=RAM,array=EXPAND+array_index=const,folding=1,unroll_times=0,func=inline,ARRAY_1~array=RAM;ARRAY_2~array=RAM;ARRAY_3~array=EXPAND+array_index=const;LOOP_1~folding=1;LOOP_2~unroll_times=0;FUNC_1~func=inline
10025,29,254,622,9540,42,23951,3209,189,11.24,400,0,0,array=RAM,array=RAM,array=EXPAND+array_index=const,folding=1,folding=1,func=inline,ARRAY_1~array=RAM;ARRAY_2~array=RAM;ARRAY_3~array=EXPAND+array_index=const;LOOP_1~folding=1;LOOP_2~folding=1;FUNC_1~func=inline
10025,29,254,622,9540,42,23951,3209,189,11.24,400,0,-50,array=RAM,array=RAM,array=EXPAND+array_index=const,folding=1,folding=1,func=inline,ARRAY_1~array=RAM;ARRAY_2~array=RAM;ARRAY_3~array=EXPAND+array_index=const;LOOP_1~folding=1;LOOP_2~folding=1;FUNC_1~func=inline
10025,29,254,622,9540,42,23951,3209,189,11.24,400,0,-100,array=RAM,array=RAM,array=EXPAND+array_index=const,folding=1,folding=1,func=inline,ARRAY_1~array=RAM;ARRAY_2~array=RAM;ARRAY_3~array=EXPAND+array_index=const;LOOP_1~folding=1;LOOP_2~folding=1;FUNC_1~func=inline
15615,19,421,905,15121,18,34745,4754,55,14.0073,80,0,0,array=RAM,array=EXPAND+array_index=const,array=EXPAND+array_index=const,unroll_times=0,unroll_times=0,func=inline,ARRAY_1~array=RAM;ARRAY_2~array=EXPAND+array_index=const;ARRAY_3~array=EXPAND+array_index=const;LOOP_1~unroll_times=0;LOOP_2~unroll_times=0;FUNC_1~func=inline
15615,19,421,905,15121,18,34745,4754,55,14.0073,80,0,-50,array=RAM,array=EXPAND+array_index=const,array=EXPAND+array_index=const,unroll_times=0,unroll_times=0,func=inline,ARRAY_1~array=RAM;ARRAY_2~array=EXPAND+array_index=const;ARRAY_3~array=EXPAND+array_index=const;LOOP_1~unroll_times=0;LOOP_2~unroll_times=0;FUNC_1~func=inline
15677,20,421,869,15183,19,34947,4738,54,14.0073,80,0,-100,array=RAM,array=EXPAND+array_index=const,array=EXPAND+array_index=const,unroll_times=0,unroll_times=0,func=inline,ARRAY_1~array=RAM;ARRAY_2~array=EXPAND+array_index=const;ARRAY_3~array=EXPAND+array_index=const;LOOP_1~unroll_times=0;LOOP_2~unroll_times=0;FUNC_1~func=inline
16549,28,652,1349,15777,29,37948,5773,91,17.3398,80,0,0,array=RAM,array=EXPAND+array_index=const,array=EXPAND+array_index=const,unroll_times=0,folding=1,func=inline,ARRAY_1~array=RAM;ARRAY_2~array=EXPAND+array_index=const;ARRAY_3~array=EXPAND+array_index=const;LOOP_1~unroll_times=0;LOOP_2~folding=1;FUNC_1~func=inline
15956,28,388,939,15450,29,35794,5000,89,17.3398,80,0,-50,array=RAM,array=EXPAND+array_index=const,array=EXPAND+array_index=const,unroll_times=0,folding=1,func=inline,ARRAY_1~array=RAM;ARRAY_2~array=EXPAND+array_index=const;ARRAY_3~array=EXPAND+array_index=const;LOOP_1~unroll_times=0;LOOP_2~folding=1;FUNC_1~func=inline
16207,29,355,1382,15729,31,37475,5459,92,16.8698,80,0,-100,array=RAM,array=EXPAND+array_index=const,array=EXPAND+array_index=const,unroll_times=0,folding=1,func=inline,ARRAY_1~array=RAM;ARRAY_2~array=EXPAND+array_index=const;ARRAY_3~array=EXPAND+array_index=const;LOOP_1~unroll_times=0;LOOP_2~folding=1;FUNC_1~func=inline
15819,25,287,939,15413,29,35639,4934,90,16.9223,80,0,0,array=RAM,array=EXPAND+array_index=const,array=EXPAND+array_index=const,folding=1,unroll_times=0,func=inline,ARRAY_1~array=RAM;ARRAY_2~array=EXPAND+array_index=const;ARRAY_3~array=EXPAND+array_index=const;LOOP_1~folding=1;LOOP_2~unroll_times=0;FUNC_1~func=inline
15819,25,287,939,15413,29,35639,4934,90,16.9223,80,0,-50,array=RAM,array=EXPAND+array_index=const,array=EXPAND+array_index=const,folding=1,unroll_times=0,func=inline,ARRAY_1~array=RAM;ARRAY_2~array=EXPAND+array_index=const;ARRAY_3~array=EXPAND+array_index=const;LOOP_1~folding=1;LOOP_2~unroll_times=0;FUNC_1~func=inline
16033,26,320,1414,15593,31,37241,5453,89,15.8223,80,0,-100,array=RAM,array=EXPAND+array_index=const,array=EXPAND+array_index=const,folding=1,unroll_times=0,func=inline,ARRAY_1~array=RAM;ARRAY_2~array=EXPAND+array_index=const;ARRAY_3~array=EXPAND+array_index=const;LOOP_1~folding=1;LOOP_2~unroll_times=0;FUNC_1~func=inline
18208,32,353,872,17669,42,43620,5522,144,17.2748,80,0,0,array=RAM,array=EXPAND+array_index=const,array=EXPAND+array_index=const,folding=1,folding=1,func=inline,ARRAY_1~array=RAM;ARRAY_2~array=EXPAND+array_index=const;ARRAY_3~array=EXPAND+array_index=const;LOOP_1~folding=1;LOOP_2~folding=1;FUNC_1~func=inline
17758,31,386,1301,17153,42,41886,5837,177,17.7148,80,0,-50,array=RAM,array=EXPAND+array_index=const,array=EXPAND+array_index=const,folding=1,folding=1,func=inline,ARRAY_1~array=RAM;ARRAY_2~array=EXPAND+array_index=const;ARRAY_3~array=EXPAND+array_index=const;LOOP_1~folding=1;LOOP_2~folding=1;FUNC_1~func=inline
17078,32,254,1297,16590,42,40337,5805,192,11.44,80,0,-100,array=RAM,array=EXPAND+array_index=const,array=EXPAND+array_index=const,folding=1,folding=1,func=inline,ARRAY_1~array=RAM;ARRAY_2~array=EXPAND+array_index=const;ARRAY_3~array=EXPAND+array_index=const;LOOP_1~folding=1;LOOP_2~folding=1;FUNC_1~func=inline
11035,9,421,1019,10468,9,26607,4314,137,19.5228,320,0,0,array=EXPAND+array_index=const,array=REG,array=EXPAND+array_index=const,unroll_times=0,unroll_times=0,func=inline,ARRAY_1~array=EXPAND+array_index=const;ARRAY_2~array=REG;ARRAY_3~array=EXPAND+array_index=const;LOOP_1~unroll_times=0;LOOP_2~unroll_times=0;FUNC_1~func=inline
10885,10,355,981,10397,10,26032,4135,123,10.148,320,0,-50,array=EXPAND+array_index=const,array=REG,array=EXPAND+array_index=const,unroll_times=0,unroll_times=0,func=inline,ARRAY_1~array=EXPAND+array_index=const;ARRAY_2~array=REG;ARRAY_3~array=EXPAND+array_index=const;LOOP_1~unroll_times=0;LOOP_2~unroll_times=0;FUNC_1~func=inline
10645,12,223,656,10255,12,25063,3571,155,14.436,320,0,-100,array=EXPAND+array_index=const,array=REG,array=EXPAND+array_index=const,unroll_times=0,unroll_times=0,func=inline,ARRAY_1~array=EXPAND+array_index=const;ARRAY_2~array=REG;ARRAY_3~array=EXPAND+array_index=const;LOOP_1~unroll_times=0;LOOP_2~unroll_times=0;FUNC_1~func=inline
10675,18,388,600,10148,18,25382,3820,121,15.7978,320,0,0,array=EXPAND+array_index=const,array=REG,array=EXPAND+array_index=const,unroll_times=0,folding=1,func=inline,ARRAY_1~array=EXPAND+array_index=const;ARRAY_2~array=REG;ARRAY_3~array=EXPAND+array_index=const;LOOP_1~unroll_times=0;LOOP_2~folding=1;FUNC_1~func=inline
10675,18,388,600,10148,18,25382,3820,121,15.7978,320,0,-50,array=EXPAND+array_index=const,array=REG,array=EXPAND+array_index=const,unroll_times=0,folding=1,func=inline,ARRAY_1~array=EXPAND+array_index=const;ARRAY_2~array=REG;ARRAY_3~array=EXPAND+array_index=const;LOOP_1~unroll_times=0;LOOP_2~folding=1;FUNC_1~func=inline
10693,20,223,661,10302,21,25243,3606,147,13.063,320,0,-100,array=EXPAND+array_index=const,array=REG,array=EXPAND+array_index=const,unroll_times=0,folding=1,func=inline,ARRAY_1~array=EXPAND+array_index=const;ARRAY_2~array=REG;ARRAY_3~array=EXPAND+array_index=const;LOOP_1~unroll_times=0;LOOP_2~folding=1;FUNC_1~func=inline
11444,18,452,984,10873,18,27055,4214,101,14.4598,320,0,0,array=EXPAND+array_index=const,array=REG,array=EXPAND+array_index=const,folding=1,unroll_times=0,func=inline,ARRAY_1~array=EXPAND+array_index=const;ARRAY_2~array=REG;ARRAY_3~array=EXPAND+array_index=const;LOOP_1~folding=1;LOOP_2~unroll_times=0;FUNC_1~func=inline
11471,19,419,981,10915,19,27306,4317,118,14.4598,320,0,-50,array=EXPAND+array_index=const,array=REG,array=EXPAND+array_index=const,folding=1,unroll_times=0,func=inline,ARRAY_1~array=EXPAND+array_index=const;ARRAY_2~array=REG;ARRAY_3~array=EXPAND+array_index=const;LOOP_1~folding=1;LOOP_2~unroll_times=0;FUNC_1~func=inline
11093,20,287,625,10665,21,25683,3564,120,11.4928,320,0,-100,array=EXPAND+array_index=const,array=REG,array=EXPAND+array_index=const,folding=1,unroll_times=0,func=inline,ARRAY_1~array=EXPAND+array_index=const;ARRAY_2~array=REG;ARRAY_3~array=EXPAND+array_index=const;LOOP_1~folding=1;LOOP_2~unroll_times=0;FUNC_1~func=inline
11420,16,353,1044,10840,27,28561,4714,200,16.4337,320,0,0,array=EXPAND+array_index=const,array=REG,array=EXPAND+array_index=const,folding=1,folding=1,func=inline,ARRAY_1~array=EXPAND+array_index=const;ARRAY_2~array=REG;ARRAY_3~array=EXPAND+array_index=const;LOOP_1~folding=1;LOOP_2~folding=1;FUNC_1~func=inline
11420,16,353,1044,10840,27,28561,4714,200,16.4337,320,0,-50,array=EXPAND+array_index=const,array=REG,array=EXPAND+array_index=const,folding=1,folding=1,func=inline,ARRAY_1~array=EXPAND+array_index=const;ARRAY_2~array=REG;ARRAY_3~array=EXPAND+array_index=const;LOOP_1~folding=1;LOOP_2~folding=1;FUNC_1~func=inline
10939,17,287,721,10464,27,27162,3889,161,11.656,320,0,-100,array=EXPAND+array_index=const,array=REG,array=EXPAND+array_index=const,folding=1,folding=1,func=inline,ARRAY_1~array=EXPAND+array_index=const;ARRAY_2~array=REG;ARRAY_3~array=EXPAND+array_index=const;LOOP_1~folding=1;LOOP_2~folding=1;FUNC_1~func=inline
10996,11,421,986,10405,11,26497,4172,159,15.158,320,0,0,array=EXPAND+array_index=const,array=RAM,array=EXPAND+array_index=const,unroll_times=0,unroll_times=0,func=inline,ARRAY_1~array=EXPAND+array_index=const;ARRAY_2~array=RAM;ARRAY_3~array=EXPAND+array_index=const;LOOP_1~unroll_times=0;LOOP_2~unroll_times=0;FUNC_1~func=inline
10433,12,322,592,9966,12,24600,3547,133,15.158,320,0,-50,array=EXPAND+array_index=const,array=RAM,array=EXPAND+array_index=const,unroll_times=0,unroll_times=0,func=inline,ARRAY_1~array=EXPAND+array_index=const;ARRAY_2~array=RAM;ARRAY_3~array=EXPAND+array_index=const;LOOP_1~unroll_times=0;LOOP_2~unroll_times=0;FUNC_1~func=inline
10446,14,256,595,10040,14,24758,3586,136,18.4023,320,0,-100,array=EXPAND+array_index=const,array=RAM,array=EXPAND+array_index=const,unroll_times=0,unroll_times=0,func=inline,ARRAY_1~array=EXPAND+array_index=const;ARRAY_2~array=RAM;ARRAY_3~array=EXPAND+array_index=const;LOOP_1~unroll_times=0;LOOP_2~unroll_times=0;FUNC_1~func=inline
10549,20,355,568,10028,21,24945,3625,145,15.7978,320,0,0,array=EXPAND+array_index=const,array=RAM,array=EXPAND+array_index=const,unroll_times=0,folding=1,func=inline,ARRAY_1~array=EXPAND+array_index=const;ARRAY_2~array=RAM;ARRAY_3~array=EXPAND+array_index=const;LOOP_1~unroll_times=0;LOOP_2~folding=1;FUNC_1~func=inline
10549,20,355,568,10028,21,24945,3625,145,15.7978,320,0,-50,array=EXPAND+array_index=const,array=RAM,array=EXPAND+array_index=const,unroll_times=0,folding=1,func=inline,ARRAY_1~array=EXPAND+array_index=const;ARRAY_2~array=RAM;ARRAY_3~array=EXPAND+array_index=const;LOOP_1~unroll_times=0;LOOP_2~folding=1;FUNC_1~func=inline
10657,22,289,596,10187,23,25395,3715,158,17.7523,320,0,-100,array=EXPAND+array_index=const,array=RAM,array=EXPAND+array_index=const,unroll_times=0,folding=1,func=inline,ARRAY_1~array=EXPAND+array_index=const;ARRAY_2~array=RAM;ARRAY_3~array=EXPAND+array_index=const;LOOP_1~unroll_times=0;LOOP_2~folding=1;FUNC_1~func=inline
11313,20,386,952,10783,21,26769,4078,123,16.5598,320,0,0,array=EXPAND+array_index=const,array=RAM,array=EXPAND+array_index=const,folding=1,unroll_times=0,func=inline,ARRAY_1~array=EXPAND+array_index=const;ARRAY_2~array=RAM;ARRAY_3~array=EXPAND+array_index=const;LOOP_1~folding=1;LOOP_2~unroll_times=0;FUNC_1~func=inline
10872,21,386,560,10352,22,25153,3527,112,15.158,320,0,-50,array=EXPAND+array_index=const,array=RAM,array=EXPAND+array_index=const,folding=1,unroll_times=0,func=inline,ARRAY_1~array=EXPAND+array_index=const;ARRAY_2~array=RAM;ARRAY_3~array=EXPAND+array_index=const;LOOP_1~folding=1;LOOP_2~unroll_times=0;FUNC_1~func=inline
10733,22,320,560,10289,23,24786,3486,101,15.158,320,0,-100,array=EXPAND+array_index=const,array=RAM,array=EXPAND+array_index=const,folding=1,unroll_times=0,func=inline,ARRAY_1~array=EXPAND+array_index=const;ARRAY_2~array=RAM;ARRAY_3~array=EXPAND+array_index=const;LOOP_1~folding=1;LOOP_2~unroll_times=0;FUNC_1~func=inline
10940,19,254,630,10469,27,27152,3766,190,13.833,320,0,0,array=EXPAND+array_index=const,array=RAM,array=EXPAND+array_index=const,folding=1,folding=1,func=inline,ARRAY_1~array=EXPAND+array_index=const;ARRAY_2~array=RAM;ARRAY_3~array=EXPAND+array_index=const;LOOP_1~folding=1;LOOP_2~folding=1;FUNC_1~func=inline
10940,19,254,630,10469,27,27152,3766,190,13.833,320,0,-50,array=EXPAND+array_index=const,array=RAM,array=EXPAND+array_index=const,folding=1,folding=1,func=inline,ARRAY_1~array=EXPAND+array_index=const;ARRAY_2~array=RAM;ARRAY_3~array=EXPAND+array_index=const;LOOP_1~folding=1;LOOP_2~folding=1;FUNC_1~func=inline
10940,19,254,630,10469,27,27152,3766,190,13.833,320,0,-100,array=EXPAND+array_index=const,array=RAM,array=EXPAND+array_index=const,folding=1,folding=1,func=inline,ARRAY_1~array=EXPAND+array_index=const;ARRAY_2~array=RAM;ARRAY_3~array=EXPAND+array_index=const;LOOP_1~folding=1;LOOP_2~folding=1;FUNC_1~func=inline
17497,7,751,1484,16624,7,40839,6319,115,15.5555,0,0,0,array=EXPAND+array_index=const,array=EXPAND+array_index=const,array=EXPAND+array_index=const,unroll_times=0,unroll_times=0,func=inline,ARRAY_1~array=EXPAND+array_index=const;ARRAY_2~array=EXPAND+array_index=const;ARRAY_3~array=EXPAND+array_index=const;LOOP_1~unroll_times=0;LOOP_2~unroll_times=0;FUNC_1~func=inline
17165,8,388,1455,16659,8,40342,5934,110,15.5555,0,0,-50,array=EXPAND+array_index=const,array=EXPAND+array_index=const,array=EXPAND+array_index=const,unroll_times=0,unroll_times=0,func=inline,ARRAY_1~array=EXPAND+array_index=const;ARRAY_2~array=EXPAND+array_index=const;ARRAY_3~array=EXPAND+array_index=const;LOOP_1~unroll_times=0;LOOP_2~unroll_times=0;FUNC_1~func=inline
17100,11,355,1455,16635,11,40313,5904,99,15.09,0,0,-100,array=EXPAND+array_index=const,array=EXPAND+array_index=const,array=EXPAND+array_index=const,unroll_times=0,unroll_times=0,func=inline,ARRAY_1~array=EXPAND+array_index=const;ARRAY_2~array=EXPAND+array_index=const;ARRAY_3~array=EXPAND+array_index=const;LOOP_1~unroll_times=0;LOOP_2~unroll_times=0;FUNC_1~func=inline
17563,16,718,1486,16710,16,41049,6369,119,17.45,0,0,0,array=EXPAND+array_index=const,array=EXPAND+array_index=const,array=EXPAND+array_index=const,unroll_times=0,folding=1,func=inline,ARRAY_1~array=EXPAND+array_index=const;ARRAY_2~array=EXPAND+array_index=const;ARRAY_3~array=EXPAND+array_index=const;LOOP_1~unroll_times=0;LOOP_2~folding=1;FUNC_1~func=inline
18143,16,553,1044,17441,16,41409,5819,133,17.92,0,0,-50,array=EXPAND+array_index=const,array=EXPAND+array_index=const,array=EXPAND+array_index=const,unroll_times=0,folding=1,func=inline,ARRAY_1~array=EXPAND+array_index=const;ARRAY_2~array=EXPAND+array_index=const;ARRAY_3~array=EXPAND+array_index=const;LOOP_1~unroll_times=0;LOOP_2~folding=1;FUNC_1~func=inline
17471,19,322,2204,17006,19,41918,6858,124,17.073,0,0,-100,array=EXPAND+array_index=const,array=EXPAND+array_index=const,array=EXPAND+array_index=const,unroll_times=0,folding=1,func=inline,ARRAY_1~array=EXPAND+array_index=const;ARRAY_2~array=EXPAND+array_index=const;ARRAY_3~array=EXPAND+array_index=const;LOOP_1~unroll_times=0;LOOP_2~folding=1;FUNC_1~func=inline
17918,16,749,1482,17068,16,41588,6383,85,16.5098,0,0,0,array=EXPAND+array_index=const,array=EXPAND+array_index=const,array=EXPAND+array_index=const,folding=1,unroll_times=0,func=inline,ARRAY_1~array=EXPAND+array_index=const;ARRAY_2~array=EXPAND+array_index=const;ARRAY_3~array=EXPAND+array_index=const;LOOP_1~folding=1;LOOP_2~unroll_times=0;FUNC_1~func=inline
17661,17,419,1452,17135,17,41255,6000,90,15.5555,0,0,-50,array=EXPAND+array_index=const,array=EXPAND+array_index=const,array=EXPAND+array_index=const,folding=1,unroll_times=0,func=inline,ARRAY_1~array=EXPAND+array_index=const;ARRAY_2~array=EXPAND+array_index=const;ARRAY_3~array=EXPAND+array_index=const;LOOP_1~folding=1;LOOP_2~unroll_times=0;FUNC_1~func=inline
17046,19,419,1464,16502,19,39893,5823,106,14.8773,0,0,-100,array=EXPAND+array_index=const,array=EXPAND+array_index=const,array=EXPAND+array_index=const,folding=1,unroll_times=0,func=inline,ARRAY_1~array=EXPAND+array_index=const;ARRAY_2~array=EXPAND+array_index=const;ARRAY_3~array=EXPAND+array_index=const;LOOP_1~folding=1;LOOP_2~unroll_times=0;FUNC_1~func=inline
18784,16,386,1194,18177,27,45189,6063,194,16.255,0,0,0,array=EXPAND+array_index=const,array=EXPAND+array_index=const,array=EXPAND+array_index=const,folding=1,folding=1,func=inline,ARRAY_1~array=EXPAND+array_index=const;ARRAY_2~array=EXPAND+array_index=const;ARRAY_3~array=EXPAND+array_index=const;LOOP_1~folding=1;LOOP_2~folding=1;FUNC_1~func=inline
18607,16,518,1404,17850,27,44358,6640,212,14.3173,0,0,-50,array=EXPAND+array_index=const,array=EXPAND+array_index=const,array=EXPAND+array_index=const,folding=1,folding=1,func=inline,ARRAY_1~array=EXPAND+array_index=const;ARRAY_2~array=EXPAND+array_index=const;ARRAY_3~array=EXPAND+array_index=const;LOOP_1~folding=1;LOOP_2~folding=1;FUNC_1~func=inline
17423,18,254,1330,16943,27,41241,5941,199,13.433,0,0,-100,array=EXPAND+array_index=const,array=EXPAND+array_index=const,array=EXPAND+array_index=const,folding=1,folding=1,func=inline,ARRAY_1~array=EXPAND+array_index=const;ARRAY_2~array=EXPAND+array_index=const;ARRAY_3~array=EXPAND+array_index=const;LOOP_1~folding=1;LOOP_2~folding=1;FUNC_1~func=inline
